Copyright 1986-2022 Xilinx, Inc. All Rights Reserved. Copyright 2022-2025 Advanced Micro Devices, Inc. All Rights Reserved.
-----------------------------------------------------------------------------------------------------------------------------------------------------------------------------------------------------------------------------------------------
| Tool Version : Vivado v.2025.2 (win64) Build 6299465 Fri Nov 14 19:35:11 GMT 2025
| Date         : Thu Aug  6 19:02:49 2026
| Host         : SanukaPCs running 64-bit major release  (build 9200)
| Command      : report_timing_summary -max_paths 10 -routable_nets -report_unconstrained -file lotus_axi4_wrapper_timing_summary_routed.rpt -pb lotus_axi4_wrapper_timing_summary_routed.pb -rpx lotus_axi4_wrapper_timing_summary_routed.rpx
| Design       : lotus_axi4_wrapper
| Device       : 7a200tl-ffv1156
| Speed File   : -2L  PRODUCTION 1.14 2018-01-25
| Design State : Routed
-----------------------------------------------------------------------------------------------------------------------------------------------------------------------------------------------------------------------------------------------

Timing Summary Report

------------------------------------------------------------------------------------------------
| Timer Settings
| --------------
------------------------------------------------------------------------------------------------

  Enable Multi Corner Analysis               :  Yes
  Enable Pessimism Removal                   :  Yes
  Pessimism Removal Resolution               :  Nearest Common Node
  Enable Input Delay Default Clock           :  No
  Enable Preset / Clear Arcs                 :  No
  Disable Flight Delays                      :  No
  Ignore I/O Paths                           :  No
  Timing Early Launch at Borrowing Latches   :  No
  Borrow Time for Max Delay Exceptions       :  Yes
  Merge Timing Exceptions                    :  Yes
  Inter-SLR Compensation                     :  Conservative

  Corner  Analyze    Analyze    
  Name    Max Paths  Min Paths  
  ------  ---------  ---------  
  Slow    Yes        Yes        
  Fast    Yes        Yes        


------------------------------------------------------------------------------------------------
| Report Methodology
| ------------------
------------------------------------------------------------------------------------------------

Rule     Severity  Description                                                Violations  
-------  --------  ---------------------------------------------------------  ----------  
LUTAR-1  Warning   LUT drives async reset alert                               1           
SYNTH-5  Warning   Mapped onto distributed RAM because of timing constraints  16          
SYNTH-6  Warning   Timing of a RAM block might be sub-optimal                 9           

Note: This report is based on the most recent report_methodology run and may not be up-to-date. Run report_methodology on the current design for the latest report.



check_timing report

Table of Contents
-----------------
1. checking no_clock (0)
2. checking constant_clock (0)
3. checking pulse_width_clock (0)
4. checking unconstrained_internal_endpoints (0)
5. checking no_input_delay (1)
6. checking no_output_delay (0)
7. checking multiple_clock (0)
8. checking generated_clocks (0)
9. checking loops (0)
10. checking partial_input_delay (0)
11. checking partial_output_delay (0)
12. checking latch_loops (0)

1. checking no_clock (0)
------------------------
 There are 0 register/latch pins with no clock.


2. checking constant_clock (0)
------------------------------
 There are 0 register/latch pins with constant_clock.


3. checking pulse_width_clock (0)
---------------------------------
 There are 0 register/latch pins which need pulse_width check


4. checking unconstrained_internal_endpoints (0)
------------------------------------------------
 There are 0 pins that are not constrained for maximum delay.

 There are 0 pins that are not constrained for maximum delay due to constant clock.


5. checking no_input_delay (1)
------------------------------
 There are 0 input ports with no input delay specified.

 There is 1 input port with no input delay but user has a false path constraint. (MEDIUM)


6. checking no_output_delay (0)
-------------------------------
 There are 0 ports with no output delay specified.

 There are 0 ports with no output delay but user has a false path constraint

 There are 0 ports with no output delay but with a timing clock defined on it or propagating through it


7. checking multiple_clock (0)
------------------------------
 There are 0 register/latch pins with multiple clocks.


8. checking generated_clocks (0)
--------------------------------
 There are 0 generated clocks that are not connected to a clock source.


9. checking loops (0)
---------------------
 There are 0 combinational loops in the design.


10. checking partial_input_delay (0)
------------------------------------
 There are 0 input ports with partial input delay specified.


11. checking partial_output_delay (0)
-------------------------------------
 There are 0 ports with partial output delay specified.


12. checking latch_loops (0)
----------------------------
 There are 0 combinational latch loops in the design through latch input



------------------------------------------------------------------------------------------------
| Design Timing Summary
| ---------------------
------------------------------------------------------------------------------------------------

    WNS(ns)      TNS(ns)  TNS Failing Endpoints  TNS Total Endpoints      WHS(ns)      THS(ns)  THS Failing Endpoints  THS Total Endpoints     WPWS(ns)     TPWS(ns)  TPWS Failing Endpoints  TPWS Total Endpoints  
    -------      -------  ---------------------  -------------------      -------      -------  ---------------------  -------------------     --------     --------  ----------------------  --------------------  
      0.141        0.000                      0               157103        0.020        0.000                      0               157103        4.646        0.000                       0                 49981  


All user specified timing constraints are met.


------------------------------------------------------------------------------------------------
| Clock Summary
| -------------
------------------------------------------------------------------------------------------------

Clock  Waveform(ns)       Period(ns)      Frequency(MHz)
-----  ------------       ----------      --------------
clk    {0.000 6.250}      12.500          80.000          


------------------------------------------------------------------------------------------------
| Intra Clock Table
| -----------------
------------------------------------------------------------------------------------------------

Clock             WNS(ns)      TNS(ns)  TNS Failing Endpoints  TNS Total Endpoints      WHS(ns)      THS(ns)  THS Failing Endpoints  THS Total Endpoints     WPWS(ns)     TPWS(ns)  TPWS Failing Endpoints  TPWS Total Endpoints  
-----             -------      -------  ---------------------  -------------------      -------      -------  ---------------------  -------------------     --------     --------  ----------------------  --------------------  
clk                 0.141        0.000                      0               150022        0.020        0.000                      0               150022        4.646        0.000                       0                 49981  


------------------------------------------------------------------------------------------------
| Inter Clock Table
| -----------------
------------------------------------------------------------------------------------------------

From Clock    To Clock          WNS(ns)      TNS(ns)  TNS Failing Endpoints  TNS Total Endpoints      WHS(ns)      THS(ns)  THS Failing Endpoints  THS Total Endpoints  
----------    --------          -------      -------  ---------------------  -------------------      -------      -------  ---------------------  -------------------  


------------------------------------------------------------------------------------------------
| Other Path Groups Table
| -----------------------
------------------------------------------------------------------------------------------------

Path Group         From Clock         To Clock               WNS(ns)      TNS(ns)  TNS Failing Endpoints  TNS Total Endpoints      WHS(ns)      THS(ns)  THS Failing Endpoints  THS Total Endpoints  
----------         ----------         --------               -------      -------  ---------------------  -------------------      -------      -------  ---------------------  -------------------  
**async_default**  clk                clk                      0.550        0.000                      0                 7081        2.330        0.000                      0                 7081  


------------------------------------------------------------------------------------------------
| User Ignored Path Table
| -----------------------
------------------------------------------------------------------------------------------------

Path Group    From Clock    To Clock    
----------    ----------    --------    
(none)                      clk           
(none)        clk           clk           


------------------------------------------------------------------------------------------------
| Unconstrained Path Table
| ------------------------
------------------------------------------------------------------------------------------------

Path Group    From Clock    To Clock    
----------    ----------    --------    


------------------------------------------------------------------------------------------------
| Timing Details
| --------------
------------------------------------------------------------------------------------------------


---------------------------------------------------------------------------------------------------
From Clock:  clk
  To Clock:  clk

Setup :            0  Failing Endpoints,  Worst Slack        0.141ns,  Total Violation        0.000ns
Hold  :            0  Failing Endpoints,  Worst Slack        0.020ns,  Total Violation        0.000ns
PW    :            0  Failing Endpoints,  Worst Slack        4.646ns,  Total Violation        0.000ns
---------------------------------------------------------------------------------------------------


Max Delay Paths
--------------------------------------------------------------------------------------
Slack (MET) :             0.141ns  (required time - arrival time)
  Source:                 u_core/u_dram_flow_gate/fifo_rp_reg[0]/C
                            (rising edge-triggered cell FDRE clocked by clk  {rise@0.000ns fall@6.250ns period=12.500ns})
  Destination:            dram_req_data[431]
                            (output port clocked by clk  {rise@0.000ns fall@6.250ns period=12.500ns})
  Path Group:             clk
  Path Type:              Max at Slow Process Corner
  Requirement:            12.500ns  (clk rise@12.500ns - clk rise@0.000ns)
  Data Path Delay:        8.786ns  (logic 0.693ns (7.888%)  route 8.093ns (92.112%))
  Logic Levels:           1  (RAMD32=1)
  Output Delay:           2.500ns
  Clock Path Skew:        -1.038ns (DCD - SCD + CPR)
    Destination Clock Delay (DCD):    0.000ns = ( 12.500 - 12.500 ) 
    Source Clock Delay      (SCD):    1.038ns
    Clock Pessimism Removal (CPR):    0.000ns
  Clock Uncertainty:      0.035ns  ((TSJ^2 + TIJ^2)^1/2 + DJ) / 2 + PE
    Total System Jitter     (TSJ):    0.071ns
    Total Input Jitter      (TIJ):    0.000ns
    Discrete Jitter          (DJ):    0.000ns
    Phase Error              (PE):    0.000ns

    Location             Delay type                Incr(ns)  Path(ns)    Netlist Resource(s)
  -------------------------------------------------------------------    -------------------
                         (clock clk rise edge)        0.000     0.000 r  
                                                      0.000     0.000 r  aclk (IN)
                         net (fo=49980, unset)        1.038     1.038    u_core/u_dram_flow_gate/aclk
    SLICE_X163Y83        FDRE                                         r  u_core/u_dram_flow_gate/fifo_rp_reg[0]/C
  -------------------------------------------------------------------    -------------------
    SLICE_X163Y83        FDRE (Prop_fdre_C_Q)         0.536     1.574 r  u_core/u_dram_flow_gate/fifo_rp_reg[0]/Q
                         net (fo=1091, routed)        7.055     8.629    u_core/u_dram_flow_gate/fifo_mem_reg_0_3_432_437/ADDRA0
    SLICE_X108Y50        RAMD32 (Prop_ramd32_RADR0_O)
                                                      0.157     8.786 r  u_core/u_dram_flow_gate/fifo_mem_reg_0_3_432_437/RAMA/O
                         net (fo=0)                   1.038     9.824    dram_req_data[431]
                                                                      r  dram_req_data[431] (OUT)
  -------------------------------------------------------------------    -------------------

                         (clock clk rise edge)       12.500    12.500 r  
                         clock pessimism              0.000    12.500    
                         clock uncertainty           -0.035    12.465    
                         output delay                -2.500     9.965    
  -------------------------------------------------------------------
                         required time                          9.965    
                         arrival time                          -9.824    
  -------------------------------------------------------------------
                         slack                                  0.141    

Slack (MET) :             0.150ns  (required time - arrival time)
  Source:                 u_core/u_dram_flow_gate/fifo_rp_reg[0]/C
                            (rising edge-triggered cell FDRE clocked by clk  {rise@0.000ns fall@6.250ns period=12.500ns})
  Destination:            dram_req_data[432]
                            (output port clocked by clk  {rise@0.000ns fall@6.250ns period=12.500ns})
  Path Group:             clk
  Path Type:              Max at Slow Process Corner
  Requirement:            12.500ns  (clk rise@12.500ns - clk rise@0.000ns)
  Data Path Delay:        8.777ns  (logic 0.684ns (7.793%)  route 8.093ns (92.207%))
  Logic Levels:           1  (RAMD32=1)
  Output Delay:           2.500ns
  Clock Path Skew:        -1.038ns (DCD - SCD + CPR)
    Destination Clock Delay (DCD):    0.000ns = ( 12.500 - 12.500 ) 
    Source Clock Delay      (SCD):    1.038ns
    Clock Pessimism Removal (CPR):    0.000ns
  Clock Uncertainty:      0.035ns  ((TSJ^2 + TIJ^2)^1/2 + DJ) / 2 + PE
    Total System Jitter     (TSJ):    0.071ns
    Total Input Jitter      (TIJ):    0.000ns
    Discrete Jitter          (DJ):    0.000ns
    Phase Error              (PE):    0.000ns

    Location             Delay type                Incr(ns)  Path(ns)    Netlist Resource(s)
  -------------------------------------------------------------------    -------------------
                         (clock clk rise edge)        0.000     0.000 r  
                                                      0.000     0.000 r  aclk (IN)
                         net (fo=49980, unset)        1.038     1.038    u_core/u_dram_flow_gate/aclk
    SLICE_X163Y83        FDRE                                         r  u_core/u_dram_flow_gate/fifo_rp_reg[0]/C
  -------------------------------------------------------------------    -------------------
    SLICE_X163Y83        FDRE (Prop_fdre_C_Q)         0.536     1.574 r  u_core/u_dram_flow_gate/fifo_rp_reg[0]/Q
                         net (fo=1091, routed)        7.055     8.629    u_core/u_dram_flow_gate/fifo_mem_reg_0_3_432_437/ADDRA0
    SLICE_X108Y50        RAMD32 (Prop_ramd32_RADR0_O)
                                                      0.148     8.777 r  u_core/u_dram_flow_gate/fifo_mem_reg_0_3_432_437/RAMA_D1/O
                         net (fo=0)                   1.038     9.815    dram_req_data[432]
                                                                      r  dram_req_data[432] (OUT)
  -------------------------------------------------------------------    -------------------

                         (clock clk rise edge)       12.500    12.500 r  
                         clock pessimism              0.000    12.500    
                         clock uncertainty           -0.035    12.465    
                         output delay                -2.500     9.965    
  -------------------------------------------------------------------
                         required time                          9.965    
                         arrival time                          -9.815    
  -------------------------------------------------------------------
                         slack                                  0.150    

Slack (MET) :             0.155ns  (required time - arrival time)
  Source:                 u_core/u_dram_flow_gate/fifo_rp_reg[0]/C
                            (rising edge-triggered cell FDRE clocked by clk  {rise@0.000ns fall@6.250ns period=12.500ns})
  Destination:            dram_req_data[433]
                            (output port clocked by clk  {rise@0.000ns fall@6.250ns period=12.500ns})
  Path Group:             clk
  Path Type:              Max at Slow Process Corner
  Requirement:            12.500ns  (clk rise@12.500ns - clk rise@0.000ns)
  Data Path Delay:        8.772ns  (logic 0.693ns (7.900%)  route 8.079ns (92.100%))
  Logic Levels:           1  (RAMD32=1)
  Output Delay:           2.500ns
  Clock Path Skew:        -1.038ns (DCD - SCD + CPR)
    Destination Clock Delay (DCD):    0.000ns = ( 12.500 - 12.500 ) 
    Source Clock Delay      (SCD):    1.038ns
    Clock Pessimism Removal (CPR):    0.000ns
  Clock Uncertainty:      0.035ns  ((TSJ^2 + TIJ^2)^1/2 + DJ) / 2 + PE
    Total System Jitter     (TSJ):    0.071ns
    Total Input Jitter      (TIJ):    0.000ns
    Discrete Jitter          (DJ):    0.000ns
    Phase Error              (PE):    0.000ns

    Location             Delay type                Incr(ns)  Path(ns)    Netlist Resource(s)
  -------------------------------------------------------------------    -------------------
                         (clock clk rise edge)        0.000     0.000 r  
                                                      0.000     0.000 r  aclk (IN)
                         net (fo=49980, unset)        1.038     1.038    u_core/u_dram_flow_gate/aclk
    SLICE_X163Y83        FDRE                                         r  u_core/u_dram_flow_gate/fifo_rp_reg[0]/C
  -------------------------------------------------------------------    -------------------
    SLICE_X163Y83        FDRE (Prop_fdre_C_Q)         0.536     1.574 r  u_core/u_dram_flow_gate/fifo_rp_reg[0]/Q
                         net (fo=1091, routed)        7.041     8.615    u_core/u_dram_flow_gate/fifo_mem_reg_0_3_432_437/ADDRB0
    SLICE_X108Y50        RAMD32 (Prop_ramd32_RADR0_O)
                                                      0.157     8.772 r  u_core/u_dram_flow_gate/fifo_mem_reg_0_3_432_437/RAMB/O
                         net (fo=0)                   1.038     9.810    dram_req_data[433]
                                                                      r  dram_req_data[433] (OUT)
  -------------------------------------------------------------------    -------------------

                         (clock clk rise edge)       12.500    12.500 r  
                         clock pessimism              0.000    12.500    
                         clock uncertainty           -0.035    12.465    
                         output delay                -2.500     9.965    
  -------------------------------------------------------------------
                         required time                          9.965    
                         arrival time                          -9.810    
  -------------------------------------------------------------------
                         slack                                  0.155    

Slack (MET) :             0.164ns  (required time - arrival time)
  Source:                 u_core/u_dram_flow_gate/fifo_rp_reg[0]/C
                            (rising edge-triggered cell FDRE clocked by clk  {rise@0.000ns fall@6.250ns period=12.500ns})
  Destination:            dram_req_data[434]
                            (output port clocked by clk  {rise@0.000ns fall@6.250ns period=12.500ns})
  Path Group:             clk
  Path Type:              Max at Slow Process Corner
  Requirement:            12.500ns  (clk rise@12.500ns - clk rise@0.000ns)
  Data Path Delay:        8.763ns  (logic 0.684ns (7.806%)  route 8.079ns (92.194%))
  Logic Levels:           1  (RAMD32=1)
  Output Delay:           2.500ns
  Clock Path Skew:        -1.038ns (DCD - SCD + CPR)
    Destination Clock Delay (DCD):    0.000ns = ( 12.500 - 12.500 ) 
    Source Clock Delay      (SCD):    1.038ns
    Clock Pessimism Removal (CPR):    0.000ns
  Clock Uncertainty:      0.035ns  ((TSJ^2 + TIJ^2)^1/2 + DJ) / 2 + PE
    Total System Jitter     (TSJ):    0.071ns
    Total Input Jitter      (TIJ):    0.000ns
    Discrete Jitter          (DJ):    0.000ns
    Phase Error              (PE):    0.000ns

    Location             Delay type                Incr(ns)  Path(ns)    Netlist Resource(s)
  -------------------------------------------------------------------    -------------------
                         (clock clk rise edge)        0.000     0.000 r  
                                                      0.000     0.000 r  aclk (IN)
                         net (fo=49980, unset)        1.038     1.038    u_core/u_dram_flow_gate/aclk
    SLICE_X163Y83        FDRE                                         r  u_core/u_dram_flow_gate/fifo_rp_reg[0]/C
  -------------------------------------------------------------------    -------------------
    SLICE_X163Y83        FDRE (Prop_fdre_C_Q)         0.536     1.574 r  u_core/u_dram_flow_gate/fifo_rp_reg[0]/Q
                         net (fo=1091, routed)        7.041     8.615    u_core/u_dram_flow_gate/fifo_mem_reg_0_3_432_437/ADDRB0
    SLICE_X108Y50        RAMD32 (Prop_ramd32_RADR0_O)
                                                      0.148     8.763 r  u_core/u_dram_flow_gate/fifo_mem_reg_0_3_432_437/RAMB_D1/O
                         net (fo=0)                   1.038     9.801    dram_req_data[434]
                                                                      r  dram_req_data[434] (OUT)
  -------------------------------------------------------------------    -------------------

                         (clock clk rise edge)       12.500    12.500 r  
                         clock pessimism              0.000    12.500    
                         clock uncertainty           -0.035    12.465    
                         output delay                -2.500     9.965    
  -------------------------------------------------------------------
                         required time                          9.965    
                         arrival time                          -9.801    
  -------------------------------------------------------------------
                         slack                                  0.164    

Slack (MET) :             0.272ns  (required time - arrival time)
  Source:                 u_core/u_prf/grant_addr_q_reg[5]_rep/C
                            (rising edge-triggered cell FDRE clocked by clk  {rise@0.000ns fall@6.250ns period=12.500ns})
  Destination:            u_core/u_branch_exec/branch_correct_pc_reg[2]/CE
                            (rising edge-triggered cell FDCE clocked by clk  {rise@0.000ns fall@6.250ns period=12.500ns})
  Path Group:             clk
  Path Type:              Setup (Max at Slow Process Corner)
  Requirement:            12.500ns  (clk rise@12.500ns - clk rise@0.000ns)
  Data Path Delay:        11.797ns  (logic 3.119ns (26.439%)  route 8.678ns (73.561%))
  Logic Levels:           13  (CARRY4=7 LUT4=1 LUT5=2 LUT6=3)
  Clock Path Skew:        -0.052ns (DCD - SCD + CPR)
    Destination Clock Delay (DCD):    0.986ns = ( 13.486 - 12.500 ) 
    Source Clock Delay      (SCD):    1.038ns
    Clock Pessimism Removal (CPR):    0.000ns
  Clock Uncertainty:      0.035ns  ((TSJ^2 + TIJ^2)^1/2 + DJ) / 2 + PE
    Total System Jitter     (TSJ):    0.071ns
    Total Input Jitter      (TIJ):    0.000ns
    Discrete Jitter          (DJ):    0.000ns
    Phase Error              (PE):    0.000ns

    Location             Delay type                Incr(ns)  Path(ns)    Netlist Resource(s)
  -------------------------------------------------------------------    -------------------
                         (clock clk rise edge)        0.000     0.000 r  
                                                      0.000     0.000 r  aclk (IN)
                         net (fo=49980, unset)        1.038     1.038    u_core/u_prf/aclk
    SLICE_X67Y143        FDRE                                         r  u_core/u_prf/grant_addr_q_reg[5]_rep/C
  -------------------------------------------------------------------    -------------------
    SLICE_X67Y143        FDRE (Prop_fdre_C_Q)         0.536     1.574 r  u_core/u_prf/grant_addr_q_reg[5]_rep/Q
                         net (fo=868, routed)         1.467     3.041    u_core/u_rs/ADDRD[5]
    SLICE_X73Y130        LUT6 (Prop_lut6_I2_O)        0.148     3.189 r  u_core/u_rs/branch_correct_pc[63]_i_17/O
                         net (fo=1, routed)           0.457     3.646    u_core/u_rs/branch_correct_pc[63]_i_17_n_0
    SLICE_X75Y130        LUT5 (Prop_lut5_I2_O)        0.148     3.794 r  u_core/u_rs/branch_correct_pc[63]_i_15/O
                         net (fo=128, routed)         1.461     5.255    u_core/u_prf/rd_data[2]1
    SLICE_X75Y119        LUT5 (Prop_lut5_I4_O)        0.148     5.403 r  u_core/u_prf/branch_correct_pc[15]_i_5/O
                         net (fo=6, routed)           1.313     6.717    u_core/u_prf/branch_correct_pc[15]_i_5_n_0
    SLICE_X78Y119        LUT4 (Prop_lut4_I3_O)        0.157     6.874 r  u_core/u_prf/branch_correct_pc_valid_i_204/O
                         net (fo=3, routed)           1.439     8.312    u_core/u_prf/branch_correct_pc_valid_i_204_n_0
    SLICE_X79Y121        CARRY4 (Prop_carry4_S[3]_CO[3])
                                                      0.852     9.164 r  u_core/u_prf/branch_correct_pc_valid_reg_i_181/CO[3]
                         net (fo=1, routed)           0.000     9.164    u_core/u_prf/branch_correct_pc_valid_reg_i_181_n_0
    SLICE_X79Y122        CARRY4 (Prop_carry4_CI_CO[3])
                                                      0.139     9.303 r  u_core/u_prf/branch_correct_pc_valid_reg_i_150/CO[3]
                         net (fo=1, routed)           0.000     9.303    u_core/u_prf/branch_correct_pc_valid_reg_i_150_n_0
    SLICE_X79Y123        CARRY4 (Prop_carry4_CI_CO[3])
                                                      0.139     9.442 r  u_core/u_prf/branch_correct_pc_valid_reg_i_117/CO[3]
                         net (fo=1, routed)           0.000     9.442    u_core/u_prf/branch_correct_pc_valid_reg_i_117_n_0
    SLICE_X79Y124        CARRY4 (Prop_carry4_CI_CO[3])
                                                      0.139     9.581 r  u_core/u_prf/branch_correct_pc_valid_reg_i_84/CO[3]
                         net (fo=1, routed)           0.011     9.592    u_core/u_prf/branch_correct_pc_valid_reg_i_84_n_0
    SLICE_X79Y125        CARRY4 (Prop_carry4_CI_CO[3])
                                                      0.139     9.731 r  u_core/u_prf/branch_correct_pc_valid_reg_i_53/CO[3]
                         net (fo=1, routed)           0.000     9.731    u_core/u_prf/branch_correct_pc_valid_reg_i_53_n_0
    SLICE_X79Y126        CARRY4 (Prop_carry4_CI_CO[3])
                                                      0.139     9.870 r  u_core/u_prf/branch_correct_pc_valid_reg_i_22/CO[3]
                         net (fo=1, routed)           0.000     9.870    u_core/u_prf/branch_correct_pc_valid_reg_i_22_n_0
    SLICE_X79Y127        CARRY4 (Prop_carry4_CI_CO[3])
                                                      0.139    10.009 r  u_core/u_prf/branch_correct_pc_valid_reg_i_7/CO[3]
                         net (fo=1, routed)           0.936    10.945    u_core/u_rs/branch_correct_pc_valid_reg_2[0]
    SLICE_X78Y128        LUT6 (Prop_lut6_I3_O)        0.148    11.093 f  u_core/u_rs/branch_correct_pc_valid_i_3/O
                         net (fo=1, routed)           0.613    11.706    u_core/u_rs/branch_correct_pc_valid_i_3_n_0
    SLICE_X77Y126        LUT6 (Prop_lut6_I4_O)        0.148    11.854 r  u_core/u_rs/branch_correct_pc_valid_i_1/O
                         net (fo=65, routed)          0.981    12.835    u_core/u_branch_exec/branch_correct_pc_valid_reg_0[0]
    SLICE_X69Y116        FDCE                                         r  u_core/u_branch_exec/branch_correct_pc_reg[2]/CE
  -------------------------------------------------------------------    -------------------

                         (clock clk rise edge)       12.500    12.500 r  
                                                      0.000    12.500 r  aclk (IN)
                         net (fo=49980, unset)        0.986    13.486    u_core/u_branch_exec/aclk
    SLICE_X69Y116        FDCE                                         r  u_core/u_branch_exec/branch_correct_pc_reg[2]/C
                         clock pessimism              0.000    13.486    
                         clock uncertainty           -0.035    13.451    
    SLICE_X69Y116        FDCE (Setup_fdce_C_CE)      -0.344    13.107    u_core/u_branch_exec/branch_correct_pc_reg[2]
  -------------------------------------------------------------------
                         required time                         13.107    
                         arrival time                         -12.835    
  -------------------------------------------------------------------
                         slack                                  0.272    

Slack (MET) :             0.272ns  (required time - arrival time)
  Source:                 u_core/u_prf/grant_addr_q_reg[5]_rep/C
                            (rising edge-triggered cell FDRE clocked by clk  {rise@0.000ns fall@6.250ns period=12.500ns})
  Destination:            u_core/u_branch_exec/branch_correct_pc_reg[6]/CE
                            (rising edge-triggered cell FDCE clocked by clk  {rise@0.000ns fall@6.250ns period=12.500ns})
  Path Group:             clk
  Path Type:              Setup (Max at Slow Process Corner)
  Requirement:            12.500ns  (clk rise@12.500ns - clk rise@0.000ns)
  Data Path Delay:        11.797ns  (logic 3.119ns (26.439%)  route 8.678ns (73.561%))
  Logic Levels:           13  (CARRY4=7 LUT4=1 LUT5=2 LUT6=3)
  Clock Path Skew:        -0.052ns (DCD - SCD + CPR)
    Destination Clock Delay (DCD):    0.986ns = ( 13.486 - 12.500 ) 
    Source Clock Delay      (SCD):    1.038ns
    Clock Pessimism Removal (CPR):    0.000ns
  Clock Uncertainty:      0.035ns  ((TSJ^2 + TIJ^2)^1/2 + DJ) / 2 + PE
    Total System Jitter     (TSJ):    0.071ns
    Total Input Jitter      (TIJ):    0.000ns
    Discrete Jitter          (DJ):    0.000ns
    Phase Error              (PE):    0.000ns

    Location             Delay type                Incr(ns)  Path(ns)    Netlist Resource(s)
  -------------------------------------------------------------------    -------------------
                         (clock clk rise edge)        0.000     0.000 r  
                                                      0.000     0.000 r  aclk (IN)
                         net (fo=49980, unset)        1.038     1.038    u_core/u_prf/aclk
    SLICE_X67Y143        FDRE                                         r  u_core/u_prf/grant_addr_q_reg[5]_rep/C
  -------------------------------------------------------------------    -------------------
    SLICE_X67Y143        FDRE (Prop_fdre_C_Q)         0.536     1.574 r  u_core/u_prf/grant_addr_q_reg[5]_rep/Q
                         net (fo=868, routed)         1.467     3.041    u_core/u_rs/ADDRD[5]
    SLICE_X73Y130        LUT6 (Prop_lut6_I2_O)        0.148     3.189 r  u_core/u_rs/branch_correct_pc[63]_i_17/O
                         net (fo=1, routed)           0.457     3.646    u_core/u_rs/branch_correct_pc[63]_i_17_n_0
    SLICE_X75Y130        LUT5 (Prop_lut5_I2_O)        0.148     3.794 r  u_core/u_rs/branch_correct_pc[63]_i_15/O
                         net (fo=128, routed)         1.461     5.255    u_core/u_prf/rd_data[2]1
    SLICE_X75Y119        LUT5 (Prop_lut5_I4_O)        0.148     5.403 r  u_core/u_prf/branch_correct_pc[15]_i_5/O
                         net (fo=6, routed)           1.313     6.717    u_core/u_prf/branch_correct_pc[15]_i_5_n_0
    SLICE_X78Y119        LUT4 (Prop_lut4_I3_O)        0.157     6.874 r  u_core/u_prf/branch_correct_pc_valid_i_204/O
                         net (fo=3, routed)           1.439     8.312    u_core/u_prf/branch_correct_pc_valid_i_204_n_0
    SLICE_X79Y121        CARRY4 (Prop_carry4_S[3]_CO[3])
                                                      0.852     9.164 r  u_core/u_prf/branch_correct_pc_valid_reg_i_181/CO[3]
                         net (fo=1, routed)           0.000     9.164    u_core/u_prf/branch_correct_pc_valid_reg_i_181_n_0
    SLICE_X79Y122        CARRY4 (Prop_carry4_CI_CO[3])
                                                      0.139     9.303 r  u_core/u_prf/branch_correct_pc_valid_reg_i_150/CO[3]
                         net (fo=1, routed)           0.000     9.303    u_core/u_prf/branch_correct_pc_valid_reg_i_150_n_0
    SLICE_X79Y123        CARRY4 (Prop_carry4_CI_CO[3])
                                                      0.139     9.442 r  u_core/u_prf/branch_correct_pc_valid_reg_i_117/CO[3]
                         net (fo=1, routed)           0.000     9.442    u_core/u_prf/branch_correct_pc_valid_reg_i_117_n_0
    SLICE_X79Y124        CARRY4 (Prop_carry4_CI_CO[3])
                                                      0.139     9.581 r  u_core/u_prf/branch_correct_pc_valid_reg_i_84/CO[3]
                         net (fo=1, routed)           0.011     9.592    u_core/u_prf/branch_correct_pc_valid_reg_i_84_n_0
    SLICE_X79Y125        CARRY4 (Prop_carry4_CI_CO[3])
                                                      0.139     9.731 r  u_core/u_prf/branch_correct_pc_valid_reg_i_53/CO[3]
                         net (fo=1, routed)           0.000     9.731    u_core/u_prf/branch_correct_pc_valid_reg_i_53_n_0
    SLICE_X79Y126        CARRY4 (Prop_carry4_CI_CO[3])
                                                      0.139     9.870 r  u_core/u_prf/branch_correct_pc_valid_reg_i_22/CO[3]
                         net (fo=1, routed)           0.000     9.870    u_core/u_prf/branch_correct_pc_valid_reg_i_22_n_0
    SLICE_X79Y127        CARRY4 (Prop_carry4_CI_CO[3])
                                                      0.139    10.009 r  u_core/u_prf/branch_correct_pc_valid_reg_i_7/CO[3]
                         net (fo=1, routed)           0.936    10.945    u_core/u_rs/branch_correct_pc_valid_reg_2[0]
    SLICE_X78Y128        LUT6 (Prop_lut6_I3_O)        0.148    11.093 f  u_core/u_rs/branch_correct_pc_valid_i_3/O
                         net (fo=1, routed)           0.613    11.706    u_core/u_rs/branch_correct_pc_valid_i_3_n_0
    SLICE_X77Y126        LUT6 (Prop_lut6_I4_O)        0.148    11.854 r  u_core/u_rs/branch_correct_pc_valid_i_1/O
                         net (fo=65, routed)          0.981    12.835    u_core/u_branch_exec/branch_correct_pc_valid_reg_0[0]
    SLICE_X69Y116        FDCE                                         r  u_core/u_branch_exec/branch_correct_pc_reg[6]/CE
  -------------------------------------------------------------------    -------------------

                         (clock clk rise edge)       12.500    12.500 r  
                                                      0.000    12.500 r  aclk (IN)
                         net (fo=49980, unset)        0.986    13.486    u_core/u_branch_exec/aclk
    SLICE_X69Y116        FDCE                                         r  u_core/u_branch_exec/branch_correct_pc_reg[6]/C
                         clock pessimism              0.000    13.486    
                         clock uncertainty           -0.035    13.451    
    SLICE_X69Y116        FDCE (Setup_fdce_C_CE)      -0.344    13.107    u_core/u_branch_exec/branch_correct_pc_reg[6]
  -------------------------------------------------------------------
                         required time                         13.107    
                         arrival time                         -12.835    
  -------------------------------------------------------------------
                         slack                                  0.272    

Slack (MET) :             0.285ns  (required time - arrival time)
  Source:                 u_core/u_prf/grant_addr_q_reg[5]_rep/C
                            (rising edge-triggered cell FDRE clocked by clk  {rise@0.000ns fall@6.250ns period=12.500ns})
  Destination:            u_core/u_branch_exec/branch_correct_pc_reg[13]/CE
                            (rising edge-triggered cell FDCE clocked by clk  {rise@0.000ns fall@6.250ns period=12.500ns})
  Path Group:             clk
  Path Type:              Setup (Max at Slow Process Corner)
  Requirement:            12.500ns  (clk rise@12.500ns - clk rise@0.000ns)
  Data Path Delay:        11.784ns  (logic 3.119ns (26.468%)  route 8.665ns (73.532%))
  Logic Levels:           13  (CARRY4=7 LUT4=1 LUT5=2 LUT6=3)
  Clock Path Skew:        -0.052ns (DCD - SCD + CPR)
    Destination Clock Delay (DCD):    0.986ns = ( 13.486 - 12.500 ) 
    Source Clock Delay      (SCD):    1.038ns
    Clock Pessimism Removal (CPR):    0.000ns
  Clock Uncertainty:      0.035ns  ((TSJ^2 + TIJ^2)^1/2 + DJ) / 2 + PE
    Total System Jitter     (TSJ):    0.071ns
    Total Input Jitter      (TIJ):    0.000ns
    Discrete Jitter          (DJ):    0.000ns
    Phase Error              (PE):    0.000ns

    Location             Delay type                Incr(ns)  Path(ns)    Netlist Resource(s)
  -------------------------------------------------------------------    -------------------
                         (clock clk rise edge)        0.000     0.000 r  
                                                      0.000     0.000 r  aclk (IN)
                         net (fo=49980, unset)        1.038     1.038    u_core/u_prf/aclk
    SLICE_X67Y143        FDRE                                         r  u_core/u_prf/grant_addr_q_reg[5]_rep/C
  -------------------------------------------------------------------    -------------------
    SLICE_X67Y143        FDRE (Prop_fdre_C_Q)         0.536     1.574 r  u_core/u_prf/grant_addr_q_reg[5]_rep/Q
                         net (fo=868, routed)         1.467     3.041    u_core/u_rs/ADDRD[5]
    SLICE_X73Y130        LUT6 (Prop_lut6_I2_O)        0.148     3.189 r  u_core/u_rs/branch_correct_pc[63]_i_17/O
                         net (fo=1, routed)           0.457     3.646    u_core/u_rs/branch_correct_pc[63]_i_17_n_0
    SLICE_X75Y130        LUT5 (Prop_lut5_I2_O)        0.148     3.794 r  u_core/u_rs/branch_correct_pc[63]_i_15/O
                         net (fo=128, routed)         1.461     5.255    u_core/u_prf/rd_data[2]1
    SLICE_X75Y119        LUT5 (Prop_lut5_I4_O)        0.148     5.403 r  u_core/u_prf/branch_correct_pc[15]_i_5/O
                         net (fo=6, routed)           1.313     6.717    u_core/u_prf/branch_correct_pc[15]_i_5_n_0
    SLICE_X78Y119        LUT4 (Prop_lut4_I3_O)        0.157     6.874 r  u_core/u_prf/branch_correct_pc_valid_i_204/O
                         net (fo=3, routed)           1.439     8.312    u_core/u_prf/branch_correct_pc_valid_i_204_n_0
    SLICE_X79Y121        CARRY4 (Prop_carry4_S[3]_CO[3])
                                                      0.852     9.164 r  u_core/u_prf/branch_correct_pc_valid_reg_i_181/CO[3]
                         net (fo=1, routed)           0.000     9.164    u_core/u_prf/branch_correct_pc_valid_reg_i_181_n_0
    SLICE_X79Y122        CARRY4 (Prop_carry4_CI_CO[3])
                                                      0.139     9.303 r  u_core/u_prf/branch_correct_pc_valid_reg_i_150/CO[3]
                         net (fo=1, routed)           0.000     9.303    u_core/u_prf/branch_correct_pc_valid_reg_i_150_n_0
    SLICE_X79Y123        CARRY4 (Prop_carry4_CI_CO[3])
                                                      0.139     9.442 r  u_core/u_prf/branch_correct_pc_valid_reg_i_117/CO[3]
                         net (fo=1, routed)           0.000     9.442    u_core/u_prf/branch_correct_pc_valid_reg_i_117_n_0
    SLICE_X79Y124        CARRY4 (Prop_carry4_CI_CO[3])
                                                      0.139     9.581 r  u_core/u_prf/branch_correct_pc_valid_reg_i_84/CO[3]
                         net (fo=1, routed)           0.011     9.592    u_core/u_prf/branch_correct_pc_valid_reg_i_84_n_0
    SLICE_X79Y125        CARRY4 (Prop_carry4_CI_CO[3])
                                                      0.139     9.731 r  u_core/u_prf/branch_correct_pc_valid_reg_i_53/CO[3]
                         net (fo=1, routed)           0.000     9.731    u_core/u_prf/branch_correct_pc_valid_reg_i_53_n_0
    SLICE_X79Y126        CARRY4 (Prop_carry4_CI_CO[3])
                                                      0.139     9.870 r  u_core/u_prf/branch_correct_pc_valid_reg_i_22/CO[3]
                         net (fo=1, routed)           0.000     9.870    u_core/u_prf/branch_correct_pc_valid_reg_i_22_n_0
    SLICE_X79Y127        CARRY4 (Prop_carry4_CI_CO[3])
                                                      0.139    10.009 r  u_core/u_prf/branch_correct_pc_valid_reg_i_7/CO[3]
                         net (fo=1, routed)           0.936    10.945    u_core/u_rs/branch_correct_pc_valid_reg_2[0]
    SLICE_X78Y128        LUT6 (Prop_lut6_I3_O)        0.148    11.093 f  u_core/u_rs/branch_correct_pc_valid_i_3/O
                         net (fo=1, routed)           0.613    11.706    u_core/u_rs/branch_correct_pc_valid_i_3_n_0
    SLICE_X77Y126        LUT6 (Prop_lut6_I4_O)        0.148    11.854 r  u_core/u_rs/branch_correct_pc_valid_i_1/O
                         net (fo=65, routed)          0.968    12.822    u_core/u_branch_exec/branch_correct_pc_valid_reg_0[0]
    SLICE_X69Y120        FDCE                                         r  u_core/u_branch_exec/branch_correct_pc_reg[13]/CE
  -------------------------------------------------------------------    -------------------

                         (clock clk rise edge)       12.500    12.500 r  
                                                      0.000    12.500 r  aclk (IN)
                         net (fo=49980, unset)        0.986    13.486    u_core/u_branch_exec/aclk
    SLICE_X69Y120        FDCE                                         r  u_core/u_branch_exec/branch_correct_pc_reg[13]/C
                         clock pessimism              0.000    13.486    
                         clock uncertainty           -0.035    13.451    
    SLICE_X69Y120        FDCE (Setup_fdce_C_CE)      -0.344    13.107    u_core/u_branch_exec/branch_correct_pc_reg[13]
  -------------------------------------------------------------------
                         required time                         13.107    
                         arrival time                         -12.822    
  -------------------------------------------------------------------
                         slack                                  0.285    

Slack (MET) :             0.285ns  (required time - arrival time)
  Source:                 u_core/u_prf/grant_addr_q_reg[5]_rep/C
                            (rising edge-triggered cell FDRE clocked by clk  {rise@0.000ns fall@6.250ns period=12.500ns})
  Destination:            u_core/u_branch_exec/branch_correct_pc_reg[18]/CE
                            (rising edge-triggered cell FDCE clocked by clk  {rise@0.000ns fall@6.250ns period=12.500ns})
  Path Group:             clk
  Path Type:              Setup (Max at Slow Process Corner)
  Requirement:            12.500ns  (clk rise@12.500ns - clk rise@0.000ns)
  Data Path Delay:        11.784ns  (logic 3.119ns (26.468%)  route 8.665ns (73.532%))
  Logic Levels:           13  (CARRY4=7 LUT4=1 LUT5=2 LUT6=3)
  Clock Path Skew:        -0.052ns (DCD - SCD + CPR)
    Destination Clock Delay (DCD):    0.986ns = ( 13.486 - 12.500 ) 
    Source Clock Delay      (SCD):    1.038ns
    Clock Pessimism Removal (CPR):    0.000ns
  Clock Uncertainty:      0.035ns  ((TSJ^2 + TIJ^2)^1/2 + DJ) / 2 + PE
    Total System Jitter     (TSJ):    0.071ns
    Total Input Jitter      (TIJ):    0.000ns
    Discrete Jitter          (DJ):    0.000ns
    Phase Error              (PE):    0.000ns

    Location             Delay type                Incr(ns)  Path(ns)    Netlist Resource(s)
  -------------------------------------------------------------------    -------------------
                         (clock clk rise edge)        0.000     0.000 r  
                                                      0.000     0.000 r  aclk (IN)
                         net (fo=49980, unset)        1.038     1.038    u_core/u_prf/aclk
    SLICE_X67Y143        FDRE                                         r  u_core/u_prf/grant_addr_q_reg[5]_rep/C
  -------------------------------------------------------------------    -------------------
    SLICE_X67Y143        FDRE (Prop_fdre_C_Q)         0.536     1.574 r  u_core/u_prf/grant_addr_q_reg[5]_rep/Q
                         net (fo=868, routed)         1.467     3.041    u_core/u_rs/ADDRD[5]
    SLICE_X73Y130        LUT6 (Prop_lut6_I2_O)        0.148     3.189 r  u_core/u_rs/branch_correct_pc[63]_i_17/O
                         net (fo=1, routed)           0.457     3.646    u_core/u_rs/branch_correct_pc[63]_i_17_n_0
    SLICE_X75Y130        LUT5 (Prop_lut5_I2_O)        0.148     3.794 r  u_core/u_rs/branch_correct_pc[63]_i_15/O
                         net (fo=128, routed)         1.461     5.255    u_core/u_prf/rd_data[2]1
    SLICE_X75Y119        LUT5 (Prop_lut5_I4_O)        0.148     5.403 r  u_core/u_prf/branch_correct_pc[15]_i_5/O
                         net (fo=6, routed)           1.313     6.717    u_core/u_prf/branch_correct_pc[15]_i_5_n_0
    SLICE_X78Y119        LUT4 (Prop_lut4_I3_O)        0.157     6.874 r  u_core/u_prf/branch_correct_pc_valid_i_204/O
                         net (fo=3, routed)           1.439     8.312    u_core/u_prf/branch_correct_pc_valid_i_204_n_0
    SLICE_X79Y121        CARRY4 (Prop_carry4_S[3]_CO[3])
                                                      0.852     9.164 r  u_core/u_prf/branch_correct_pc_valid_reg_i_181/CO[3]
                         net (fo=1, routed)           0.000     9.164    u_core/u_prf/branch_correct_pc_valid_reg_i_181_n_0
    SLICE_X79Y122        CARRY4 (Prop_carry4_CI_CO[3])
                                                      0.139     9.303 r  u_core/u_prf/branch_correct_pc_valid_reg_i_150/CO[3]
                         net (fo=1, routed)           0.000     9.303    u_core/u_prf/branch_correct_pc_valid_reg_i_150_n_0
    SLICE_X79Y123        CARRY4 (Prop_carry4_CI_CO[3])
                                                      0.139     9.442 r  u_core/u_prf/branch_correct_pc_valid_reg_i_117/CO[3]
                         net (fo=1, routed)           0.000     9.442    u_core/u_prf/branch_correct_pc_valid_reg_i_117_n_0
    SLICE_X79Y124        CARRY4 (Prop_carry4_CI_CO[3])
                                                      0.139     9.581 r  u_core/u_prf/branch_correct_pc_valid_reg_i_84/CO[3]
                         net (fo=1, routed)           0.011     9.592    u_core/u_prf/branch_correct_pc_valid_reg_i_84_n_0
    SLICE_X79Y125        CARRY4 (Prop_carry4_CI_CO[3])
                                                      0.139     9.731 r  u_core/u_prf/branch_correct_pc_valid_reg_i_53/CO[3]
                         net (fo=1, routed)           0.000     9.731    u_core/u_prf/branch_correct_pc_valid_reg_i_53_n_0
    SLICE_X79Y126        CARRY4 (Prop_carry4_CI_CO[3])
                                                      0.139     9.870 r  u_core/u_prf/branch_correct_pc_valid_reg_i_22/CO[3]
                         net (fo=1, routed)           0.000     9.870    u_core/u_prf/branch_correct_pc_valid_reg_i_22_n_0
    SLICE_X79Y127        CARRY4 (Prop_carry4_CI_CO[3])
                                                      0.139    10.009 r  u_core/u_prf/branch_correct_pc_valid_reg_i_7/CO[3]
                         net (fo=1, routed)           0.936    10.945    u_core/u_rs/branch_correct_pc_valid_reg_2[0]
    SLICE_X78Y128        LUT6 (Prop_lut6_I3_O)        0.148    11.093 f  u_core/u_rs/branch_correct_pc_valid_i_3/O
                         net (fo=1, routed)           0.613    11.706    u_core/u_rs/branch_correct_pc_valid_i_3_n_0
    SLICE_X77Y126        LUT6 (Prop_lut6_I4_O)        0.148    11.854 r  u_core/u_rs/branch_correct_pc_valid_i_1/O
                         net (fo=65, routed)          0.968    12.822    u_core/u_branch_exec/branch_correct_pc_valid_reg_0[0]
    SLICE_X69Y120        FDCE                                         r  u_core/u_branch_exec/branch_correct_pc_reg[18]/CE
  -------------------------------------------------------------------    -------------------

                         (clock clk rise edge)       12.500    12.500 r  
                                                      0.000    12.500 r  aclk (IN)
                         net (fo=49980, unset)        0.986    13.486    u_core/u_branch_exec/aclk
    SLICE_X69Y120        FDCE                                         r  u_core/u_branch_exec/branch_correct_pc_reg[18]/C
                         clock pessimism              0.000    13.486    
                         clock uncertainty           -0.035    13.451    
    SLICE_X69Y120        FDCE (Setup_fdce_C_CE)      -0.344    13.107    u_core/u_branch_exec/branch_correct_pc_reg[18]
  -------------------------------------------------------------------
                         required time                         13.107    
                         arrival time                         -12.822    
  -------------------------------------------------------------------
                         slack                                  0.285    

Slack (MET) :             0.285ns  (required time - arrival time)
  Source:                 u_core/u_prf/grant_addr_q_reg[5]_rep/C
                            (rising edge-triggered cell FDRE clocked by clk  {rise@0.000ns fall@6.250ns period=12.500ns})
  Destination:            u_core/u_branch_exec/branch_correct_pc_reg[19]/CE
                            (rising edge-triggered cell FDCE clocked by clk  {rise@0.000ns fall@6.250ns period=12.500ns})
  Path Group:             clk
  Path Type:              Setup (Max at Slow Process Corner)
  Requirement:            12.500ns  (clk rise@12.500ns - clk rise@0.000ns)
  Data Path Delay:        11.784ns  (logic 3.119ns (26.468%)  route 8.665ns (73.532%))
  Logic Levels:           13  (CARRY4=7 LUT4=1 LUT5=2 LUT6=3)
  Clock Path Skew:        -0.052ns (DCD - SCD + CPR)
    Destination Clock Delay (DCD):    0.986ns = ( 13.486 - 12.500 ) 
    Source Clock Delay      (SCD):    1.038ns
    Clock Pessimism Removal (CPR):    0.000ns
  Clock Uncertainty:      0.035ns  ((TSJ^2 + TIJ^2)^1/2 + DJ) / 2 + PE
    Total System Jitter     (TSJ):    0.071ns
    Total Input Jitter      (TIJ):    0.000ns
    Discrete Jitter          (DJ):    0.000ns
    Phase Error              (PE):    0.000ns

    Location             Delay type                Incr(ns)  Path(ns)    Netlist Resource(s)
  -------------------------------------------------------------------    -------------------
                         (clock clk rise edge)        0.000     0.000 r  
                                                      0.000     0.000 r  aclk (IN)
                         net (fo=49980, unset)        1.038     1.038    u_core/u_prf/aclk
    SLICE_X67Y143        FDRE                                         r  u_core/u_prf/grant_addr_q_reg[5]_rep/C
  -------------------------------------------------------------------    -------------------
    SLICE_X67Y143        FDRE (Prop_fdre_C_Q)         0.536     1.574 r  u_core/u_prf/grant_addr_q_reg[5]_rep/Q
                         net (fo=868, routed)         1.467     3.041    u_core/u_rs/ADDRD[5]
    SLICE_X73Y130        LUT6 (Prop_lut6_I2_O)        0.148     3.189 r  u_core/u_rs/branch_correct_pc[63]_i_17/O
                         net (fo=1, routed)           0.457     3.646    u_core/u_rs/branch_correct_pc[63]_i_17_n_0
    SLICE_X75Y130        LUT5 (Prop_lut5_I2_O)        0.148     3.794 r  u_core/u_rs/branch_correct_pc[63]_i_15/O
                         net (fo=128, routed)         1.461     5.255    u_core/u_prf/rd_data[2]1
    SLICE_X75Y119        LUT5 (Prop_lut5_I4_O)        0.148     5.403 r  u_core/u_prf/branch_correct_pc[15]_i_5/O
                         net (fo=6, routed)           1.313     6.717    u_core/u_prf/branch_correct_pc[15]_i_5_n_0
    SLICE_X78Y119        LUT4 (Prop_lut4_I3_O)        0.157     6.874 r  u_core/u_prf/branch_correct_pc_valid_i_204/O
                         net (fo=3, routed)           1.439     8.312    u_core/u_prf/branch_correct_pc_valid_i_204_n_0
    SLICE_X79Y121        CARRY4 (Prop_carry4_S[3]_CO[3])
                                                      0.852     9.164 r  u_core/u_prf/branch_correct_pc_valid_reg_i_181/CO[3]
                         net (fo=1, routed)           0.000     9.164    u_core/u_prf/branch_correct_pc_valid_reg_i_181_n_0
    SLICE_X79Y122        CARRY4 (Prop_carry4_CI_CO[3])
                                                      0.139     9.303 r  u_core/u_prf/branch_correct_pc_valid_reg_i_150/CO[3]
                         net (fo=1, routed)           0.000     9.303    u_core/u_prf/branch_correct_pc_valid_reg_i_150_n_0
    SLICE_X79Y123        CARRY4 (Prop_carry4_CI_CO[3])
                                                      0.139     9.442 r  u_core/u_prf/branch_correct_pc_valid_reg_i_117/CO[3]
                         net (fo=1, routed)           0.000     9.442    u_core/u_prf/branch_correct_pc_valid_reg_i_117_n_0
    SLICE_X79Y124        CARRY4 (Prop_carry4_CI_CO[3])
                                                      0.139     9.581 r  u_core/u_prf/branch_correct_pc_valid_reg_i_84/CO[3]
                         net (fo=1, routed)           0.011     9.592    u_core/u_prf/branch_correct_pc_valid_reg_i_84_n_0
    SLICE_X79Y125        CARRY4 (Prop_carry4_CI_CO[3])
                                                      0.139     9.731 r  u_core/u_prf/branch_correct_pc_valid_reg_i_53/CO[3]
                         net (fo=1, routed)           0.000     9.731    u_core/u_prf/branch_correct_pc_valid_reg_i_53_n_0
    SLICE_X79Y126        CARRY4 (Prop_carry4_CI_CO[3])
                                                      0.139     9.870 r  u_core/u_prf/branch_correct_pc_valid_reg_i_22/CO[3]
                         net (fo=1, routed)           0.000     9.870    u_core/u_prf/branch_correct_pc_valid_reg_i_22_n_0
    SLICE_X79Y127        CARRY4 (Prop_carry4_CI_CO[3])
                                                      0.139    10.009 r  u_core/u_prf/branch_correct_pc_valid_reg_i_7/CO[3]
                         net (fo=1, routed)           0.936    10.945    u_core/u_rs/branch_correct_pc_valid_reg_2[0]
    SLICE_X78Y128        LUT6 (Prop_lut6_I3_O)        0.148    11.093 f  u_core/u_rs/branch_correct_pc_valid_i_3/O
                         net (fo=1, routed)           0.613    11.706    u_core/u_rs/branch_correct_pc_valid_i_3_n_0
    SLICE_X77Y126        LUT6 (Prop_lut6_I4_O)        0.148    11.854 r  u_core/u_rs/branch_correct_pc_valid_i_1/O
                         net (fo=65, routed)          0.968    12.822    u_core/u_branch_exec/branch_correct_pc_valid_reg_0[0]
    SLICE_X69Y120        FDCE                                         r  u_core/u_branch_exec/branch_correct_pc_reg[19]/CE
  -------------------------------------------------------------------    -------------------

                         (clock clk rise edge)       12.500    12.500 r  
                                                      0.000    12.500 r  aclk (IN)
                         net (fo=49980, unset)        0.986    13.486    u_core/u_branch_exec/aclk
    SLICE_X69Y120        FDCE                                         r  u_core/u_branch_exec/branch_correct_pc_reg[19]/C
                         clock pessimism              0.000    13.486    
                         clock uncertainty           -0.035    13.451    
    SLICE_X69Y120        FDCE (Setup_fdce_C_CE)      -0.344    13.107    u_core/u_branch_exec/branch_correct_pc_reg[19]
  -------------------------------------------------------------------
                         required time                         13.107    
                         arrival time                         -12.822    
  -------------------------------------------------------------------
                         slack                                  0.285    

Slack (MET) :             0.285ns  (required time - arrival time)
  Source:                 u_core/u_prf/grant_addr_q_reg[5]_rep/C
                            (rising edge-triggered cell FDRE clocked by clk  {rise@0.000ns fall@6.250ns period=12.500ns})
  Destination:            u_core/u_branch_exec/branch_correct_pc_reg[29]/CE
                            (rising edge-triggered cell FDCE clocked by clk  {rise@0.000ns fall@6.250ns period=12.500ns})
  Path Group:             clk
  Path Type:              Setup (Max at Slow Process Corner)
  Requirement:            12.500ns  (clk rise@12.500ns - clk rise@0.000ns)
  Data Path Delay:        11.784ns  (logic 3.119ns (26.468%)  route 8.665ns (73.532%))
  Logic Levels:           13  (CARRY4=7 LUT4=1 LUT5=2 LUT6=3)
  Clock Path Skew:        -0.052ns (DCD - SCD + CPR)
    Destination Clock Delay (DCD):    0.986ns = ( 13.486 - 12.500 ) 
    Source Clock Delay      (SCD):    1.038ns
    Clock Pessimism Removal (CPR):    0.000ns
  Clock Uncertainty:      0.035ns  ((TSJ^2 + TIJ^2)^1/2 + DJ) / 2 + PE
    Total System Jitter     (TSJ):    0.071ns
    Total Input Jitter      (TIJ):    0.000ns
    Discrete Jitter          (DJ):    0.000ns
    Phase Error              (PE):    0.000ns

    Location             Delay type                Incr(ns)  Path(ns)    Netlist Resource(s)
  -------------------------------------------------------------------    -------------------
                         (clock clk rise edge)        0.000     0.000 r  
                                                      0.000     0.000 r  aclk (IN)
                         net (fo=49980, unset)        1.038     1.038    u_core/u_prf/aclk
    SLICE_X67Y143        FDRE                                         r  u_core/u_prf/grant_addr_q_reg[5]_rep/C
  -------------------------------------------------------------------    -------------------
    SLICE_X67Y143        FDRE (Prop_fdre_C_Q)         0.536     1.574 r  u_core/u_prf/grant_addr_q_reg[5]_rep/Q
                         net (fo=868, routed)         1.467     3.041    u_core/u_rs/ADDRD[5]
    SLICE_X73Y130        LUT6 (Prop_lut6_I2_O)        0.148     3.189 r  u_core/u_rs/branch_correct_pc[63]_i_17/O
                         net (fo=1, routed)           0.457     3.646    u_core/u_rs/branch_correct_pc[63]_i_17_n_0
    SLICE_X75Y130        LUT5 (Prop_lut5_I2_O)        0.148     3.794 r  u_core/u_rs/branch_correct_pc[63]_i_15/O
                         net (fo=128, routed)         1.461     5.255    u_core/u_prf/rd_data[2]1
    SLICE_X75Y119        LUT5 (Prop_lut5_I4_O)        0.148     5.403 r  u_core/u_prf/branch_correct_pc[15]_i_5/O
                         net (fo=6, routed)           1.313     6.717    u_core/u_prf/branch_correct_pc[15]_i_5_n_0
    SLICE_X78Y119        LUT4 (Prop_lut4_I3_O)        0.157     6.874 r  u_core/u_prf/branch_correct_pc_valid_i_204/O
                         net (fo=3, routed)           1.439     8.312    u_core/u_prf/branch_correct_pc_valid_i_204_n_0
    SLICE_X79Y121        CARRY4 (Prop_carry4_S[3]_CO[3])
                                                      0.852     9.164 r  u_core/u_prf/branch_correct_pc_valid_reg_i_181/CO[3]
                         net (fo=1, routed)           0.000     9.164    u_core/u_prf/branch_correct_pc_valid_reg_i_181_n_0
    SLICE_X79Y122        CARRY4 (Prop_carry4_CI_CO[3])
                                                      0.139     9.303 r  u_core/u_prf/branch_correct_pc_valid_reg_i_150/CO[3]
                         net (fo=1, routed)           0.000     9.303    u_core/u_prf/branch_correct_pc_valid_reg_i_150_n_0
    SLICE_X79Y123        CARRY4 (Prop_carry4_CI_CO[3])
                                                      0.139     9.442 r  u_core/u_prf/branch_correct_pc_valid_reg_i_117/CO[3]
                         net (fo=1, routed)           0.000     9.442    u_core/u_prf/branch_correct_pc_valid_reg_i_117_n_0
    SLICE_X79Y124        CARRY4 (Prop_carry4_CI_CO[3])
                                                      0.139     9.581 r  u_core/u_prf/branch_correct_pc_valid_reg_i_84/CO[3]
                         net (fo=1, routed)           0.011     9.592    u_core/u_prf/branch_correct_pc_valid_reg_i_84_n_0
    SLICE_X79Y125        CARRY4 (Prop_carry4_CI_CO[3])
                                                      0.139     9.731 r  u_core/u_prf/branch_correct_pc_valid_reg_i_53/CO[3]
                         net (fo=1, routed)           0.000     9.731    u_core/u_prf/branch_correct_pc_valid_reg_i_53_n_0
    SLICE_X79Y126        CARRY4 (Prop_carry4_CI_CO[3])
                                                      0.139     9.870 r  u_core/u_prf/branch_correct_pc_valid_reg_i_22/CO[3]
                         net (fo=1, routed)           0.000     9.870    u_core/u_prf/branch_correct_pc_valid_reg_i_22_n_0
    SLICE_X79Y127        CARRY4 (Prop_carry4_CI_CO[3])
                                                      0.139    10.009 r  u_core/u_prf/branch_correct_pc_valid_reg_i_7/CO[3]
                         net (fo=1, routed)           0.936    10.945    u_core/u_rs/branch_correct_pc_valid_reg_2[0]
    SLICE_X78Y128        LUT6 (Prop_lut6_I3_O)        0.148    11.093 f  u_core/u_rs/branch_correct_pc_valid_i_3/O
                         net (fo=1, routed)           0.613    11.706    u_core/u_rs/branch_correct_pc_valid_i_3_n_0
    SLICE_X77Y126        LUT6 (Prop_lut6_I4_O)        0.148    11.854 r  u_core/u_rs/branch_correct_pc_valid_i_1/O
                         net (fo=65, routed)          0.968    12.822    u_core/u_branch_exec/branch_correct_pc_valid_reg_0[0]
    SLICE_X69Y120        FDCE                                         r  u_core/u_branch_exec/branch_correct_pc_reg[29]/CE
  -------------------------------------------------------------------    -------------------

                         (clock clk rise edge)       12.500    12.500 r  
                                                      0.000    12.500 r  aclk (IN)
                         net (fo=49980, unset)        0.986    13.486    u_core/u_branch_exec/aclk
    SLICE_X69Y120        FDCE                                         r  u_core/u_branch_exec/branch_correct_pc_reg[29]/C
                         clock pessimism              0.000    13.486    
                         clock uncertainty           -0.035    13.451    
    SLICE_X69Y120        FDCE (Setup_fdce_C_CE)      -0.344    13.107    u_core/u_branch_exec/branch_correct_pc_reg[29]
  -------------------------------------------------------------------
                         required time                         13.107    
                         arrival time                         -12.822    
  -------------------------------------------------------------------
                         slack                                  0.285    





Min Delay Paths
--------------------------------------------------------------------------------------
Slack (MET) :             0.020ns  (arrival time - required time)
  Source:                 u_core/u_l1i_cache/tag_wdata_reg[18]/C
                            (rising edge-triggered cell FDRE clocked by clk  {rise@0.000ns fall@6.250ns period=12.500ns})
  Destination:            u_core/u_l1i_cache/tag_ram_reg/DIADI[18]
                            (rising edge-triggered cell RAMB36E1 clocked by clk  {rise@0.000ns fall@6.250ns period=12.500ns})
  Path Group:             clk
  Path Type:              Hold (Min at Fast Process Corner)
  Requirement:            0.000ns  (clk rise@0.000ns - clk rise@0.000ns)
  Data Path Delay:        0.413ns  (logic 0.223ns (54.016%)  route 0.190ns (45.984%))
  Logic Levels:           0  
  Clock Path Skew:        0.027ns (DCD - SCD - CPR)
    Destination Clock Delay (DCD):    0.542ns
    Source Clock Delay      (SCD):    0.515ns
    Clock Pessimism Removal (CPR):    -0.000ns

    Location             Delay type                Incr(ns)  Path(ns)    Netlist Resource(s)
  -------------------------------------------------------------------    -------------------
                         (clock clk rise edge)        0.000     0.000 r  
                                                      0.000     0.000 r  aclk (IN)
                         net (fo=49980, unset)        0.515     0.515    u_core/u_l1i_cache/aclk
    SLICE_X154Y95        FDRE                                         r  u_core/u_l1i_cache/tag_wdata_reg[18]/C
  -------------------------------------------------------------------    -------------------
    SLICE_X154Y95        FDRE (Prop_fdre_C_Q)         0.223     0.738 r  u_core/u_l1i_cache/tag_wdata_reg[18]/Q
                         net (fo=1, routed)           0.190     0.928    u_core/u_l1i_cache/tag_wdata[18]
    RAMB36_X8Y19         RAMB36E1                                     r  u_core/u_l1i_cache/tag_ram_reg/DIADI[18]
  -------------------------------------------------------------------    -------------------

                         (clock clk rise edge)        0.000     0.000 r  
                                                      0.000     0.000 r  aclk (IN)
                         net (fo=49980, unset)        0.542     0.542    u_core/u_l1i_cache/aclk
    RAMB36_X8Y19         RAMB36E1                                     r  u_core/u_l1i_cache/tag_ram_reg/CLKBWRCLK
                         clock pessimism              0.000     0.542    
    RAMB36_X8Y19         RAMB36E1 (Hold_ramb36e1_CLKBWRCLK_DIADI[18])
                                                      0.366     0.908    u_core/u_l1i_cache/tag_ram_reg
  -------------------------------------------------------------------
                         required time                         -0.908    
                         arrival time                           0.928    
  -------------------------------------------------------------------
                         slack                                  0.020    

Slack (MET) :             0.020ns  (arrival time - required time)
  Source:                 u_core/u_l1i_cache/tag_wdata_reg[19]/C
                            (rising edge-triggered cell FDRE clocked by clk  {rise@0.000ns fall@6.250ns period=12.500ns})
  Destination:            u_core/u_l1i_cache/tag_ram_reg/DIADI[19]
                            (rising edge-triggered cell RAMB36E1 clocked by clk  {rise@0.000ns fall@6.250ns period=12.500ns})
  Path Group:             clk
  Path Type:              Hold (Min at Fast Process Corner)
  Requirement:            0.000ns  (clk rise@0.000ns - clk rise@0.000ns)
  Data Path Delay:        0.413ns  (logic 0.223ns (54.016%)  route 0.190ns (45.984%))
  Logic Levels:           0  
  Clock Path Skew:        0.027ns (DCD - SCD - CPR)
    Destination Clock Delay (DCD):    0.542ns
    Source Clock Delay      (SCD):    0.515ns
    Clock Pessimism Removal (CPR):    -0.000ns

    Location             Delay type                Incr(ns)  Path(ns)    Netlist Resource(s)
  -------------------------------------------------------------------    -------------------
                         (clock clk rise edge)        0.000     0.000 r  
                                                      0.000     0.000 r  aclk (IN)
                         net (fo=49980, unset)        0.515     0.515    u_core/u_l1i_cache/aclk
    SLICE_X154Y98        FDRE                                         r  u_core/u_l1i_cache/tag_wdata_reg[19]/C
  -------------------------------------------------------------------    -------------------
    SLICE_X154Y98        FDRE (Prop_fdre_C_Q)         0.223     0.738 r  u_core/u_l1i_cache/tag_wdata_reg[19]/Q
                         net (fo=1, routed)           0.190     0.928    u_core/u_l1i_cache/tag_wdata[19]
    RAMB36_X8Y19         RAMB36E1                                     r  u_core/u_l1i_cache/tag_ram_reg/DIADI[19]
  -------------------------------------------------------------------    -------------------

                         (clock clk rise edge)        0.000     0.000 r  
                                                      0.000     0.000 r  aclk (IN)
                         net (fo=49980, unset)        0.542     0.542    u_core/u_l1i_cache/aclk
    RAMB36_X8Y19         RAMB36E1                                     r  u_core/u_l1i_cache/tag_ram_reg/CLKBWRCLK
                         clock pessimism              0.000     0.542    
    RAMB36_X8Y19         RAMB36E1 (Hold_ramb36e1_CLKBWRCLK_DIADI[19])
                                                      0.366     0.908    u_core/u_l1i_cache/tag_ram_reg
  -------------------------------------------------------------------
                         required time                         -0.908    
                         arrival time                           0.928    
  -------------------------------------------------------------------
                         slack                                  0.020    

Slack (MET) :             0.021ns  (arrival time - required time)
  Source:                 u_core/u_l1d_cache/data_to_write_reg[127]/C
                            (rising edge-triggered cell FDRE clocked by clk  {rise@0.000ns fall@6.250ns period=12.500ns})
  Destination:            u_core/u_l1d_cache/data_ram_reg_1/DIBDI[23]
                            (rising edge-triggered cell RAMB36E1 clocked by clk  {rise@0.000ns fall@6.250ns period=12.500ns})
  Path Group:             clk
  Path Type:              Hold (Min at Fast Process Corner)
  Requirement:            0.000ns  (clk rise@0.000ns - clk rise@0.000ns)
  Data Path Delay:        0.414ns  (logic 0.223ns (53.874%)  route 0.191ns (46.126%))
  Logic Levels:           0  
  Clock Path Skew:        0.027ns (DCD - SCD - CPR)
    Destination Clock Delay (DCD):    0.542ns
    Source Clock Delay      (SCD):    0.515ns
    Clock Pessimism Removal (CPR):    -0.000ns

    Location             Delay type                Incr(ns)  Path(ns)    Netlist Resource(s)
  -------------------------------------------------------------------    -------------------
                         (clock clk rise edge)        0.000     0.000 r  
                                                      0.000     0.000 r  aclk (IN)
                         net (fo=49980, unset)        0.515     0.515    u_core/u_l1d_cache/aclk
    SLICE_X140Y58        FDRE                                         r  u_core/u_l1d_cache/data_to_write_reg[127]/C
  -------------------------------------------------------------------    -------------------
    SLICE_X140Y58        FDRE (Prop_fdre_C_Q)         0.223     0.738 r  u_core/u_l1d_cache/data_to_write_reg[127]/Q
                         net (fo=1, routed)           0.191     0.929    u_core/u_l1d_cache/data_to_write[127]
    RAMB36_X7Y11         RAMB36E1                                     r  u_core/u_l1d_cache/data_ram_reg_1/DIBDI[23]
  -------------------------------------------------------------------    -------------------

                         (clock clk rise edge)        0.000     0.000 r  
                                                      0.000     0.000 r  aclk (IN)
                         net (fo=49980, unset)        0.542     0.542    u_core/u_l1d_cache/aclk
    RAMB36_X7Y11         RAMB36E1                                     r  u_core/u_l1d_cache/data_ram_reg_1/CLKBWRCLK
                         clock pessimism              0.000     0.542    
    RAMB36_X7Y11         RAMB36E1 (Hold_ramb36e1_CLKBWRCLK_DIBDI[23])
                                                      0.366     0.908    u_core/u_l1d_cache/data_ram_reg_1
  -------------------------------------------------------------------
                         required time                         -0.908    
                         arrival time                           0.929    
  -------------------------------------------------------------------
                         slack                                  0.021    

Slack (MET) :             0.022ns  (arrival time - required time)
  Source:                 u_core/u_l1i_cache/tag_wdata_reg[16]/C
                            (rising edge-triggered cell FDRE clocked by clk  {rise@0.000ns fall@6.250ns period=12.500ns})
  Destination:            u_core/u_l1i_cache/tag_ram_reg/DIADI[16]
                            (rising edge-triggered cell RAMB36E1 clocked by clk  {rise@0.000ns fall@6.250ns period=12.500ns})
  Path Group:             clk
  Path Type:              Hold (Min at Fast Process Corner)
  Requirement:            0.000ns  (clk rise@0.000ns - clk rise@0.000ns)
  Data Path Delay:        0.415ns  (logic 0.223ns (53.756%)  route 0.192ns (46.244%))
  Logic Levels:           0  
  Clock Path Skew:        0.027ns (DCD - SCD - CPR)
    Destination Clock Delay (DCD):    0.542ns
    Source Clock Delay      (SCD):    0.515ns
    Clock Pessimism Removal (CPR):    -0.000ns

    Location             Delay type                Incr(ns)  Path(ns)    Netlist Resource(s)
  -------------------------------------------------------------------    -------------------
                         (clock clk rise edge)        0.000     0.000 r  
                                                      0.000     0.000 r  aclk (IN)
                         net (fo=49980, unset)        0.515     0.515    u_core/u_l1i_cache/aclk
    SLICE_X154Y95        FDRE                                         r  u_core/u_l1i_cache/tag_wdata_reg[16]/C
  -------------------------------------------------------------------    -------------------
    SLICE_X154Y95        FDRE (Prop_fdre_C_Q)         0.223     0.738 r  u_core/u_l1i_cache/tag_wdata_reg[16]/Q
                         net (fo=1, routed)           0.192     0.930    u_core/u_l1i_cache/tag_wdata[16]
    RAMB36_X8Y19         RAMB36E1                                     r  u_core/u_l1i_cache/tag_ram_reg/DIADI[16]
  -------------------------------------------------------------------    -------------------

                         (clock clk rise edge)        0.000     0.000 r  
                                                      0.000     0.000 r  aclk (IN)
                         net (fo=49980, unset)        0.542     0.542    u_core/u_l1i_cache/aclk
    RAMB36_X8Y19         RAMB36E1                                     r  u_core/u_l1i_cache/tag_ram_reg/CLKBWRCLK
                         clock pessimism              0.000     0.542    
    RAMB36_X8Y19         RAMB36E1 (Hold_ramb36e1_CLKBWRCLK_DIADI[16])
                                                      0.366     0.908    u_core/u_l1i_cache/tag_ram_reg
  -------------------------------------------------------------------
                         required time                         -0.908    
                         arrival time                           0.930    
  -------------------------------------------------------------------
                         slack                                  0.022    

Slack (MET) :             0.041ns  (arrival time - required time)
  Source:                 u_core/u_l1i_cache/data_wdata_reg[188]/C
                            (rising edge-triggered cell FDRE clocked by clk  {rise@0.000ns fall@6.250ns period=12.500ns})
  Destination:            u_core/u_l1i_cache/data_ram_reg_2/DIBDI[12]
                            (rising edge-triggered cell RAMB36E1 clocked by clk  {rise@0.000ns fall@6.250ns period=12.500ns})
  Path Group:             clk
  Path Type:              Hold (Min at Fast Process Corner)
  Requirement:            0.000ns  (clk rise@0.000ns - clk rise@0.000ns)
  Data Path Delay:        0.369ns  (logic 0.177ns (47.938%)  route 0.192ns (52.062%))
  Logic Levels:           0  
  Clock Path Skew:        0.027ns (DCD - SCD - CPR)
    Destination Clock Delay (DCD):    0.542ns
    Source Clock Delay      (SCD):    0.515ns
    Clock Pessimism Removal (CPR):    -0.000ns

    Location             Delay type                Incr(ns)  Path(ns)    Netlist Resource(s)
  -------------------------------------------------------------------    -------------------
                         (clock clk rise edge)        0.000     0.000 r  
                                                      0.000     0.000 r  aclk (IN)
                         net (fo=49980, unset)        0.515     0.515    u_core/u_l1i_cache/aclk
    SLICE_X141Y76        FDRE                                         r  u_core/u_l1i_cache/data_wdata_reg[188]/C
  -------------------------------------------------------------------    -------------------
    SLICE_X141Y76        FDRE (Prop_fdre_C_Q)         0.177     0.692 r  u_core/u_l1i_cache/data_wdata_reg[188]/Q
                         net (fo=1, routed)           0.192     0.884    u_core/u_l1i_cache/data_wdata[188]
    RAMB36_X7Y15         RAMB36E1                                     r  u_core/u_l1i_cache/data_ram_reg_2/DIBDI[12]
  -------------------------------------------------------------------    -------------------

                         (clock clk rise edge)        0.000     0.000 r  
                                                      0.000     0.000 r  aclk (IN)
                         net (fo=49980, unset)        0.542     0.542    u_core/u_l1i_cache/aclk
    RAMB36_X7Y15         RAMB36E1                                     r  u_core/u_l1i_cache/data_ram_reg_2/CLKBWRCLK
                         clock pessimism              0.000     0.542    
    RAMB36_X7Y15         RAMB36E1 (Hold_ramb36e1_CLKBWRCLK_DIBDI[12])
                                                      0.301     0.843    u_core/u_l1i_cache/data_ram_reg_2
  -------------------------------------------------------------------
                         required time                         -0.843    
                         arrival time                           0.884    
  -------------------------------------------------------------------
                         slack                                  0.041    

Slack (MET) :             0.042ns  (arrival time - required time)
  Source:                 u_core/u_l2_cache/dram_req_data_reg[1007]/C
                            (rising edge-triggered cell FDRE clocked by clk  {rise@0.000ns fall@6.250ns period=12.500ns})
  Destination:            u_core/u_dram_flow_gate/fifo_mem_reg_0_3_1008_1013/RAMA/I
                            (rising edge-triggered cell RAMD32 clocked by clk  {rise@0.000ns fall@6.250ns period=12.500ns})
  Path Group:             clk
  Path Type:              Hold (Min at Fast Process Corner)
  Requirement:            0.000ns  (clk rise@0.000ns - clk rise@0.000ns)
  Data Path Delay:        0.334ns  (logic 0.193ns (57.846%)  route 0.141ns (42.154%))
  Logic Levels:           0  
  Clock Path Skew:        0.027ns (DCD - SCD - CPR)
    Destination Clock Delay (DCD):    0.542ns
    Source Clock Delay      (SCD):    0.515ns
    Clock Pessimism Removal (CPR):    -0.000ns

    Location             Delay type                Incr(ns)  Path(ns)    Netlist Resource(s)
  -------------------------------------------------------------------    -------------------
                         (clock clk rise edge)        0.000     0.000 r  
                                                      0.000     0.000 r  aclk (IN)
                         net (fo=49980, unset)        0.515     0.515    u_core/u_l2_cache/aclk
    SLICE_X129Y44        FDRE                                         r  u_core/u_l2_cache/dram_req_data_reg[1007]/C
  -------------------------------------------------------------------    -------------------
    SLICE_X129Y44        FDRE (Prop_fdre_C_Q)         0.193     0.708 r  u_core/u_l2_cache/dram_req_data_reg[1007]/Q
                         net (fo=2, routed)           0.141     0.848    u_core/u_dram_flow_gate/fifo_mem_reg_0_3_1008_1013/DIA0
    SLICE_X128Y45        RAMD32                                       r  u_core/u_dram_flow_gate/fifo_mem_reg_0_3_1008_1013/RAMA/I
  -------------------------------------------------------------------    -------------------

                         (clock clk rise edge)        0.000     0.000 r  
                                                      0.000     0.000 r  aclk (IN)
                         net (fo=49980, unset)        0.542     0.542    u_core/u_dram_flow_gate/fifo_mem_reg_0_3_1008_1013/WCLK
    SLICE_X128Y45        RAMD32                                       r  u_core/u_dram_flow_gate/fifo_mem_reg_0_3_1008_1013/RAMA/CLK
                         clock pessimism              0.000     0.542    
    SLICE_X128Y45        RAMD32 (Hold_ramd32_CLK_I)
                                                      0.265     0.807    u_core/u_dram_flow_gate/fifo_mem_reg_0_3_1008_1013/RAMA
  -------------------------------------------------------------------
                         required time                         -0.807    
                         arrival time                           0.848    
  -------------------------------------------------------------------
                         slack                                  0.042    

Slack (MET) :             0.043ns  (arrival time - required time)
  Source:                 u_core/u_l1i_cache/data_wdata_reg[412]/C
                            (rising edge-triggered cell FDRE clocked by clk  {rise@0.000ns fall@6.250ns period=12.500ns})
  Destination:            u_core/u_l1i_cache/data_ram_reg_5/DIBDI[20]
                            (rising edge-triggered cell RAMB36E1 clocked by clk  {rise@0.000ns fall@6.250ns period=12.500ns})
  Path Group:             clk
  Path Type:              Hold (Min at Fast Process Corner)
  Requirement:            0.000ns  (clk rise@0.000ns - clk rise@0.000ns)
  Data Path Delay:        0.370ns  (logic 0.177ns (47.885%)  route 0.193ns (52.115%))
  Logic Levels:           0  
  Clock Path Skew:        0.027ns (DCD - SCD - CPR)
    Destination Clock Delay (DCD):    0.542ns
    Source Clock Delay      (SCD):    0.515ns
    Clock Pessimism Removal (CPR):    -0.000ns

    Location             Delay type                Incr(ns)  Path(ns)    Netlist Resource(s)
  -------------------------------------------------------------------    -------------------
                         (clock clk rise edge)        0.000     0.000 r  
                                                      0.000     0.000 r  aclk (IN)
                         net (fo=49980, unset)        0.515     0.515    u_core/u_l1i_cache/aclk
    SLICE_X103Y80        FDRE                                         r  u_core/u_l1i_cache/data_wdata_reg[412]/C
  -------------------------------------------------------------------    -------------------
    SLICE_X103Y80        FDRE (Prop_fdre_C_Q)         0.177     0.692 r  u_core/u_l1i_cache/data_wdata_reg[412]/Q
                         net (fo=1, routed)           0.193     0.884    u_core/u_l1i_cache/data_wdata[412]
    RAMB36_X6Y16         RAMB36E1                                     r  u_core/u_l1i_cache/data_ram_reg_5/DIBDI[20]
  -------------------------------------------------------------------    -------------------

                         (clock clk rise edge)        0.000     0.000 r  
                                                      0.000     0.000 r  aclk (IN)
                         net (fo=49980, unset)        0.542     0.542    u_core/u_l1i_cache/aclk
    RAMB36_X6Y16         RAMB36E1                                     r  u_core/u_l1i_cache/data_ram_reg_5/CLKBWRCLK
                         clock pessimism              0.000     0.542    
    RAMB36_X6Y16         RAMB36E1 (Hold_ramb36e1_CLKBWRCLK_DIBDI[20])
                                                      0.300     0.842    u_core/u_l1i_cache/data_ram_reg_5
  -------------------------------------------------------------------
                         required time                         -0.842    
                         arrival time                           0.884    
  -------------------------------------------------------------------
                         slack                                  0.043    

Slack (MET) :             0.051ns  (arrival time - required time)
  Source:                 u_core/u_l2_cache/bram_wdata_reg[208]/C
                            (rising edge-triggered cell FDRE clocked by clk  {rise@0.000ns fall@6.250ns period=12.500ns})
  Destination:            u_core/u_l2_cache/data_array_w0_reg_0_15_204_209/RAMC/I
                            (rising edge-triggered cell RAMD32 clocked by clk  {rise@0.000ns fall@6.250ns period=12.500ns})
  Path Group:             clk
  Path Type:              Hold (Min at Fast Process Corner)
  Requirement:            0.000ns  (clk rise@0.000ns - clk rise@0.000ns)
  Data Path Delay:        0.341ns  (logic 0.193ns (56.584%)  route 0.148ns (43.416%))
  Logic Levels:           0  
  Clock Path Skew:        0.027ns (DCD - SCD - CPR)
    Destination Clock Delay (DCD):    0.542ns
    Source Clock Delay      (SCD):    0.515ns
    Clock Pessimism Removal (CPR):    -0.000ns

    Location             Delay type                Incr(ns)  Path(ns)    Netlist Resource(s)
  -------------------------------------------------------------------    -------------------
                         (clock clk rise edge)        0.000     0.000 r  
                                                      0.000     0.000 r  aclk (IN)
                         net (fo=49980, unset)        0.515     0.515    u_core/u_l2_cache/aclk
    SLICE_X125Y76        FDRE                                         r  u_core/u_l2_cache/bram_wdata_reg[208]/C
  -------------------------------------------------------------------    -------------------
    SLICE_X125Y76        FDRE (Prop_fdre_C_Q)         0.193     0.708 r  u_core/u_l2_cache/bram_wdata_reg[208]/Q
                         net (fo=4, routed)           0.148     0.856    u_core/u_l2_cache/data_array_w0_reg_0_15_204_209/DIC0
    SLICE_X124Y75        RAMD32                                       r  u_core/u_l2_cache/data_array_w0_reg_0_15_204_209/RAMC/I
  -------------------------------------------------------------------    -------------------

                         (clock clk rise edge)        0.000     0.000 r  
                                                      0.000     0.000 r  aclk (IN)
                         net (fo=49980, unset)        0.542     0.542    u_core/u_l2_cache/data_array_w0_reg_0_15_204_209/WCLK
    SLICE_X124Y75        RAMD32                                       r  u_core/u_l2_cache/data_array_w0_reg_0_15_204_209/RAMC/CLK
                         clock pessimism              0.000     0.542    
    SLICE_X124Y75        RAMD32 (Hold_ramd32_CLK_I)
                                                      0.263     0.805    u_core/u_l2_cache/data_array_w0_reg_0_15_204_209/RAMC
  -------------------------------------------------------------------
                         required time                         -0.805    
                         arrival time                           0.856    
  -------------------------------------------------------------------
                         slack                                  0.051    

Slack (MET) :             0.057ns  (arrival time - required time)
  Source:                 u_core/u_l2_cache/bram_wdata_reg[250]/C
                            (rising edge-triggered cell FDRE clocked by clk  {rise@0.000ns fall@6.250ns period=12.500ns})
  Destination:            u_core/u_l2_cache/data_array_w0_reg_0_15_246_251/RAMC/I
                            (rising edge-triggered cell RAMD32 clocked by clk  {rise@0.000ns fall@6.250ns period=12.500ns})
  Path Group:             clk
  Path Type:              Hold (Min at Fast Process Corner)
  Requirement:            0.000ns  (clk rise@0.000ns - clk rise@0.000ns)
  Data Path Delay:        0.347ns  (logic 0.193ns (55.668%)  route 0.154ns (44.332%))
  Logic Levels:           0  
  Clock Path Skew:        0.027ns (DCD - SCD - CPR)
    Destination Clock Delay (DCD):    0.542ns
    Source Clock Delay      (SCD):    0.515ns
    Clock Pessimism Removal (CPR):    -0.000ns

    Location             Delay type                Incr(ns)  Path(ns)    Netlist Resource(s)
  -------------------------------------------------------------------    -------------------
                         (clock clk rise edge)        0.000     0.000 r  
                                                      0.000     0.000 r  aclk (IN)
                         net (fo=49980, unset)        0.515     0.515    u_core/u_l2_cache/aclk
    SLICE_X78Y73         FDRE                                         r  u_core/u_l2_cache/bram_wdata_reg[250]/C
  -------------------------------------------------------------------    -------------------
    SLICE_X78Y73         FDRE (Prop_fdre_C_Q)         0.193     0.708 r  u_core/u_l2_cache/bram_wdata_reg[250]/Q
                         net (fo=4, routed)           0.154     0.861    u_core/u_l2_cache/data_array_w0_reg_0_15_246_251/DIC0
    SLICE_X80Y74         RAMD32                                       r  u_core/u_l2_cache/data_array_w0_reg_0_15_246_251/RAMC/I
  -------------------------------------------------------------------    -------------------

                         (clock clk rise edge)        0.000     0.000 r  
                                                      0.000     0.000 r  aclk (IN)
                         net (fo=49980, unset)        0.542     0.542    u_core/u_l2_cache/data_array_w0_reg_0_15_246_251/WCLK
    SLICE_X80Y74         RAMD32                                       r  u_core/u_l2_cache/data_array_w0_reg_0_15_246_251/RAMC/CLK
                         clock pessimism              0.000     0.542    
    SLICE_X80Y74         RAMD32 (Hold_ramd32_CLK_I)
                                                      0.263     0.805    u_core/u_l2_cache/data_array_w0_reg_0_15_246_251/RAMC
  -------------------------------------------------------------------
                         required time                         -0.805    
                         arrival time                           0.861    
  -------------------------------------------------------------------
                         slack                                  0.057    

Slack (MET) :             0.057ns  (arrival time - required time)
  Source:                 u_core/u_l2_cache/bram_wdata_reg[248]/C
                            (rising edge-triggered cell FDRE clocked by clk  {rise@0.000ns fall@6.250ns period=12.500ns})
  Destination:            u_core/u_l2_cache/data_array_w0_reg_0_15_246_251/RAMB/I
                            (rising edge-triggered cell RAMD32 clocked by clk  {rise@0.000ns fall@6.250ns period=12.500ns})
  Path Group:             clk
  Path Type:              Hold (Min at Fast Process Corner)
  Requirement:            0.000ns  (clk rise@0.000ns - clk rise@0.000ns)
  Data Path Delay:        0.348ns  (logic 0.193ns (55.488%)  route 0.155ns (44.512%))
  Logic Levels:           0  
  Clock Path Skew:        0.027ns (DCD - SCD - CPR)
    Destination Clock Delay (DCD):    0.542ns
    Source Clock Delay      (SCD):    0.515ns
    Clock Pessimism Removal (CPR):    -0.000ns

    Location             Delay type                Incr(ns)  Path(ns)    Netlist Resource(s)
  -------------------------------------------------------------------    -------------------
                         (clock clk rise edge)        0.000     0.000 r  
                                                      0.000     0.000 r  aclk (IN)
                         net (fo=49980, unset)        0.515     0.515    u_core/u_l2_cache/aclk
    SLICE_X78Y73         FDRE                                         r  u_core/u_l2_cache/bram_wdata_reg[248]/C
  -------------------------------------------------------------------    -------------------
    SLICE_X78Y73         FDRE (Prop_fdre_C_Q)         0.193     0.708 r  u_core/u_l2_cache/bram_wdata_reg[248]/Q
                         net (fo=4, routed)           0.155     0.863    u_core/u_l2_cache/data_array_w0_reg_0_15_246_251/DIB0
    SLICE_X80Y74         RAMD32                                       r  u_core/u_l2_cache/data_array_w0_reg_0_15_246_251/RAMB/I
  -------------------------------------------------------------------    -------------------

                         (clock clk rise edge)        0.000     0.000 r  
                                                      0.000     0.000 r  aclk (IN)
                         net (fo=49980, unset)        0.542     0.542    u_core/u_l2_cache/data_array_w0_reg_0_15_246_251/WCLK
    SLICE_X80Y74         RAMD32                                       r  u_core/u_l2_cache/data_array_w0_reg_0_15_246_251/RAMB/CLK
                         clock pessimism              0.000     0.542    
    SLICE_X80Y74         RAMD32 (Hold_ramd32_CLK_I)
                                                      0.264     0.806    u_core/u_l2_cache/data_array_w0_reg_0_15_246_251/RAMB
  -------------------------------------------------------------------
                         required time                         -0.806    
                         arrival time                           0.863    
  -------------------------------------------------------------------
                         slack                                  0.057    





Pulse Width Checks
--------------------------------------------------------------------------------------
Clock Name:         clk
Waveform(ns):       { 0.000 6.250 }
Period(ns):         12.500
Sources:            { aclk }

Check Type        Corner  Lib Pin      Reference Pin  Required(ns)  Actual(ns)  Slack(ns)  Location        Pin
Min Period        n/a     DSP48E1/CLK  n/a            4.752         12.500      7.748      DSP48_X7Y2      u_core/u_tensor_bf16/row_gen[0].col_gen[0].u_pe/mac_temp0/CLK
Min Period        n/a     DSP48E1/CLK  n/a            4.752         12.500      7.748      DSP48_X8Y1      u_core/u_tensor_bf16/row_gen[0].col_gen[1].u_pe/mac_temp0/CLK
Min Period        n/a     DSP48E1/CLK  n/a            4.752         12.500      7.748      DSP48_X7Y13     u_core/u_tensor_bf16/row_gen[0].col_gen[2].u_pe/mac_temp0/CLK
Min Period        n/a     DSP48E1/CLK  n/a            4.752         12.500      7.748      DSP48_X2Y3      u_core/u_tensor_bf16/row_gen[0].col_gen[3].u_pe/mac_temp0/CLK
Min Period        n/a     DSP48E1/CLK  n/a            4.752         12.500      7.748      DSP48_X8Y6      u_core/u_tensor_bf16/row_gen[0].col_gen[4].u_pe/mac_temp0/CLK
Min Period        n/a     DSP48E1/CLK  n/a            4.752         12.500      7.748      DSP48_X8Y2      u_core/u_tensor_bf16/row_gen[0].col_gen[5].u_pe/mac_temp0/CLK
Min Period        n/a     DSP48E1/CLK  n/a            4.752         12.500      7.748      DSP48_X2Y20     u_core/u_tensor_bf16/row_gen[0].col_gen[6].u_pe/mac_temp0/CLK
Min Period        n/a     DSP48E1/CLK  n/a            4.752         12.500      7.748      DSP48_X2Y15     u_core/u_tensor_bf16/row_gen[0].col_gen[7].u_pe/mac_temp0/CLK
Min Period        n/a     DSP48E1/CLK  n/a            4.752         12.500      7.748      DSP48_X7Y4      u_core/u_tensor_bf16/row_gen[1].col_gen[0].u_pe/mac_temp0/CLK
Min Period        n/a     DSP48E1/CLK  n/a            4.752         12.500      7.748      DSP48_X5Y20     u_core/u_tensor_bf16/row_gen[1].col_gen[1].u_pe/mac_temp0/CLK
Low Pulse Width   Slow    RAMD32/CLK   n/a            1.604         6.250       4.646      SLICE_X124Y137  u_core/u_decoder/gen_diq_bank[0].u_bank/mem_dest_reg_reg_0_7_0_5/RAMA/CLK
Low Pulse Width   Fast    RAMD32/CLK   n/a            1.604         6.250       4.646      SLICE_X124Y137  u_core/u_decoder/gen_diq_bank[0].u_bank/mem_dest_reg_reg_0_7_0_5/RAMA/CLK
Low Pulse Width   Slow    RAMD32/CLK   n/a            1.604         6.250       4.646      SLICE_X124Y137  u_core/u_decoder/gen_diq_bank[0].u_bank/mem_dest_reg_reg_0_7_0_5/RAMA_D1/CLK
Low Pulse Width   Fast    RAMD32/CLK   n/a            1.604         6.250       4.646      SLICE_X124Y137  u_core/u_decoder/gen_diq_bank[0].u_bank/mem_dest_reg_reg_0_7_0_5/RAMA_D1/CLK
Low Pulse Width   Slow    RAMD32/CLK   n/a            1.604         6.250       4.646      SLICE_X124Y137  u_core/u_decoder/gen_diq_bank[0].u_bank/mem_dest_reg_reg_0_7_0_5/RAMB/CLK
Low Pulse Width   Fast    RAMD32/CLK   n/a            1.604         6.250       4.646      SLICE_X124Y137  u_core/u_decoder/gen_diq_bank[0].u_bank/mem_dest_reg_reg_0_7_0_5/RAMB/CLK
Low Pulse Width   Slow    RAMD32/CLK   n/a            1.604         6.250       4.646      SLICE_X124Y137  u_core/u_decoder/gen_diq_bank[0].u_bank/mem_dest_reg_reg_0_7_0_5/RAMB_D1/CLK
Low Pulse Width   Fast    RAMD32/CLK   n/a            1.604         6.250       4.646      SLICE_X124Y137  u_core/u_decoder/gen_diq_bank[0].u_bank/mem_dest_reg_reg_0_7_0_5/RAMB_D1/CLK
Low Pulse Width   Slow    RAMD32/CLK   n/a            1.604         6.250       4.646      SLICE_X124Y137  u_core/u_decoder/gen_diq_bank[0].u_bank/mem_dest_reg_reg_0_7_0_5/RAMC/CLK
Low Pulse Width   Fast    RAMD32/CLK   n/a            1.604         6.250       4.646      SLICE_X124Y137  u_core/u_decoder/gen_diq_bank[0].u_bank/mem_dest_reg_reg_0_7_0_5/RAMC/CLK
High Pulse Width  Slow    RAMD32/CLK   n/a            1.604         6.250       4.646      SLICE_X124Y137  u_core/u_decoder/gen_diq_bank[0].u_bank/mem_dest_reg_reg_0_7_0_5/RAMA/CLK
High Pulse Width  Fast    RAMD32/CLK   n/a            1.604         6.250       4.646      SLICE_X124Y137  u_core/u_decoder/gen_diq_bank[0].u_bank/mem_dest_reg_reg_0_7_0_5/RAMA/CLK
High Pulse Width  Slow    RAMD32/CLK   n/a            1.604         6.250       4.646      SLICE_X124Y137  u_core/u_decoder/gen_diq_bank[0].u_bank/mem_dest_reg_reg_0_7_0_5/RAMA_D1/CLK
High Pulse Width  Fast    RAMD32/CLK   n/a            1.604         6.250       4.646      SLICE_X124Y137  u_core/u_decoder/gen_diq_bank[0].u_bank/mem_dest_reg_reg_0_7_0_5/RAMA_D1/CLK
High Pulse Width  Slow    RAMD32/CLK   n/a            1.604         6.250       4.646      SLICE_X124Y137  u_core/u_decoder/gen_diq_bank[0].u_bank/mem_dest_reg_reg_0_7_0_5/RAMB/CLK
High Pulse Width  Fast    RAMD32/CLK   n/a            1.604         6.250       4.646      SLICE_X124Y137  u_core/u_decoder/gen_diq_bank[0].u_bank/mem_dest_reg_reg_0_7_0_5/RAMB/CLK
High Pulse Width  Slow    RAMD32/CLK   n/a            1.604         6.250       4.646      SLICE_X124Y137  u_core/u_decoder/gen_diq_bank[0].u_bank/mem_dest_reg_reg_0_7_0_5/RAMB_D1/CLK
High Pulse Width  Fast    RAMD32/CLK   n/a            1.604         6.250       4.646      SLICE_X124Y137  u_core/u_decoder/gen_diq_bank[0].u_bank/mem_dest_reg_reg_0_7_0_5/RAMB_D1/CLK
High Pulse Width  Slow    RAMD32/CLK   n/a            1.604         6.250       4.646      SLICE_X124Y137  u_core/u_decoder/gen_diq_bank[0].u_bank/mem_dest_reg_reg_0_7_0_5/RAMC/CLK
High Pulse Width  Fast    RAMD32/CLK   n/a            1.604         6.250       4.646      SLICE_X124Y137  u_core/u_decoder/gen_diq_bank[0].u_bank/mem_dest_reg_reg_0_7_0_5/RAMC/CLK



---------------------------------------------------------------------------------------------------
Path Group:  **async_default**
From Clock:  clk
  To Clock:  clk

Setup :            0  Failing Endpoints,  Worst Slack        0.550ns,  Total Violation        0.000ns
Hold  :            0  Failing Endpoints,  Worst Slack        2.330ns,  Total Violation        0.000ns
---------------------------------------------------------------------------------------------------


Max Delay Paths
--------------------------------------------------------------------------------------
Slack (MET) :             0.550ns  (required time - arrival time)
  Source:                 rst_sync_2_reg/C
                            (rising edge-triggered cell FDCE clocked by clk  {rise@0.000ns fall@6.250ns period=12.500ns})
  Destination:            u_core/u_noc_router/rd_ptr_reg[2][0]/CLR
                            (recovery check against rising-edge clock clk  {rise@0.000ns fall@6.250ns period=12.500ns})
  Path Group:             **async_default**
  Path Type:              Recovery (Max at Slow Process Corner)
  Requirement:            12.500ns  (clk rise@12.500ns - clk rise@0.000ns)
  Data Path Delay:        11.385ns  (logic 0.684ns (6.008%)  route 10.701ns (93.992%))
  Logic Levels:           1  (LUT1=1)
  Clock Path Skew:        -0.052ns (DCD - SCD + CPR)
    Destination Clock Delay (DCD):    0.986ns = ( 13.486 - 12.500 ) 
    Source Clock Delay      (SCD):    1.038ns
    Clock Pessimism Removal (CPR):    0.000ns
  Clock Uncertainty:      0.035ns  ((TSJ^2 + TIJ^2)^1/2 + DJ) / 2 + PE
    Total System Jitter     (TSJ):    0.071ns
    Total Input Jitter      (TIJ):    0.000ns
    Discrete Jitter          (DJ):    0.000ns
    Phase Error              (PE):    0.000ns

    Location             Delay type                Incr(ns)  Path(ns)    Netlist Resource(s)
  -------------------------------------------------------------------    -------------------
                         (clock clk rise edge)        0.000     0.000 r  
                                                      0.000     0.000 r  aclk (IN)
                         net (fo=49980, unset)        1.038     1.038    aclk
    SLICE_X125Y120       FDCE                                         r  rst_sync_2_reg/C
  -------------------------------------------------------------------    -------------------
    SLICE_X125Y120       FDCE (Prop_fdce_C_Q)         0.536     1.574 r  rst_sync_2_reg/Q
                         net (fo=52, routed)          3.675     5.249    u_core/u_tensor_bf16/row_gen[6].col_gen[7].u_pe/lopt
    SLICE_X83Y50         LUT1 (Prop_lut1_I0_O)        0.148     5.397 f  u_core/u_tensor_bf16/row_gen[6].col_gen[7].u_pe/mac_temp0_i_2/O
                         net (fo=16284, routed)       7.026    12.423    u_core/u_noc_router/RSTM
    SLICE_X19Y166        FDCE                                         f  u_core/u_noc_router/rd_ptr_reg[2][0]/CLR
  -------------------------------------------------------------------    -------------------

                         (clock clk rise edge)       12.500    12.500 r  
                                                      0.000    12.500 r  aclk (IN)
                         net (fo=49980, unset)        0.986    13.486    u_core/u_noc_router/aclk
    SLICE_X19Y166        FDCE                                         r  u_core/u_noc_router/rd_ptr_reg[2][0]/C
                         clock pessimism              0.000    13.486    
                         clock uncertainty           -0.035    13.451    
    SLICE_X19Y166        FDCE (Recov_fdce_C_CLR)     -0.478    12.973    u_core/u_noc_router/rd_ptr_reg[2][0]
  -------------------------------------------------------------------
                         required time                         12.973    
                         arrival time                         -12.423    
  -------------------------------------------------------------------
                         slack                                  0.550    

Slack (MET) :             0.550ns  (required time - arrival time)
  Source:                 rst_sync_2_reg/C
                            (rising edge-triggered cell FDCE clocked by clk  {rise@0.000ns fall@6.250ns period=12.500ns})
  Destination:            u_core/u_noc_router/rd_ptr_reg[2][1]/CLR
                            (recovery check against rising-edge clock clk  {rise@0.000ns fall@6.250ns period=12.500ns})
  Path Group:             **async_default**
  Path Type:              Recovery (Max at Slow Process Corner)
  Requirement:            12.500ns  (clk rise@12.500ns - clk rise@0.000ns)
  Data Path Delay:        11.385ns  (logic 0.684ns (6.008%)  route 10.701ns (93.992%))
  Logic Levels:           1  (LUT1=1)
  Clock Path Skew:        -0.052ns (DCD - SCD + CPR)
    Destination Clock Delay (DCD):    0.986ns = ( 13.486 - 12.500 ) 
    Source Clock Delay      (SCD):    1.038ns
    Clock Pessimism Removal (CPR):    0.000ns
  Clock Uncertainty:      0.035ns  ((TSJ^2 + TIJ^2)^1/2 + DJ) / 2 + PE
    Total System Jitter     (TSJ):    0.071ns
    Total Input Jitter      (TIJ):    0.000ns
    Discrete Jitter          (DJ):    0.000ns
    Phase Error              (PE):    0.000ns

    Location             Delay type                Incr(ns)  Path(ns)    Netlist Resource(s)
  -------------------------------------------------------------------    -------------------
                         (clock clk rise edge)        0.000     0.000 r  
                                                      0.000     0.000 r  aclk (IN)
                         net (fo=49980, unset)        1.038     1.038    aclk
    SLICE_X125Y120       FDCE                                         r  rst_sync_2_reg/C
  -------------------------------------------------------------------    -------------------
    SLICE_X125Y120       FDCE (Prop_fdce_C_Q)         0.536     1.574 r  rst_sync_2_reg/Q
                         net (fo=52, routed)          3.675     5.249    u_core/u_tensor_bf16/row_gen[6].col_gen[7].u_pe/lopt
    SLICE_X83Y50         LUT1 (Prop_lut1_I0_O)        0.148     5.397 f  u_core/u_tensor_bf16/row_gen[6].col_gen[7].u_pe/mac_temp0_i_2/O
                         net (fo=16284, routed)       7.026    12.423    u_core/u_noc_router/RSTM
    SLICE_X19Y166        FDCE                                         f  u_core/u_noc_router/rd_ptr_reg[2][1]/CLR
  -------------------------------------------------------------------    -------------------

                         (clock clk rise edge)       12.500    12.500 r  
                                                      0.000    12.500 r  aclk (IN)
                         net (fo=49980, unset)        0.986    13.486    u_core/u_noc_router/aclk
    SLICE_X19Y166        FDCE                                         r  u_core/u_noc_router/rd_ptr_reg[2][1]/C
                         clock pessimism              0.000    13.486    
                         clock uncertainty           -0.035    13.451    
    SLICE_X19Y166        FDCE (Recov_fdce_C_CLR)     -0.478    12.973    u_core/u_noc_router/rd_ptr_reg[2][1]
  -------------------------------------------------------------------
                         required time                         12.973    
                         arrival time                         -12.423    
  -------------------------------------------------------------------
                         slack                                  0.550    

Slack (MET) :             0.556ns  (required time - arrival time)
  Source:                 rst_sync_2_reg/C
                            (rising edge-triggered cell FDCE clocked by clk  {rise@0.000ns fall@6.250ns period=12.500ns})
  Destination:            u_core/u_noc_router/count_reg[1][2]/CLR
                            (recovery check against rising-edge clock clk  {rise@0.000ns fall@6.250ns period=12.500ns})
  Path Group:             **async_default**
  Path Type:              Recovery (Max at Slow Process Corner)
  Requirement:            12.500ns  (clk rise@12.500ns - clk rise@0.000ns)
  Data Path Delay:        11.432ns  (logic 0.684ns (5.983%)  route 10.748ns (94.017%))
  Logic Levels:           1  (LUT1=1)
  Clock Path Skew:        -0.052ns (DCD - SCD + CPR)
    Destination Clock Delay (DCD):    0.986ns = ( 13.486 - 12.500 ) 
    Source Clock Delay      (SCD):    1.038ns
    Clock Pessimism Removal (CPR):    0.000ns
  Clock Uncertainty:      0.035ns  ((TSJ^2 + TIJ^2)^1/2 + DJ) / 2 + PE
    Total System Jitter     (TSJ):    0.071ns
    Total Input Jitter      (TIJ):    0.000ns
    Discrete Jitter          (DJ):    0.000ns
    Phase Error              (PE):    0.000ns

    Location             Delay type                Incr(ns)  Path(ns)    Netlist Resource(s)
  -------------------------------------------------------------------    -------------------
                         (clock clk rise edge)        0.000     0.000 r  
                                                      0.000     0.000 r  aclk (IN)
                         net (fo=49980, unset)        1.038     1.038    aclk
    SLICE_X125Y120       FDCE                                         r  rst_sync_2_reg/C
  -------------------------------------------------------------------    -------------------
    SLICE_X125Y120       FDCE (Prop_fdce_C_Q)         0.536     1.574 r  rst_sync_2_reg/Q
                         net (fo=52, routed)          3.675     5.249    u_core/u_tensor_bf16/row_gen[6].col_gen[7].u_pe/lopt
    SLICE_X83Y50         LUT1 (Prop_lut1_I0_O)        0.148     5.397 f  u_core/u_tensor_bf16/row_gen[6].col_gen[7].u_pe/mac_temp0_i_2/O
                         net (fo=16284, routed)       7.073    12.470    u_core/u_noc_router/RSTM
    SLICE_X16Y169        FDCE                                         f  u_core/u_noc_router/count_reg[1][2]/CLR
  -------------------------------------------------------------------    -------------------

                         (clock clk rise edge)       12.500    12.500 r  
                                                      0.000    12.500 r  aclk (IN)
                         net (fo=49980, unset)        0.986    13.486    u_core/u_noc_router/aclk
    SLICE_X16Y169        FDCE                                         r  u_core/u_noc_router/count_reg[1][2]/C
                         clock pessimism              0.000    13.486    
                         clock uncertainty           -0.035    13.451    
    SLICE_X16Y169        FDCE (Recov_fdce_C_CLR)     -0.425    13.026    u_core/u_noc_router/count_reg[1][2]
  -------------------------------------------------------------------
                         required time                         13.026    
                         arrival time                         -12.470    
  -------------------------------------------------------------------
                         slack                                  0.556    

Slack (MET) :             0.608ns  (required time - arrival time)
  Source:                 rst_sync_2_reg/C
                            (rising edge-triggered cell FDCE clocked by clk  {rise@0.000ns fall@6.250ns period=12.500ns})
  Destination:            u_core/u_noc_router/count_reg[1][0]/CLR
                            (recovery check against rising-edge clock clk  {rise@0.000ns fall@6.250ns period=12.500ns})
  Path Group:             **async_default**
  Path Type:              Recovery (Max at Slow Process Corner)
  Requirement:            12.500ns  (clk rise@12.500ns - clk rise@0.000ns)
  Data Path Delay:        11.432ns  (logic 0.684ns (5.983%)  route 10.748ns (94.017%))
  Logic Levels:           1  (LUT1=1)
  Clock Path Skew:        -0.052ns (DCD - SCD + CPR)
    Destination Clock Delay (DCD):    0.986ns = ( 13.486 - 12.500 ) 
    Source Clock Delay      (SCD):    1.038ns
    Clock Pessimism Removal (CPR):    0.000ns
  Clock Uncertainty:      0.035ns  ((TSJ^2 + TIJ^2)^1/2 + DJ) / 2 + PE
    Total System Jitter     (TSJ):    0.071ns
    Total Input Jitter      (TIJ):    0.000ns
    Discrete Jitter          (DJ):    0.000ns
    Phase Error              (PE):    0.000ns

    Location             Delay type                Incr(ns)  Path(ns)    Netlist Resource(s)
  -------------------------------------------------------------------    -------------------
                         (clock clk rise edge)        0.000     0.000 r  
                                                      0.000     0.000 r  aclk (IN)
                         net (fo=49980, unset)        1.038     1.038    aclk
    SLICE_X125Y120       FDCE                                         r  rst_sync_2_reg/C
  -------------------------------------------------------------------    -------------------
    SLICE_X125Y120       FDCE (Prop_fdce_C_Q)         0.536     1.574 r  rst_sync_2_reg/Q
                         net (fo=52, routed)          3.675     5.249    u_core/u_tensor_bf16/row_gen[6].col_gen[7].u_pe/lopt
    SLICE_X83Y50         LUT1 (Prop_lut1_I0_O)        0.148     5.397 f  u_core/u_tensor_bf16/row_gen[6].col_gen[7].u_pe/mac_temp0_i_2/O
                         net (fo=16284, routed)       7.073    12.470    u_core/u_noc_router/RSTM
    SLICE_X16Y169        FDCE                                         f  u_core/u_noc_router/count_reg[1][0]/CLR
  -------------------------------------------------------------------    -------------------

                         (clock clk rise edge)       12.500    12.500 r  
                                                      0.000    12.500 r  aclk (IN)
                         net (fo=49980, unset)        0.986    13.486    u_core/u_noc_router/aclk
    SLICE_X16Y169        FDCE                                         r  u_core/u_noc_router/count_reg[1][0]/C
                         clock pessimism              0.000    13.486    
                         clock uncertainty           -0.035    13.451    
    SLICE_X16Y169        FDCE (Recov_fdce_C_CLR)     -0.373    13.078    u_core/u_noc_router/count_reg[1][0]
  -------------------------------------------------------------------
                         required time                         13.078    
                         arrival time                         -12.470    
  -------------------------------------------------------------------
                         slack                                  0.608    

Slack (MET) :             0.608ns  (required time - arrival time)
  Source:                 rst_sync_2_reg/C
                            (rising edge-triggered cell FDCE clocked by clk  {rise@0.000ns fall@6.250ns period=12.500ns})
  Destination:            u_core/u_noc_router/count_reg[1][1]/CLR
                            (recovery check against rising-edge clock clk  {rise@0.000ns fall@6.250ns period=12.500ns})
  Path Group:             **async_default**
  Path Type:              Recovery (Max at Slow Process Corner)
  Requirement:            12.500ns  (clk rise@12.500ns - clk rise@0.000ns)
  Data Path Delay:        11.432ns  (logic 0.684ns (5.983%)  route 10.748ns (94.017%))
  Logic Levels:           1  (LUT1=1)
  Clock Path Skew:        -0.052ns (DCD - SCD + CPR)
    Destination Clock Delay (DCD):    0.986ns = ( 13.486 - 12.500 ) 
    Source Clock Delay      (SCD):    1.038ns
    Clock Pessimism Removal (CPR):    0.000ns
  Clock Uncertainty:      0.035ns  ((TSJ^2 + TIJ^2)^1/2 + DJ) / 2 + PE
    Total System Jitter     (TSJ):    0.071ns
    Total Input Jitter      (TIJ):    0.000ns
    Discrete Jitter          (DJ):    0.000ns
    Phase Error              (PE):    0.000ns

    Location             Delay type                Incr(ns)  Path(ns)    Netlist Resource(s)
  -------------------------------------------------------------------    -------------------
                         (clock clk rise edge)        0.000     0.000 r  
                                                      0.000     0.000 r  aclk (IN)
                         net (fo=49980, unset)        1.038     1.038    aclk
    SLICE_X125Y120       FDCE                                         r  rst_sync_2_reg/C
  -------------------------------------------------------------------    -------------------
    SLICE_X125Y120       FDCE (Prop_fdce_C_Q)         0.536     1.574 r  rst_sync_2_reg/Q
                         net (fo=52, routed)          3.675     5.249    u_core/u_tensor_bf16/row_gen[6].col_gen[7].u_pe/lopt
    SLICE_X83Y50         LUT1 (Prop_lut1_I0_O)        0.148     5.397 f  u_core/u_tensor_bf16/row_gen[6].col_gen[7].u_pe/mac_temp0_i_2/O
                         net (fo=16284, routed)       7.073    12.470    u_core/u_noc_router/RSTM
    SLICE_X16Y169        FDCE                                         f  u_core/u_noc_router/count_reg[1][1]/CLR
  -------------------------------------------------------------------    -------------------

                         (clock clk rise edge)       12.500    12.500 r  
                                                      0.000    12.500 r  aclk (IN)
                         net (fo=49980, unset)        0.986    13.486    u_core/u_noc_router/aclk
    SLICE_X16Y169        FDCE                                         r  u_core/u_noc_router/count_reg[1][1]/C
                         clock pessimism              0.000    13.486    
                         clock uncertainty           -0.035    13.451    
    SLICE_X16Y169        FDCE (Recov_fdce_C_CLR)     -0.373    13.078    u_core/u_noc_router/count_reg[1][1]
  -------------------------------------------------------------------
                         required time                         13.078    
                         arrival time                         -12.470    
  -------------------------------------------------------------------
                         slack                                  0.608    

Slack (MET) :             0.626ns  (required time - arrival time)
  Source:                 rst_sync_2_reg/C
                            (rising edge-triggered cell FDCE clocked by clk  {rise@0.000ns fall@6.250ns period=12.500ns})
  Destination:            u_core/u_noc_router/count_reg[3][0]/CLR
                            (recovery check against rising-edge clock clk  {rise@0.000ns fall@6.250ns period=12.500ns})
  Path Group:             **async_default**
  Path Type:              Recovery (Max at Slow Process Corner)
  Requirement:            12.500ns  (clk rise@12.500ns - clk rise@0.000ns)
  Data Path Delay:        11.309ns  (logic 0.684ns (6.048%)  route 10.625ns (93.952%))
  Logic Levels:           1  (LUT1=1)
  Clock Path Skew:        -0.052ns (DCD - SCD + CPR)
    Destination Clock Delay (DCD):    0.986ns = ( 13.486 - 12.500 ) 
    Source Clock Delay      (SCD):    1.038ns
    Clock Pessimism Removal (CPR):    0.000ns
  Clock Uncertainty:      0.035ns  ((TSJ^2 + TIJ^2)^1/2 + DJ) / 2 + PE
    Total System Jitter     (TSJ):    0.071ns
    Total Input Jitter      (TIJ):    0.000ns
    Discrete Jitter          (DJ):    0.000ns
    Phase Error              (PE):    0.000ns

    Location             Delay type                Incr(ns)  Path(ns)    Netlist Resource(s)
  -------------------------------------------------------------------    -------------------
                         (clock clk rise edge)        0.000     0.000 r  
                                                      0.000     0.000 r  aclk (IN)
                         net (fo=49980, unset)        1.038     1.038    aclk
    SLICE_X125Y120       FDCE                                         r  rst_sync_2_reg/C
  -------------------------------------------------------------------    -------------------
    SLICE_X125Y120       FDCE (Prop_fdce_C_Q)         0.536     1.574 r  rst_sync_2_reg/Q
                         net (fo=52, routed)          3.675     5.249    u_core/u_tensor_bf16/row_gen[6].col_gen[7].u_pe/lopt
    SLICE_X83Y50         LUT1 (Prop_lut1_I0_O)        0.148     5.397 f  u_core/u_tensor_bf16/row_gen[6].col_gen[7].u_pe/mac_temp0_i_2/O
                         net (fo=16284, routed)       6.949    12.347    u_core/u_noc_router/RSTM
    SLICE_X9Y169         FDCE                                         f  u_core/u_noc_router/count_reg[3][0]/CLR
  -------------------------------------------------------------------    -------------------

                         (clock clk rise edge)       12.500    12.500 r  
                                                      0.000    12.500 r  aclk (IN)
                         net (fo=49980, unset)        0.986    13.486    u_core/u_noc_router/aclk
    SLICE_X9Y169         FDCE                                         r  u_core/u_noc_router/count_reg[3][0]/C
                         clock pessimism              0.000    13.486    
                         clock uncertainty           -0.035    13.451    
    SLICE_X9Y169         FDCE (Recov_fdce_C_CLR)     -0.478    12.973    u_core/u_noc_router/count_reg[3][0]
  -------------------------------------------------------------------
                         required time                         12.973    
                         arrival time                         -12.347    
  -------------------------------------------------------------------
                         slack                                  0.626    

Slack (MET) :             0.626ns  (required time - arrival time)
  Source:                 rst_sync_2_reg/C
                            (rising edge-triggered cell FDCE clocked by clk  {rise@0.000ns fall@6.250ns period=12.500ns})
  Destination:            u_core/u_noc_router/count_reg[3][1]/CLR
                            (recovery check against rising-edge clock clk  {rise@0.000ns fall@6.250ns period=12.500ns})
  Path Group:             **async_default**
  Path Type:              Recovery (Max at Slow Process Corner)
  Requirement:            12.500ns  (clk rise@12.500ns - clk rise@0.000ns)
  Data Path Delay:        11.309ns  (logic 0.684ns (6.048%)  route 10.625ns (93.952%))
  Logic Levels:           1  (LUT1=1)
  Clock Path Skew:        -0.052ns (DCD - SCD + CPR)
    Destination Clock Delay (DCD):    0.986ns = ( 13.486 - 12.500 ) 
    Source Clock Delay      (SCD):    1.038ns
    Clock Pessimism Removal (CPR):    0.000ns
  Clock Uncertainty:      0.035ns  ((TSJ^2 + TIJ^2)^1/2 + DJ) / 2 + PE
    Total System Jitter     (TSJ):    0.071ns
    Total Input Jitter      (TIJ):    0.000ns
    Discrete Jitter          (DJ):    0.000ns
    Phase Error              (PE):    0.000ns

    Location             Delay type                Incr(ns)  Path(ns)    Netlist Resource(s)
  -------------------------------------------------------------------    -------------------
                         (clock clk rise edge)        0.000     0.000 r  
                                                      0.000     0.000 r  aclk (IN)
                         net (fo=49980, unset)        1.038     1.038    aclk
    SLICE_X125Y120       FDCE                                         r  rst_sync_2_reg/C
  -------------------------------------------------------------------    -------------------
    SLICE_X125Y120       FDCE (Prop_fdce_C_Q)         0.536     1.574 r  rst_sync_2_reg/Q
                         net (fo=52, routed)          3.675     5.249    u_core/u_tensor_bf16/row_gen[6].col_gen[7].u_pe/lopt
    SLICE_X83Y50         LUT1 (Prop_lut1_I0_O)        0.148     5.397 f  u_core/u_tensor_bf16/row_gen[6].col_gen[7].u_pe/mac_temp0_i_2/O
                         net (fo=16284, routed)       6.949    12.347    u_core/u_noc_router/RSTM
    SLICE_X9Y169         FDCE                                         f  u_core/u_noc_router/count_reg[3][1]/CLR
  -------------------------------------------------------------------    -------------------

                         (clock clk rise edge)       12.500    12.500 r  
                                                      0.000    12.500 r  aclk (IN)
                         net (fo=49980, unset)        0.986    13.486    u_core/u_noc_router/aclk
    SLICE_X9Y169         FDCE                                         r  u_core/u_noc_router/count_reg[3][1]/C
                         clock pessimism              0.000    13.486    
                         clock uncertainty           -0.035    13.451    
    SLICE_X9Y169         FDCE (Recov_fdce_C_CLR)     -0.478    12.973    u_core/u_noc_router/count_reg[3][1]
  -------------------------------------------------------------------
                         required time                         12.973    
                         arrival time                         -12.347    
  -------------------------------------------------------------------
                         slack                                  0.626    

Slack (MET) :             0.626ns  (required time - arrival time)
  Source:                 rst_sync_2_reg/C
                            (rising edge-triggered cell FDCE clocked by clk  {rise@0.000ns fall@6.250ns period=12.500ns})
  Destination:            u_core/u_noc_router/count_reg[3][2]/CLR
                            (recovery check against rising-edge clock clk  {rise@0.000ns fall@6.250ns period=12.500ns})
  Path Group:             **async_default**
  Path Type:              Recovery (Max at Slow Process Corner)
  Requirement:            12.500ns  (clk rise@12.500ns - clk rise@0.000ns)
  Data Path Delay:        11.309ns  (logic 0.684ns (6.048%)  route 10.625ns (93.952%))
  Logic Levels:           1  (LUT1=1)
  Clock Path Skew:        -0.052ns (DCD - SCD + CPR)
    Destination Clock Delay (DCD):    0.986ns = ( 13.486 - 12.500 ) 
    Source Clock Delay      (SCD):    1.038ns
    Clock Pessimism Removal (CPR):    0.000ns
  Clock Uncertainty:      0.035ns  ((TSJ^2 + TIJ^2)^1/2 + DJ) / 2 + PE
    Total System Jitter     (TSJ):    0.071ns
    Total Input Jitter      (TIJ):    0.000ns
    Discrete Jitter          (DJ):    0.000ns
    Phase Error              (PE):    0.000ns

    Location             Delay type                Incr(ns)  Path(ns)    Netlist Resource(s)
  -------------------------------------------------------------------    -------------------
                         (clock clk rise edge)        0.000     0.000 r  
                                                      0.000     0.000 r  aclk (IN)
                         net (fo=49980, unset)        1.038     1.038    aclk
    SLICE_X125Y120       FDCE                                         r  rst_sync_2_reg/C
  -------------------------------------------------------------------    -------------------
    SLICE_X125Y120       FDCE (Prop_fdce_C_Q)         0.536     1.574 r  rst_sync_2_reg/Q
                         net (fo=52, routed)          3.675     5.249    u_core/u_tensor_bf16/row_gen[6].col_gen[7].u_pe/lopt
    SLICE_X83Y50         LUT1 (Prop_lut1_I0_O)        0.148     5.397 f  u_core/u_tensor_bf16/row_gen[6].col_gen[7].u_pe/mac_temp0_i_2/O
                         net (fo=16284, routed)       6.949    12.347    u_core/u_noc_router/RSTM
    SLICE_X9Y169         FDCE                                         f  u_core/u_noc_router/count_reg[3][2]/CLR
  -------------------------------------------------------------------    -------------------

                         (clock clk rise edge)       12.500    12.500 r  
                                                      0.000    12.500 r  aclk (IN)
                         net (fo=49980, unset)        0.986    13.486    u_core/u_noc_router/aclk
    SLICE_X9Y169         FDCE                                         r  u_core/u_noc_router/count_reg[3][2]/C
                         clock pessimism              0.000    13.486    
                         clock uncertainty           -0.035    13.451    
    SLICE_X9Y169         FDCE (Recov_fdce_C_CLR)     -0.478    12.973    u_core/u_noc_router/count_reg[3][2]
  -------------------------------------------------------------------
                         required time                         12.973    
                         arrival time                         -12.347    
  -------------------------------------------------------------------
                         slack                                  0.626    

Slack (MET) :             0.661ns  (required time - arrival time)
  Source:                 rst_sync_2_reg/C
                            (rising edge-triggered cell FDCE clocked by clk  {rise@0.000ns fall@6.250ns period=12.500ns})
  Destination:            u_core/u_noc_router/pop_reg[1]/CLR
                            (recovery check against rising-edge clock clk  {rise@0.000ns fall@6.250ns period=12.500ns})
  Path Group:             **async_default**
  Path Type:              Recovery (Max at Slow Process Corner)
  Requirement:            12.500ns  (clk rise@12.500ns - clk rise@0.000ns)
  Data Path Delay:        11.327ns  (logic 0.684ns (6.039%)  route 10.643ns (93.961%))
  Logic Levels:           1  (LUT1=1)
  Clock Path Skew:        -0.052ns (DCD - SCD + CPR)
    Destination Clock Delay (DCD):    0.986ns = ( 13.486 - 12.500 ) 
    Source Clock Delay      (SCD):    1.038ns
    Clock Pessimism Removal (CPR):    0.000ns
  Clock Uncertainty:      0.035ns  ((TSJ^2 + TIJ^2)^1/2 + DJ) / 2 + PE
    Total System Jitter     (TSJ):    0.071ns
    Total Input Jitter      (TIJ):    0.000ns
    Discrete Jitter          (DJ):    0.000ns
    Phase Error              (PE):    0.000ns

    Location             Delay type                Incr(ns)  Path(ns)    Netlist Resource(s)
  -------------------------------------------------------------------    -------------------
                         (clock clk rise edge)        0.000     0.000 r  
                                                      0.000     0.000 r  aclk (IN)
                         net (fo=49980, unset)        1.038     1.038    aclk
    SLICE_X125Y120       FDCE                                         r  rst_sync_2_reg/C
  -------------------------------------------------------------------    -------------------
    SLICE_X125Y120       FDCE (Prop_fdce_C_Q)         0.536     1.574 r  rst_sync_2_reg/Q
                         net (fo=52, routed)          3.675     5.249    u_core/u_tensor_bf16/row_gen[6].col_gen[7].u_pe/lopt
    SLICE_X83Y50         LUT1 (Prop_lut1_I0_O)        0.148     5.397 f  u_core/u_tensor_bf16/row_gen[6].col_gen[7].u_pe/mac_temp0_i_2/O
                         net (fo=16284, routed)       6.967    12.365    u_core/u_noc_router/RSTM
    SLICE_X14Y169        FDCE                                         f  u_core/u_noc_router/pop_reg[1]/CLR
  -------------------------------------------------------------------    -------------------

                         (clock clk rise edge)       12.500    12.500 r  
                                                      0.000    12.500 r  aclk (IN)
                         net (fo=49980, unset)        0.986    13.486    u_core/u_noc_router/aclk
    SLICE_X14Y169        FDCE                                         r  u_core/u_noc_router/pop_reg[1]/C
                         clock pessimism              0.000    13.486    
                         clock uncertainty           -0.035    13.451    
    SLICE_X14Y169        FDCE (Recov_fdce_C_CLR)     -0.425    13.026    u_core/u_noc_router/pop_reg[1]
  -------------------------------------------------------------------
                         required time                         13.026    
                         arrival time                         -12.365    
  -------------------------------------------------------------------
                         slack                                  0.661    

Slack (MET) :             0.661ns  (required time - arrival time)
  Source:                 rst_sync_2_reg/C
                            (rising edge-triggered cell FDCE clocked by clk  {rise@0.000ns fall@6.250ns period=12.500ns})
  Destination:            u_core/u_noc_router/pop_reg[3]/CLR
                            (recovery check against rising-edge clock clk  {rise@0.000ns fall@6.250ns period=12.500ns})
  Path Group:             **async_default**
  Path Type:              Recovery (Max at Slow Process Corner)
  Requirement:            12.500ns  (clk rise@12.500ns - clk rise@0.000ns)
  Data Path Delay:        11.327ns  (logic 0.684ns (6.039%)  route 10.643ns (93.961%))
  Logic Levels:           1  (LUT1=1)
  Clock Path Skew:        -0.052ns (DCD - SCD + CPR)
    Destination Clock Delay (DCD):    0.986ns = ( 13.486 - 12.500 ) 
    Source Clock Delay      (SCD):    1.038ns
    Clock Pessimism Removal (CPR):    0.000ns
  Clock Uncertainty:      0.035ns  ((TSJ^2 + TIJ^2)^1/2 + DJ) / 2 + PE
    Total System Jitter     (TSJ):    0.071ns
    Total Input Jitter      (TIJ):    0.000ns
    Discrete Jitter          (DJ):    0.000ns
    Phase Error              (PE):    0.000ns

    Location             Delay type                Incr(ns)  Path(ns)    Netlist Resource(s)
  -------------------------------------------------------------------    -------------------
                         (clock clk rise edge)        0.000     0.000 r  
                                                      0.000     0.000 r  aclk (IN)
                         net (fo=49980, unset)        1.038     1.038    aclk
    SLICE_X125Y120       FDCE                                         r  rst_sync_2_reg/C
  -------------------------------------------------------------------    -------------------
    SLICE_X125Y120       FDCE (Prop_fdce_C_Q)         0.536     1.574 r  rst_sync_2_reg/Q
                         net (fo=52, routed)          3.675     5.249    u_core/u_tensor_bf16/row_gen[6].col_gen[7].u_pe/lopt
    SLICE_X83Y50         LUT1 (Prop_lut1_I0_O)        0.148     5.397 f  u_core/u_tensor_bf16/row_gen[6].col_gen[7].u_pe/mac_temp0_i_2/O
                         net (fo=16284, routed)       6.967    12.365    u_core/u_noc_router/RSTM
    SLICE_X14Y169        FDCE                                         f  u_core/u_noc_router/pop_reg[3]/CLR
  -------------------------------------------------------------------    -------------------

                         (clock clk rise edge)       12.500    12.500 r  
                                                      0.000    12.500 r  aclk (IN)
                         net (fo=49980, unset)        0.986    13.486    u_core/u_noc_router/aclk
    SLICE_X14Y169        FDCE                                         r  u_core/u_noc_router/pop_reg[3]/C
                         clock pessimism              0.000    13.486    
                         clock uncertainty           -0.035    13.451    
    SLICE_X14Y169        FDCE (Recov_fdce_C_CLR)     -0.425    13.026    u_core/u_noc_router/pop_reg[3]
  -------------------------------------------------------------------
                         required time                         13.026    
                         arrival time                         -12.365    
  -------------------------------------------------------------------
                         slack                                  0.661    





Min Delay Paths
--------------------------------------------------------------------------------------
Slack (MET) :             2.330ns  (arrival time - required time)
  Source:                 slv_reg_ctrl_reg[1]/C
                            (rising edge-triggered cell FDCE clocked by clk  {rise@0.000ns fall@6.250ns period=12.500ns})
  Destination:            rst_sync_2_reg_lopt_replica/CLR
                            (removal check against rising-edge clock clk  {rise@0.000ns fall@6.250ns period=12.500ns})
  Path Group:             **async_default**
  Path Type:              Removal (Min at Fast Process Corner)
  Requirement:            0.000ns  (clk rise@0.000ns - clk rise@0.000ns)
  Data Path Delay:        2.244ns  (logic 0.285ns (12.701%)  route 1.959ns (87.299%))
  Logic Levels:           1  (LUT2=1)
  Clock Path Skew:        0.027ns (DCD - SCD - CPR)
    Destination Clock Delay (DCD):    0.542ns
    Source Clock Delay      (SCD):    0.515ns
    Clock Pessimism Removal (CPR):    -0.000ns

    Location             Delay type                Incr(ns)  Path(ns)    Netlist Resource(s)
  -------------------------------------------------------------------    -------------------
                         (clock clk rise edge)        0.000     0.000 r  
                                                      0.000     0.000 r  aclk (IN)
                         net (fo=49980, unset)        0.515     0.515    aclk
    SLICE_X144Y176       FDCE                                         r  slv_reg_ctrl_reg[1]/C
  -------------------------------------------------------------------    -------------------
    SLICE_X144Y176       FDCE (Prop_fdce_C_Q)         0.223     0.738 f  slv_reg_ctrl_reg[1]/Q
                         net (fo=2, routed)           1.221     1.959    p_0_in
    SLICE_X146Y134       LUT2 (Prop_lut2_I0_O)        0.062     2.021 f  rst_sync_1_i_1/O
                         net (fo=3, routed)           0.738     2.759    rst_sync_1_i_1_n_0
    SLICE_X125Y124       FDCE                                         f  rst_sync_2_reg_lopt_replica/CLR
  -------------------------------------------------------------------    -------------------

                         (clock clk rise edge)        0.000     0.000 r  
                                                      0.000     0.000 r  aclk (IN)
                         net (fo=49980, unset)        0.542     0.542    aclk
    SLICE_X125Y124       FDCE                                         r  rst_sync_2_reg_lopt_replica/C
                         clock pessimism              0.000     0.542    
    SLICE_X125Y124       FDCE (Remov_fdce_C_CLR)     -0.113     0.429    rst_sync_2_reg_lopt_replica
  -------------------------------------------------------------------
                         required time                         -0.429    
                         arrival time                           2.759    
  -------------------------------------------------------------------
                         slack                                  2.330    

Slack (MET) :             2.525ns  (arrival time - required time)
  Source:                 slv_reg_ctrl_reg[1]/C
                            (rising edge-triggered cell FDCE clocked by clk  {rise@0.000ns fall@6.250ns period=12.500ns})
  Destination:            rst_sync_1_reg/CLR
                            (removal check against rising-edge clock clk  {rise@0.000ns fall@6.250ns period=12.500ns})
  Path Group:             **async_default**
  Path Type:              Removal (Min at Fast Process Corner)
  Requirement:            0.000ns  (clk rise@0.000ns - clk rise@0.000ns)
  Data Path Delay:        2.439ns  (logic 0.285ns (11.683%)  route 2.154ns (88.317%))
  Logic Levels:           1  (LUT2=1)
  Clock Path Skew:        0.027ns (DCD - SCD - CPR)
    Destination Clock Delay (DCD):    0.542ns
    Source Clock Delay      (SCD):    0.515ns
    Clock Pessimism Removal (CPR):    -0.000ns

    Location             Delay type                Incr(ns)  Path(ns)    Netlist Resource(s)
  -------------------------------------------------------------------    -------------------
                         (clock clk rise edge)        0.000     0.000 r  
                                                      0.000     0.000 r  aclk (IN)
                         net (fo=49980, unset)        0.515     0.515    aclk
    SLICE_X144Y176       FDCE                                         r  slv_reg_ctrl_reg[1]/C
  -------------------------------------------------------------------    -------------------
    SLICE_X144Y176       FDCE (Prop_fdce_C_Q)         0.223     0.738 f  slv_reg_ctrl_reg[1]/Q
                         net (fo=2, routed)           1.221     1.959    p_0_in
    SLICE_X146Y134       LUT2 (Prop_lut2_I0_O)        0.062     2.021 f  rst_sync_1_i_1/O
                         net (fo=3, routed)           0.933     2.954    rst_sync_1_i_1_n_0
    SLICE_X125Y120       FDCE                                         f  rst_sync_1_reg/CLR
  -------------------------------------------------------------------    -------------------

                         (clock clk rise edge)        0.000     0.000 r  
                                                      0.000     0.000 r  aclk (IN)
                         net (fo=49980, unset)        0.542     0.542    aclk
    SLICE_X125Y120       FDCE                                         r  rst_sync_1_reg/C
                         clock pessimism              0.000     0.542    
    SLICE_X125Y120       FDCE (Remov_fdce_C_CLR)     -0.113     0.429    rst_sync_1_reg
  -------------------------------------------------------------------
                         required time                         -0.429    
                         arrival time                           2.954    
  -------------------------------------------------------------------
                         slack                                  2.525    

Slack (MET) :             2.525ns  (arrival time - required time)
  Source:                 slv_reg_ctrl_reg[1]/C
                            (rising edge-triggered cell FDCE clocked by clk  {rise@0.000ns fall@6.250ns period=12.500ns})
  Destination:            rst_sync_2_reg/CLR
                            (removal check against rising-edge clock clk  {rise@0.000ns fall@6.250ns period=12.500ns})
  Path Group:             **async_default**
  Path Type:              Removal (Min at Fast Process Corner)
  Requirement:            0.000ns  (clk rise@0.000ns - clk rise@0.000ns)
  Data Path Delay:        2.439ns  (logic 0.285ns (11.683%)  route 2.154ns (88.317%))
  Logic Levels:           1  (LUT2=1)
  Clock Path Skew:        0.027ns (DCD - SCD - CPR)
    Destination Clock Delay (DCD):    0.542ns
    Source Clock Delay      (SCD):    0.515ns
    Clock Pessimism Removal (CPR):    -0.000ns

    Location             Delay type                Incr(ns)  Path(ns)    Netlist Resource(s)
  -------------------------------------------------------------------    -------------------
                         (clock clk rise edge)        0.000     0.000 r  
                                                      0.000     0.000 r  aclk (IN)
                         net (fo=49980, unset)        0.515     0.515    aclk
    SLICE_X144Y176       FDCE                                         r  slv_reg_ctrl_reg[1]/C
  -------------------------------------------------------------------    -------------------
    SLICE_X144Y176       FDCE (Prop_fdce_C_Q)         0.223     0.738 f  slv_reg_ctrl_reg[1]/Q
                         net (fo=2, routed)           1.221     1.959    p_0_in
    SLICE_X146Y134       LUT2 (Prop_lut2_I0_O)        0.062     2.021 f  rst_sync_1_i_1/O
                         net (fo=3, routed)           0.933     2.954    rst_sync_1_i_1_n_0
    SLICE_X125Y120       FDCE                                         f  rst_sync_2_reg/CLR
  -------------------------------------------------------------------    -------------------

                         (clock clk rise edge)        0.000     0.000 r  
                                                      0.000     0.000 r  aclk (IN)
                         net (fo=49980, unset)        0.542     0.542    aclk
    SLICE_X125Y120       FDCE                                         r  rst_sync_2_reg/C
                         clock pessimism              0.000     0.542    
    SLICE_X125Y120       FDCE (Remov_fdce_C_CLR)     -0.113     0.429    rst_sync_2_reg
  -------------------------------------------------------------------
                         required time                         -0.429    
                         arrival time                           2.954    
  -------------------------------------------------------------------
                         slack                                  2.525    

Slack (MET) :             2.675ns  (arrival time - required time)
  Source:                 rst_sync_2_reg/C
                            (rising edge-triggered cell FDCE clocked by clk  {rise@0.000ns fall@6.250ns period=12.500ns})
  Destination:            u_core/u_tensor_engine/tensor_cdb_data_reg[4]/CLR
                            (removal check against rising-edge clock clk  {rise@0.000ns fall@6.250ns period=12.500ns})
  Path Group:             **async_default**
  Path Type:              Removal (Min at Fast Process Corner)
  Requirement:            0.000ns  (clk rise@0.000ns - clk rise@0.000ns)
  Data Path Delay:        2.589ns  (logic 0.255ns (9.849%)  route 2.334ns (90.151%))
  Logic Levels:           1  (LUT1=1)
  Clock Path Skew:        0.027ns (DCD - SCD - CPR)
    Destination Clock Delay (DCD):    0.542ns
    Source Clock Delay      (SCD):    0.515ns
    Clock Pessimism Removal (CPR):    -0.000ns

    Location             Delay type                Incr(ns)  Path(ns)    Netlist Resource(s)
  -------------------------------------------------------------------    -------------------
                         (clock clk rise edge)        0.000     0.000 r  
                                                      0.000     0.000 r  aclk (IN)
                         net (fo=49980, unset)        0.515     0.515    aclk
    SLICE_X125Y120       FDCE                                         r  rst_sync_2_reg/C
  -------------------------------------------------------------------    -------------------
    SLICE_X125Y120       FDCE (Prop_fdce_C_Q)         0.193     0.708 r  rst_sync_2_reg/Q
                         net (fo=52, routed)          1.925     2.633    u_core/u_tensor_bf16/row_gen[6].col_gen[7].u_pe/lopt
    SLICE_X83Y50         LUT1 (Prop_lut1_I0_O)        0.062     2.695 f  u_core/u_tensor_bf16/row_gen[6].col_gen[7].u_pe/mac_temp0_i_2/O
                         net (fo=16284, routed)       0.409     3.104    u_core/u_tensor_engine/RSTM
    SLICE_X86Y50         FDCE                                         f  u_core/u_tensor_engine/tensor_cdb_data_reg[4]/CLR
  -------------------------------------------------------------------    -------------------

                         (clock clk rise edge)        0.000     0.000 r  
                                                      0.000     0.000 r  aclk (IN)
                         net (fo=49980, unset)        0.542     0.542    u_core/u_tensor_engine/aclk
    SLICE_X86Y50         FDCE                                         r  u_core/u_tensor_engine/tensor_cdb_data_reg[4]/C
                         clock pessimism              0.000     0.542    
    SLICE_X86Y50         FDCE (Remov_fdce_C_CLR)     -0.113     0.429    u_core/u_tensor_engine/tensor_cdb_data_reg[4]
  -------------------------------------------------------------------
                         required time                         -0.429    
                         arrival time                           3.104    
  -------------------------------------------------------------------
                         slack                                  2.675    

Slack (MET) :             2.777ns  (arrival time - required time)
  Source:                 rst_sync_2_reg/C
                            (rising edge-triggered cell FDCE clocked by clk  {rise@0.000ns fall@6.250ns period=12.500ns})
  Destination:            u_core/u_tensor_engine/tensor_cdb_data_reg[16]/CLR
                            (removal check against rising-edge clock clk  {rise@0.000ns fall@6.250ns period=12.500ns})
  Path Group:             **async_default**
  Path Type:              Removal (Min at Fast Process Corner)
  Requirement:            0.000ns  (clk rise@0.000ns - clk rise@0.000ns)
  Data Path Delay:        2.691ns  (logic 0.255ns (9.476%)  route 2.436ns (90.524%))
  Logic Levels:           1  (LUT1=1)
  Clock Path Skew:        0.027ns (DCD - SCD - CPR)
    Destination Clock Delay (DCD):    0.542ns
    Source Clock Delay      (SCD):    0.515ns
    Clock Pessimism Removal (CPR):    -0.000ns

    Location             Delay type                Incr(ns)  Path(ns)    Netlist Resource(s)
  -------------------------------------------------------------------    -------------------
                         (clock clk rise edge)        0.000     0.000 r  
                                                      0.000     0.000 r  aclk (IN)
                         net (fo=49980, unset)        0.515     0.515    aclk
    SLICE_X125Y120       FDCE                                         r  rst_sync_2_reg/C
  -------------------------------------------------------------------    -------------------
    SLICE_X125Y120       FDCE (Prop_fdce_C_Q)         0.193     0.708 r  rst_sync_2_reg/Q
                         net (fo=52, routed)          1.925     2.633    u_core/u_tensor_bf16/row_gen[6].col_gen[7].u_pe/lopt
    SLICE_X83Y50         LUT1 (Prop_lut1_I0_O)        0.062     2.695 f  u_core/u_tensor_bf16/row_gen[6].col_gen[7].u_pe/mac_temp0_i_2/O
                         net (fo=16284, routed)       0.511     3.206    u_core/u_tensor_engine/RSTM
    SLICE_X79Y50         FDCE                                         f  u_core/u_tensor_engine/tensor_cdb_data_reg[16]/CLR
  -------------------------------------------------------------------    -------------------

                         (clock clk rise edge)        0.000     0.000 r  
                                                      0.000     0.000 r  aclk (IN)
                         net (fo=49980, unset)        0.542     0.542    u_core/u_tensor_engine/aclk
    SLICE_X79Y50         FDCE                                         r  u_core/u_tensor_engine/tensor_cdb_data_reg[16]/C
                         clock pessimism              0.000     0.542    
    SLICE_X79Y50         FDCE (Remov_fdce_C_CLR)     -0.113     0.429    u_core/u_tensor_engine/tensor_cdb_data_reg[16]
  -------------------------------------------------------------------
                         required time                         -0.429    
                         arrival time                           3.206    
  -------------------------------------------------------------------
                         slack                                  2.777    

Slack (MET) :             2.777ns  (arrival time - required time)
  Source:                 rst_sync_2_reg/C
                            (rising edge-triggered cell FDCE clocked by clk  {rise@0.000ns fall@6.250ns period=12.500ns})
  Destination:            u_core/u_tensor_engine/tensor_cdb_data_reg[8]/CLR
                            (removal check against rising-edge clock clk  {rise@0.000ns fall@6.250ns period=12.500ns})
  Path Group:             **async_default**
  Path Type:              Removal (Min at Fast Process Corner)
  Requirement:            0.000ns  (clk rise@0.000ns - clk rise@0.000ns)
  Data Path Delay:        2.691ns  (logic 0.255ns (9.476%)  route 2.436ns (90.524%))
  Logic Levels:           1  (LUT1=1)
  Clock Path Skew:        0.027ns (DCD - SCD - CPR)
    Destination Clock Delay (DCD):    0.542ns
    Source Clock Delay      (SCD):    0.515ns
    Clock Pessimism Removal (CPR):    -0.000ns

    Location             Delay type                Incr(ns)  Path(ns)    Netlist Resource(s)
  -------------------------------------------------------------------    -------------------
                         (clock clk rise edge)        0.000     0.000 r  
                                                      0.000     0.000 r  aclk (IN)
                         net (fo=49980, unset)        0.515     0.515    aclk
    SLICE_X125Y120       FDCE                                         r  rst_sync_2_reg/C
  -------------------------------------------------------------------    -------------------
    SLICE_X125Y120       FDCE (Prop_fdce_C_Q)         0.193     0.708 r  rst_sync_2_reg/Q
                         net (fo=52, routed)          1.925     2.633    u_core/u_tensor_bf16/row_gen[6].col_gen[7].u_pe/lopt
    SLICE_X83Y50         LUT1 (Prop_lut1_I0_O)        0.062     2.695 f  u_core/u_tensor_bf16/row_gen[6].col_gen[7].u_pe/mac_temp0_i_2/O
                         net (fo=16284, routed)       0.511     3.206    u_core/u_tensor_engine/RSTM
    SLICE_X79Y50         FDCE                                         f  u_core/u_tensor_engine/tensor_cdb_data_reg[8]/CLR
  -------------------------------------------------------------------    -------------------

                         (clock clk rise edge)        0.000     0.000 r  
                                                      0.000     0.000 r  aclk (IN)
                         net (fo=49980, unset)        0.542     0.542    u_core/u_tensor_engine/aclk
    SLICE_X79Y50         FDCE                                         r  u_core/u_tensor_engine/tensor_cdb_data_reg[8]/C
                         clock pessimism              0.000     0.542    
    SLICE_X79Y50         FDCE (Remov_fdce_C_CLR)     -0.113     0.429    u_core/u_tensor_engine/tensor_cdb_data_reg[8]
  -------------------------------------------------------------------
                         required time                         -0.429    
                         arrival time                           3.206    
  -------------------------------------------------------------------
                         slack                                  2.777    

Slack (MET) :             2.780ns  (arrival time - required time)
  Source:                 rst_sync_2_reg/C
                            (rising edge-triggered cell FDCE clocked by clk  {rise@0.000ns fall@6.250ns period=12.500ns})
  Destination:            u_core/u_tensor_engine/tensor_cdb_data_reg[10]/CLR
                            (removal check against rising-edge clock clk  {rise@0.000ns fall@6.250ns period=12.500ns})
  Path Group:             **async_default**
  Path Type:              Removal (Min at Fast Process Corner)
  Requirement:            0.000ns  (clk rise@0.000ns - clk rise@0.000ns)
  Data Path Delay:        2.694ns  (logic 0.255ns (9.466%)  route 2.439ns (90.534%))
  Logic Levels:           1  (LUT1=1)
  Clock Path Skew:        0.027ns (DCD - SCD - CPR)
    Destination Clock Delay (DCD):    0.542ns
    Source Clock Delay      (SCD):    0.515ns
    Clock Pessimism Removal (CPR):    -0.000ns

    Location             Delay type                Incr(ns)  Path(ns)    Netlist Resource(s)
  -------------------------------------------------------------------    -------------------
                         (clock clk rise edge)        0.000     0.000 r  
                                                      0.000     0.000 r  aclk (IN)
                         net (fo=49980, unset)        0.515     0.515    aclk
    SLICE_X125Y120       FDCE                                         r  rst_sync_2_reg/C
  -------------------------------------------------------------------    -------------------
    SLICE_X125Y120       FDCE (Prop_fdce_C_Q)         0.193     0.708 r  rst_sync_2_reg/Q
                         net (fo=52, routed)          1.925     2.633    u_core/u_tensor_bf16/row_gen[6].col_gen[7].u_pe/lopt
    SLICE_X83Y50         LUT1 (Prop_lut1_I0_O)        0.062     2.695 f  u_core/u_tensor_bf16/row_gen[6].col_gen[7].u_pe/mac_temp0_i_2/O
                         net (fo=16284, routed)       0.514     3.209    u_core/u_tensor_engine/RSTM
    SLICE_X78Y50         FDCE                                         f  u_core/u_tensor_engine/tensor_cdb_data_reg[10]/CLR
  -------------------------------------------------------------------    -------------------

                         (clock clk rise edge)        0.000     0.000 r  
                                                      0.000     0.000 r  aclk (IN)
                         net (fo=49980, unset)        0.542     0.542    u_core/u_tensor_engine/aclk
    SLICE_X78Y50         FDCE                                         r  u_core/u_tensor_engine/tensor_cdb_data_reg[10]/C
                         clock pessimism              0.000     0.542    
    SLICE_X78Y50         FDCE (Remov_fdce_C_CLR)     -0.113     0.429    u_core/u_tensor_engine/tensor_cdb_data_reg[10]
  -------------------------------------------------------------------
                         required time                         -0.429    
                         arrival time                           3.209    
  -------------------------------------------------------------------
                         slack                                  2.780    

Slack (MET) :             2.780ns  (arrival time - required time)
  Source:                 rst_sync_2_reg/C
                            (rising edge-triggered cell FDCE clocked by clk  {rise@0.000ns fall@6.250ns period=12.500ns})
  Destination:            u_core/u_tensor_engine/tensor_cdb_data_reg[17]/CLR
                            (removal check against rising-edge clock clk  {rise@0.000ns fall@6.250ns period=12.500ns})
  Path Group:             **async_default**
  Path Type:              Removal (Min at Fast Process Corner)
  Requirement:            0.000ns  (clk rise@0.000ns - clk rise@0.000ns)
  Data Path Delay:        2.694ns  (logic 0.255ns (9.466%)  route 2.439ns (90.534%))
  Logic Levels:           1  (LUT1=1)
  Clock Path Skew:        0.027ns (DCD - SCD - CPR)
    Destination Clock Delay (DCD):    0.542ns
    Source Clock Delay      (SCD):    0.515ns
    Clock Pessimism Removal (CPR):    -0.000ns

    Location             Delay type                Incr(ns)  Path(ns)    Netlist Resource(s)
  -------------------------------------------------------------------    -------------------
                         (clock clk rise edge)        0.000     0.000 r  
                                                      0.000     0.000 r  aclk (IN)
                         net (fo=49980, unset)        0.515     0.515    aclk
    SLICE_X125Y120       FDCE                                         r  rst_sync_2_reg/C
  -------------------------------------------------------------------    -------------------
    SLICE_X125Y120       FDCE (Prop_fdce_C_Q)         0.193     0.708 r  rst_sync_2_reg/Q
                         net (fo=52, routed)          1.925     2.633    u_core/u_tensor_bf16/row_gen[6].col_gen[7].u_pe/lopt
    SLICE_X83Y50         LUT1 (Prop_lut1_I0_O)        0.062     2.695 f  u_core/u_tensor_bf16/row_gen[6].col_gen[7].u_pe/mac_temp0_i_2/O
                         net (fo=16284, routed)       0.514     3.209    u_core/u_tensor_engine/RSTM
    SLICE_X78Y50         FDCE                                         f  u_core/u_tensor_engine/tensor_cdb_data_reg[17]/CLR
  -------------------------------------------------------------------    -------------------

                         (clock clk rise edge)        0.000     0.000 r  
                                                      0.000     0.000 r  aclk (IN)
                         net (fo=49980, unset)        0.542     0.542    u_core/u_tensor_engine/aclk
    SLICE_X78Y50         FDCE                                         r  u_core/u_tensor_engine/tensor_cdb_data_reg[17]/C
                         clock pessimism              0.000     0.542    
    SLICE_X78Y50         FDCE (Remov_fdce_C_CLR)     -0.113     0.429    u_core/u_tensor_engine/tensor_cdb_data_reg[17]
  -------------------------------------------------------------------
                         required time                         -0.429    
                         arrival time                           3.209    
  -------------------------------------------------------------------
                         slack                                  2.780    

Slack (MET) :             2.780ns  (arrival time - required time)
  Source:                 rst_sync_2_reg/C
                            (rising edge-triggered cell FDCE clocked by clk  {rise@0.000ns fall@6.250ns period=12.500ns})
  Destination:            u_core/u_tensor_engine/tensor_cdb_data_reg[19]/CLR
                            (removal check against rising-edge clock clk  {rise@0.000ns fall@6.250ns period=12.500ns})
  Path Group:             **async_default**
  Path Type:              Removal (Min at Fast Process Corner)
  Requirement:            0.000ns  (clk rise@0.000ns - clk rise@0.000ns)
  Data Path Delay:        2.694ns  (logic 0.255ns (9.466%)  route 2.439ns (90.534%))
  Logic Levels:           1  (LUT1=1)
  Clock Path Skew:        0.027ns (DCD - SCD - CPR)
    Destination Clock Delay (DCD):    0.542ns
    Source Clock Delay      (SCD):    0.515ns
    Clock Pessimism Removal (CPR):    -0.000ns

    Location             Delay type                Incr(ns)  Path(ns)    Netlist Resource(s)
  -------------------------------------------------------------------    -------------------
                         (clock clk rise edge)        0.000     0.000 r  
                                                      0.000     0.000 r  aclk (IN)
                         net (fo=49980, unset)        0.515     0.515    aclk
    SLICE_X125Y120       FDCE                                         r  rst_sync_2_reg/C
  -------------------------------------------------------------------    -------------------
    SLICE_X125Y120       FDCE (Prop_fdce_C_Q)         0.193     0.708 r  rst_sync_2_reg/Q
                         net (fo=52, routed)          1.925     2.633    u_core/u_tensor_bf16/row_gen[6].col_gen[7].u_pe/lopt
    SLICE_X83Y50         LUT1 (Prop_lut1_I0_O)        0.062     2.695 f  u_core/u_tensor_bf16/row_gen[6].col_gen[7].u_pe/mac_temp0_i_2/O
                         net (fo=16284, routed)       0.514     3.209    u_core/u_tensor_engine/RSTM
    SLICE_X78Y50         FDCE                                         f  u_core/u_tensor_engine/tensor_cdb_data_reg[19]/CLR
  -------------------------------------------------------------------    -------------------

                         (clock clk rise edge)        0.000     0.000 r  
                                                      0.000     0.000 r  aclk (IN)
                         net (fo=49980, unset)        0.542     0.542    u_core/u_tensor_engine/aclk
    SLICE_X78Y50         FDCE                                         r  u_core/u_tensor_engine/tensor_cdb_data_reg[19]/C
                         clock pessimism              0.000     0.542    
    SLICE_X78Y50         FDCE (Remov_fdce_C_CLR)     -0.113     0.429    u_core/u_tensor_engine/tensor_cdb_data_reg[19]
  -------------------------------------------------------------------
                         required time                         -0.429    
                         arrival time                           3.209    
  -------------------------------------------------------------------
                         slack                                  2.780    

Slack (MET) :             2.780ns  (arrival time - required time)
  Source:                 rst_sync_2_reg/C
                            (rising edge-triggered cell FDCE clocked by clk  {rise@0.000ns fall@6.250ns period=12.500ns})
  Destination:            u_core/u_tensor_engine/tensor_cdb_data_reg[20]/CLR
                            (removal check against rising-edge clock clk  {rise@0.000ns fall@6.250ns period=12.500ns})
  Path Group:             **async_default**
  Path Type:              Removal (Min at Fast Process Corner)
  Requirement:            0.000ns  (clk rise@0.000ns - clk rise@0.000ns)
  Data Path Delay:        2.694ns  (logic 0.255ns (9.466%)  route 2.439ns (90.534%))
  Logic Levels:           1  (LUT1=1)
  Clock Path Skew:        0.027ns (DCD - SCD - CPR)
    Destination Clock Delay (DCD):    0.542ns
    Source Clock Delay      (SCD):    0.515ns
    Clock Pessimism Removal (CPR):    -0.000ns

    Location             Delay type                Incr(ns)  Path(ns)    Netlist Resource(s)
  -------------------------------------------------------------------    -------------------
                         (clock clk rise edge)        0.000     0.000 r  
                                                      0.000     0.000 r  aclk (IN)
                         net (fo=49980, unset)        0.515     0.515    aclk
    SLICE_X125Y120       FDCE                                         r  rst_sync_2_reg/C
  -------------------------------------------------------------------    -------------------
    SLICE_X125Y120       FDCE (Prop_fdce_C_Q)         0.193     0.708 r  rst_sync_2_reg/Q
                         net (fo=52, routed)          1.925     2.633    u_core/u_tensor_bf16/row_gen[6].col_gen[7].u_pe/lopt
    SLICE_X83Y50         LUT1 (Prop_lut1_I0_O)        0.062     2.695 f  u_core/u_tensor_bf16/row_gen[6].col_gen[7].u_pe/mac_temp0_i_2/O
                         net (fo=16284, routed)       0.514     3.209    u_core/u_tensor_engine/RSTM
    SLICE_X78Y50         FDCE                                         f  u_core/u_tensor_engine/tensor_cdb_data_reg[20]/CLR
  -------------------------------------------------------------------    -------------------

                         (clock clk rise edge)        0.000     0.000 r  
                                                      0.000     0.000 r  aclk (IN)
                         net (fo=49980, unset)        0.542     0.542    u_core/u_tensor_engine/aclk
    SLICE_X78Y50         FDCE                                         r  u_core/u_tensor_engine/tensor_cdb_data_reg[20]/C
                         clock pessimism              0.000     0.542    
    SLICE_X78Y50         FDCE (Remov_fdce_C_CLR)     -0.113     0.429    u_core/u_tensor_engine/tensor_cdb_data_reg[20]
  -------------------------------------------------------------------
                         required time                         -0.429    
                         arrival time                           3.209    
  -------------------------------------------------------------------
                         slack                                  2.780    





--------------------------------------------------------------------------------------
Path Group:  (none)
From Clock:  
  To Clock:  clk

Max Delay           145 Endpoints
Min Delay           145 Endpoints
--------------------------------------------------------------------------------------


Max Delay Paths
--------------------------------------------------------------------------------------
Slack:                    inf
  Source:                 aresetn
                            (input port)
  Destination:            slv_reg_ctrl_reg[16]/CLR
                            (recovery check against rising-edge clock clk  {rise@0.000ns fall@6.250ns period=12.500ns})
  Path Group:             (none)
  Path Type:              Recovery (Max at Slow Process Corner)
  Data Path Delay:        3.550ns  (logic 0.148ns (4.169%)  route 3.402ns (95.831%))
  Logic Levels:           1  (LUT1=1)
  Clock Path Skew:        0.986ns (DCD - SCD + CPR)
    Destination Clock Delay (DCD):    0.986ns
    Source Clock Delay      (SCD):    0.000ns
    Clock Pessimism Removal (CPR):    0.000ns
  Clock Uncertainty:      0.025ns  ((TSJ^2 + TIJ^2)^1/2 + DJ) / 2 + PE
    Total System Jitter     (TSJ):    0.050ns
    Total Input Jitter      (TIJ):    0.000ns
    Discrete Jitter          (DJ):    0.000ns
    Phase Error              (PE):    0.000ns
  Timing Exception:       False Path

    Location             Delay type                Incr(ns)  Path(ns)    Netlist Resource(s)
  -------------------------------------------------------------------    -------------------
                                                      0.000     0.000 r  aresetn (IN)
                         net (fo=1, unset)            1.038     1.038    aresetn
    SLICE_X153Y183       LUT1 (Prop_lut1_I0_O)        0.148     1.186 f  axi_awready_reg_i_2/O
                         net (fo=142, routed)         2.364     3.550    axi_awready_reg_i_2_n_0
    SLICE_X147Y196       FDCE                                         f  slv_reg_ctrl_reg[16]/CLR
  -------------------------------------------------------------------    -------------------

                         (clock clk rise edge)        0.000     0.000 r  
                                                      0.000     0.000 r  aclk (IN)
                         net (fo=49980, unset)        0.986     0.986    aclk
    SLICE_X147Y196       FDCE                                         r  slv_reg_ctrl_reg[16]/C

Slack:                    inf
  Source:                 aresetn
                            (input port)
  Destination:            slv_reg_ctrl_reg[23]/CLR
                            (recovery check against rising-edge clock clk  {rise@0.000ns fall@6.250ns period=12.500ns})
  Path Group:             (none)
  Path Type:              Recovery (Max at Slow Process Corner)
  Data Path Delay:        3.550ns  (logic 0.148ns (4.169%)  route 3.402ns (95.831%))
  Logic Levels:           1  (LUT1=1)
  Clock Path Skew:        0.986ns (DCD - SCD + CPR)
    Destination Clock Delay (DCD):    0.986ns
    Source Clock Delay      (SCD):    0.000ns
    Clock Pessimism Removal (CPR):    0.000ns
  Clock Uncertainty:      0.025ns  ((TSJ^2 + TIJ^2)^1/2 + DJ) / 2 + PE
    Total System Jitter     (TSJ):    0.050ns
    Total Input Jitter      (TIJ):    0.000ns
    Discrete Jitter          (DJ):    0.000ns
    Phase Error              (PE):    0.000ns
  Timing Exception:       False Path

    Location             Delay type                Incr(ns)  Path(ns)    Netlist Resource(s)
  -------------------------------------------------------------------    -------------------
                                                      0.000     0.000 r  aresetn (IN)
                         net (fo=1, unset)            1.038     1.038    aresetn
    SLICE_X153Y183       LUT1 (Prop_lut1_I0_O)        0.148     1.186 f  axi_awready_reg_i_2/O
                         net (fo=142, routed)         2.364     3.550    axi_awready_reg_i_2_n_0
    SLICE_X147Y196       FDCE                                         f  slv_reg_ctrl_reg[23]/CLR
  -------------------------------------------------------------------    -------------------

                         (clock clk rise edge)        0.000     0.000 r  
                                                      0.000     0.000 r  aclk (IN)
                         net (fo=49980, unset)        0.986     0.986    aclk
    SLICE_X147Y196       FDCE                                         r  slv_reg_ctrl_reg[23]/C

Slack:                    inf
  Source:                 aresetn
                            (input port)
  Destination:            slv_reg_ctrl_reg[29]/CLR
                            (recovery check against rising-edge clock clk  {rise@0.000ns fall@6.250ns period=12.500ns})
  Path Group:             (none)
  Path Type:              Recovery (Max at Slow Process Corner)
  Data Path Delay:        3.550ns  (logic 0.148ns (4.169%)  route 3.402ns (95.831%))
  Logic Levels:           1  (LUT1=1)
  Clock Path Skew:        0.986ns (DCD - SCD + CPR)
    Destination Clock Delay (DCD):    0.986ns
    Source Clock Delay      (SCD):    0.000ns
    Clock Pessimism Removal (CPR):    0.000ns
  Clock Uncertainty:      0.025ns  ((TSJ^2 + TIJ^2)^1/2 + DJ) / 2 + PE
    Total System Jitter     (TSJ):    0.050ns
    Total Input Jitter      (TIJ):    0.000ns
    Discrete Jitter          (DJ):    0.000ns
    Phase Error              (PE):    0.000ns
  Timing Exception:       False Path

    Location             Delay type                Incr(ns)  Path(ns)    Netlist Resource(s)
  -------------------------------------------------------------------    -------------------
                                                      0.000     0.000 r  aresetn (IN)
                         net (fo=1, unset)            1.038     1.038    aresetn
    SLICE_X153Y183       LUT1 (Prop_lut1_I0_O)        0.148     1.186 f  axi_awready_reg_i_2/O
                         net (fo=142, routed)         2.364     3.550    axi_awready_reg_i_2_n_0
    SLICE_X147Y196       FDCE                                         f  slv_reg_ctrl_reg[29]/CLR
  -------------------------------------------------------------------    -------------------

                         (clock clk rise edge)        0.000     0.000 r  
                                                      0.000     0.000 r  aclk (IN)
                         net (fo=49980, unset)        0.986     0.986    aclk
    SLICE_X147Y196       FDCE                                         r  slv_reg_ctrl_reg[29]/C

Slack:                    inf
  Source:                 aresetn
                            (input port)
  Destination:            slv_reg_pc_low_reg[0]/CLR
                            (recovery check against rising-edge clock clk  {rise@0.000ns fall@6.250ns period=12.500ns})
  Path Group:             (none)
  Path Type:              Recovery (Max at Slow Process Corner)
  Data Path Delay:        3.550ns  (logic 0.148ns (4.169%)  route 3.402ns (95.831%))
  Logic Levels:           1  (LUT1=1)
  Clock Path Skew:        0.986ns (DCD - SCD + CPR)
    Destination Clock Delay (DCD):    0.986ns
    Source Clock Delay      (SCD):    0.000ns
    Clock Pessimism Removal (CPR):    0.000ns
  Clock Uncertainty:      0.025ns  ((TSJ^2 + TIJ^2)^1/2 + DJ) / 2 + PE
    Total System Jitter     (TSJ):    0.050ns
    Total Input Jitter      (TIJ):    0.000ns
    Discrete Jitter          (DJ):    0.000ns
    Phase Error              (PE):    0.000ns
  Timing Exception:       False Path

    Location             Delay type                Incr(ns)  Path(ns)    Netlist Resource(s)
  -------------------------------------------------------------------    -------------------
                                                      0.000     0.000 r  aresetn (IN)
                         net (fo=1, unset)            1.038     1.038    aresetn
    SLICE_X153Y183       LUT1 (Prop_lut1_I0_O)        0.148     1.186 f  axi_awready_reg_i_2/O
                         net (fo=142, routed)         2.364     3.550    axi_awready_reg_i_2_n_0
    SLICE_X146Y196       FDCE                                         f  slv_reg_pc_low_reg[0]/CLR
  -------------------------------------------------------------------    -------------------

                         (clock clk rise edge)        0.000     0.000 r  
                                                      0.000     0.000 r  aclk (IN)
                         net (fo=49980, unset)        0.986     0.986    aclk
    SLICE_X146Y196       FDCE                                         r  slv_reg_pc_low_reg[0]/C

Slack:                    inf
  Source:                 aresetn
                            (input port)
  Destination:            slv_reg_pc_high_reg[16]/CLR
                            (recovery check against rising-edge clock clk  {rise@0.000ns fall@6.250ns period=12.500ns})
  Path Group:             (none)
  Path Type:              Recovery (Max at Slow Process Corner)
  Data Path Delay:        3.533ns  (logic 0.148ns (4.189%)  route 3.385ns (95.811%))
  Logic Levels:           1  (LUT1=1)
  Clock Path Skew:        0.986ns (DCD - SCD + CPR)
    Destination Clock Delay (DCD):    0.986ns
    Source Clock Delay      (SCD):    0.000ns
    Clock Pessimism Removal (CPR):    0.000ns
  Clock Uncertainty:      0.025ns  ((TSJ^2 + TIJ^2)^1/2 + DJ) / 2 + PE
    Total System Jitter     (TSJ):    0.050ns
    Total Input Jitter      (TIJ):    0.000ns
    Discrete Jitter          (DJ):    0.000ns
    Phase Error              (PE):    0.000ns
  Timing Exception:       False Path

    Location             Delay type                Incr(ns)  Path(ns)    Netlist Resource(s)
  -------------------------------------------------------------------    -------------------
                                                      0.000     0.000 r  aresetn (IN)
                         net (fo=1, unset)            1.038     1.038    aresetn
    SLICE_X153Y183       LUT1 (Prop_lut1_I0_O)        0.148     1.186 f  axi_awready_reg_i_2/O
                         net (fo=142, routed)         2.347     3.533    axi_awready_reg_i_2_n_0
    SLICE_X149Y196       FDCE                                         f  slv_reg_pc_high_reg[16]/CLR
  -------------------------------------------------------------------    -------------------

                         (clock clk rise edge)        0.000     0.000 r  
                                                      0.000     0.000 r  aclk (IN)
                         net (fo=49980, unset)        0.986     0.986    aclk
    SLICE_X149Y196       FDCE                                         r  slv_reg_pc_high_reg[16]/C

Slack:                    inf
  Source:                 aresetn
                            (input port)
  Destination:            slv_reg_pc_high_reg[23]/CLR
                            (recovery check against rising-edge clock clk  {rise@0.000ns fall@6.250ns period=12.500ns})
  Path Group:             (none)
  Path Type:              Recovery (Max at Slow Process Corner)
  Data Path Delay:        3.533ns  (logic 0.148ns (4.189%)  route 3.385ns (95.811%))
  Logic Levels:           1  (LUT1=1)
  Clock Path Skew:        0.986ns (DCD - SCD + CPR)
    Destination Clock Delay (DCD):    0.986ns
    Source Clock Delay      (SCD):    0.000ns
    Clock Pessimism Removal (CPR):    0.000ns
  Clock Uncertainty:      0.025ns  ((TSJ^2 + TIJ^2)^1/2 + DJ) / 2 + PE
    Total System Jitter     (TSJ):    0.050ns
    Total Input Jitter      (TIJ):    0.000ns
    Discrete Jitter          (DJ):    0.000ns
    Phase Error              (PE):    0.000ns
  Timing Exception:       False Path

    Location             Delay type                Incr(ns)  Path(ns)    Netlist Resource(s)
  -------------------------------------------------------------------    -------------------
                                                      0.000     0.000 r  aresetn (IN)
                         net (fo=1, unset)            1.038     1.038    aresetn
    SLICE_X153Y183       LUT1 (Prop_lut1_I0_O)        0.148     1.186 f  axi_awready_reg_i_2/O
                         net (fo=142, routed)         2.347     3.533    axi_awready_reg_i_2_n_0
    SLICE_X149Y196       FDCE                                         f  slv_reg_pc_high_reg[23]/CLR
  -------------------------------------------------------------------    -------------------

                         (clock clk rise edge)        0.000     0.000 r  
                                                      0.000     0.000 r  aclk (IN)
                         net (fo=49980, unset)        0.986     0.986    aclk
    SLICE_X149Y196       FDCE                                         r  slv_reg_pc_high_reg[23]/C

Slack:                    inf
  Source:                 aresetn
                            (input port)
  Destination:            slv_reg_pc_high_reg[29]/CLR
                            (recovery check against rising-edge clock clk  {rise@0.000ns fall@6.250ns period=12.500ns})
  Path Group:             (none)
  Path Type:              Recovery (Max at Slow Process Corner)
  Data Path Delay:        3.533ns  (logic 0.148ns (4.189%)  route 3.385ns (95.811%))
  Logic Levels:           1  (LUT1=1)
  Clock Path Skew:        0.986ns (DCD - SCD + CPR)
    Destination Clock Delay (DCD):    0.986ns
    Source Clock Delay      (SCD):    0.000ns
    Clock Pessimism Removal (CPR):    0.000ns
  Clock Uncertainty:      0.025ns  ((TSJ^2 + TIJ^2)^1/2 + DJ) / 2 + PE
    Total System Jitter     (TSJ):    0.050ns
    Total Input Jitter      (TIJ):    0.000ns
    Discrete Jitter          (DJ):    0.000ns
    Phase Error              (PE):    0.000ns
  Timing Exception:       False Path

    Location             Delay type                Incr(ns)  Path(ns)    Netlist Resource(s)
  -------------------------------------------------------------------    -------------------
                                                      0.000     0.000 r  aresetn (IN)
                         net (fo=1, unset)            1.038     1.038    aresetn
    SLICE_X153Y183       LUT1 (Prop_lut1_I0_O)        0.148     1.186 f  axi_awready_reg_i_2/O
                         net (fo=142, routed)         2.347     3.533    axi_awready_reg_i_2_n_0
    SLICE_X149Y196       FDCE                                         f  slv_reg_pc_high_reg[29]/CLR
  -------------------------------------------------------------------    -------------------

                         (clock clk rise edge)        0.000     0.000 r  
                                                      0.000     0.000 r  aclk (IN)
                         net (fo=49980, unset)        0.986     0.986    aclk
    SLICE_X149Y196       FDCE                                         r  slv_reg_pc_high_reg[29]/C

Slack:                    inf
  Source:                 aresetn
                            (input port)
  Destination:            slv_reg_pc_low_reg[16]/CLR
                            (recovery check against rising-edge clock clk  {rise@0.000ns fall@6.250ns period=12.500ns})
  Path Group:             (none)
  Path Type:              Recovery (Max at Slow Process Corner)
  Data Path Delay:        3.533ns  (logic 0.148ns (4.189%)  route 3.385ns (95.811%))
  Logic Levels:           1  (LUT1=1)
  Clock Path Skew:        0.986ns (DCD - SCD + CPR)
    Destination Clock Delay (DCD):    0.986ns
    Source Clock Delay      (SCD):    0.000ns
    Clock Pessimism Removal (CPR):    0.000ns
  Clock Uncertainty:      0.025ns  ((TSJ^2 + TIJ^2)^1/2 + DJ) / 2 + PE
    Total System Jitter     (TSJ):    0.050ns
    Total Input Jitter      (TIJ):    0.000ns
    Discrete Jitter          (DJ):    0.000ns
    Phase Error              (PE):    0.000ns
  Timing Exception:       False Path

    Location             Delay type                Incr(ns)  Path(ns)    Netlist Resource(s)
  -------------------------------------------------------------------    -------------------
                                                      0.000     0.000 r  aresetn (IN)
                         net (fo=1, unset)            1.038     1.038    aresetn
    SLICE_X153Y183       LUT1 (Prop_lut1_I0_O)        0.148     1.186 f  axi_awready_reg_i_2/O
                         net (fo=142, routed)         2.347     3.533    axi_awready_reg_i_2_n_0
    SLICE_X148Y196       FDCE                                         f  slv_reg_pc_low_reg[16]/CLR
  -------------------------------------------------------------------    -------------------

                         (clock clk rise edge)        0.000     0.000 r  
                                                      0.000     0.000 r  aclk (IN)
                         net (fo=49980, unset)        0.986     0.986    aclk
    SLICE_X148Y196       FDCE                                         r  slv_reg_pc_low_reg[16]/C

Slack:                    inf
  Source:                 aresetn
                            (input port)
  Destination:            slv_reg_pc_low_reg[23]/CLR
                            (recovery check against rising-edge clock clk  {rise@0.000ns fall@6.250ns period=12.500ns})
  Path Group:             (none)
  Path Type:              Recovery (Max at Slow Process Corner)
  Data Path Delay:        3.533ns  (logic 0.148ns (4.189%)  route 3.385ns (95.811%))
  Logic Levels:           1  (LUT1=1)
  Clock Path Skew:        0.986ns (DCD - SCD + CPR)
    Destination Clock Delay (DCD):    0.986ns
    Source Clock Delay      (SCD):    0.000ns
    Clock Pessimism Removal (CPR):    0.000ns
  Clock Uncertainty:      0.025ns  ((TSJ^2 + TIJ^2)^1/2 + DJ) / 2 + PE
    Total System Jitter     (TSJ):    0.050ns
    Total Input Jitter      (TIJ):    0.000ns
    Discrete Jitter          (DJ):    0.000ns
    Phase Error              (PE):    0.000ns
  Timing Exception:       False Path

    Location             Delay type                Incr(ns)  Path(ns)    Netlist Resource(s)
  -------------------------------------------------------------------    -------------------
                                                      0.000     0.000 r  aresetn (IN)
                         net (fo=1, unset)            1.038     1.038    aresetn
    SLICE_X153Y183       LUT1 (Prop_lut1_I0_O)        0.148     1.186 f  axi_awready_reg_i_2/O
                         net (fo=142, routed)         2.347     3.533    axi_awready_reg_i_2_n_0
    SLICE_X148Y196       FDCE                                         f  slv_reg_pc_low_reg[23]/CLR
  -------------------------------------------------------------------    -------------------

                         (clock clk rise edge)        0.000     0.000 r  
                                                      0.000     0.000 r  aclk (IN)
                         net (fo=49980, unset)        0.986     0.986    aclk
    SLICE_X148Y196       FDCE                                         r  slv_reg_pc_low_reg[23]/C

Slack:                    inf
  Source:                 aresetn
                            (input port)
  Destination:            slv_reg_pc_low_reg[29]/CLR
                            (recovery check against rising-edge clock clk  {rise@0.000ns fall@6.250ns period=12.500ns})
  Path Group:             (none)
  Path Type:              Recovery (Max at Slow Process Corner)
  Data Path Delay:        3.533ns  (logic 0.148ns (4.189%)  route 3.385ns (95.811%))
  Logic Levels:           1  (LUT1=1)
  Clock Path Skew:        0.986ns (DCD - SCD + CPR)
    Destination Clock Delay (DCD):    0.986ns
    Source Clock Delay      (SCD):    0.000ns
    Clock Pessimism Removal (CPR):    0.000ns
  Clock Uncertainty:      0.025ns  ((TSJ^2 + TIJ^2)^1/2 + DJ) / 2 + PE
    Total System Jitter     (TSJ):    0.050ns
    Total Input Jitter      (TIJ):    0.000ns
    Discrete Jitter          (DJ):    0.000ns
    Phase Error              (PE):    0.000ns
  Timing Exception:       False Path

    Location             Delay type                Incr(ns)  Path(ns)    Netlist Resource(s)
  -------------------------------------------------------------------    -------------------
                                                      0.000     0.000 r  aresetn (IN)
                         net (fo=1, unset)            1.038     1.038    aresetn
    SLICE_X153Y183       LUT1 (Prop_lut1_I0_O)        0.148     1.186 f  axi_awready_reg_i_2/O
                         net (fo=142, routed)         2.347     3.533    axi_awready_reg_i_2_n_0
    SLICE_X148Y196       FDCE                                         f  slv_reg_pc_low_reg[29]/CLR
  -------------------------------------------------------------------    -------------------

                         (clock clk rise edge)        0.000     0.000 r  
                                                      0.000     0.000 r  aclk (IN)
                         net (fo=49980, unset)        0.986     0.986    aclk
    SLICE_X148Y196       FDCE                                         r  slv_reg_pc_low_reg[29]/C





Min Delay Paths
--------------------------------------------------------------------------------------
Slack:                    inf
  Source:                 aresetn
                            (input port)
  Destination:            slv_reg_ctrl_reg[12]/CLR
                            (removal check against rising-edge clock clk  {rise@0.000ns fall@6.250ns period=12.500ns})
  Path Group:             (none)
  Path Type:              Removal (Min at Fast Process Corner)
  Data Path Delay:        0.807ns  (logic 0.062ns (7.680%)  route 0.745ns (92.320%))
  Logic Levels:           1  (LUT1=1)
  Clock Path Skew:        0.542ns (DCD - SCD - CPR)
    Destination Clock Delay (DCD):    0.542ns
    Source Clock Delay      (SCD):    0.000ns
    Clock Pessimism Removal (CPR):    -0.000ns
  Timing Exception:       False Path

    Location             Delay type                Incr(ns)  Path(ns)    Netlist Resource(s)
  -------------------------------------------------------------------    -------------------
                                                      0.000     0.000 r  aresetn (IN)
                         net (fo=1, unset)            0.515     0.515    aresetn
    SLICE_X153Y183       LUT1 (Prop_lut1_I0_O)        0.062     0.577 f  axi_awready_reg_i_2/O
                         net (fo=142, routed)         0.230     0.807    axi_awready_reg_i_2_n_0
    SLICE_X152Y183       FDCE                                         f  slv_reg_ctrl_reg[12]/CLR
  -------------------------------------------------------------------    -------------------

                         (clock clk rise edge)        0.000     0.000 r  
                                                      0.000     0.000 r  aclk (IN)
                         net (fo=49980, unset)        0.542     0.542    aclk
    SLICE_X152Y183       FDCE                                         r  slv_reg_ctrl_reg[12]/C

Slack:                    inf
  Source:                 aresetn
                            (input port)
  Destination:            slv_reg_ctrl_reg[31]/CLR
                            (removal check against rising-edge clock clk  {rise@0.000ns fall@6.250ns period=12.500ns})
  Path Group:             (none)
  Path Type:              Removal (Min at Fast Process Corner)
  Data Path Delay:        0.807ns  (logic 0.062ns (7.680%)  route 0.745ns (92.320%))
  Logic Levels:           1  (LUT1=1)
  Clock Path Skew:        0.542ns (DCD - SCD - CPR)
    Destination Clock Delay (DCD):    0.542ns
    Source Clock Delay      (SCD):    0.000ns
    Clock Pessimism Removal (CPR):    -0.000ns
  Timing Exception:       False Path

    Location             Delay type                Incr(ns)  Path(ns)    Netlist Resource(s)
  -------------------------------------------------------------------    -------------------
                                                      0.000     0.000 r  aresetn (IN)
                         net (fo=1, unset)            0.515     0.515    aresetn
    SLICE_X153Y183       LUT1 (Prop_lut1_I0_O)        0.062     0.577 f  axi_awready_reg_i_2/O
                         net (fo=142, routed)         0.230     0.807    axi_awready_reg_i_2_n_0
    SLICE_X152Y183       FDCE                                         f  slv_reg_ctrl_reg[31]/CLR
  -------------------------------------------------------------------    -------------------

                         (clock clk rise edge)        0.000     0.000 r  
                                                      0.000     0.000 r  aclk (IN)
                         net (fo=49980, unset)        0.542     0.542    aclk
    SLICE_X152Y183       FDCE                                         r  slv_reg_ctrl_reg[31]/C

Slack:                    inf
  Source:                 aresetn
                            (input port)
  Destination:            slv_reg_pc_high_reg[24]/CLR
                            (removal check against rising-edge clock clk  {rise@0.000ns fall@6.250ns period=12.500ns})
  Path Group:             (none)
  Path Type:              Removal (Min at Fast Process Corner)
  Data Path Delay:        0.823ns  (logic 0.062ns (7.532%)  route 0.761ns (92.468%))
  Logic Levels:           1  (LUT1=1)
  Clock Path Skew:        0.542ns (DCD - SCD - CPR)
    Destination Clock Delay (DCD):    0.542ns
    Source Clock Delay      (SCD):    0.000ns
    Clock Pessimism Removal (CPR):    -0.000ns
  Timing Exception:       False Path

    Location             Delay type                Incr(ns)  Path(ns)    Netlist Resource(s)
  -------------------------------------------------------------------    -------------------
                                                      0.000     0.000 r  aresetn (IN)
                         net (fo=1, unset)            0.515     0.515    aresetn
    SLICE_X153Y183       LUT1 (Prop_lut1_I0_O)        0.062     0.577 f  axi_awready_reg_i_2/O
                         net (fo=142, routed)         0.246     0.823    axi_awready_reg_i_2_n_0
    SLICE_X153Y182       FDCE                                         f  slv_reg_pc_high_reg[24]/CLR
  -------------------------------------------------------------------    -------------------

                         (clock clk rise edge)        0.000     0.000 r  
                                                      0.000     0.000 r  aclk (IN)
                         net (fo=49980, unset)        0.542     0.542    aclk
    SLICE_X153Y182       FDCE                                         r  slv_reg_pc_high_reg[24]/C

Slack:                    inf
  Source:                 aresetn
                            (input port)
  Destination:            slv_reg_pc_high_reg[25]/CLR
                            (removal check against rising-edge clock clk  {rise@0.000ns fall@6.250ns period=12.500ns})
  Path Group:             (none)
  Path Type:              Removal (Min at Fast Process Corner)
  Data Path Delay:        0.823ns  (logic 0.062ns (7.532%)  route 0.761ns (92.468%))
  Logic Levels:           1  (LUT1=1)
  Clock Path Skew:        0.542ns (DCD - SCD - CPR)
    Destination Clock Delay (DCD):    0.542ns
    Source Clock Delay      (SCD):    0.000ns
    Clock Pessimism Removal (CPR):    -0.000ns
  Timing Exception:       False Path

    Location             Delay type                Incr(ns)  Path(ns)    Netlist Resource(s)
  -------------------------------------------------------------------    -------------------
                                                      0.000     0.000 r  aresetn (IN)
                         net (fo=1, unset)            0.515     0.515    aresetn
    SLICE_X153Y183       LUT1 (Prop_lut1_I0_O)        0.062     0.577 f  axi_awready_reg_i_2/O
                         net (fo=142, routed)         0.246     0.823    axi_awready_reg_i_2_n_0
    SLICE_X153Y182       FDCE                                         f  slv_reg_pc_high_reg[25]/CLR
  -------------------------------------------------------------------    -------------------

                         (clock clk rise edge)        0.000     0.000 r  
                                                      0.000     0.000 r  aclk (IN)
                         net (fo=49980, unset)        0.542     0.542    aclk
    SLICE_X153Y182       FDCE                                         r  slv_reg_pc_high_reg[25]/C

Slack:                    inf
  Source:                 aresetn
                            (input port)
  Destination:            slv_reg_pc_high_reg[6]/CLR
                            (removal check against rising-edge clock clk  {rise@0.000ns fall@6.250ns period=12.500ns})
  Path Group:             (none)
  Path Type:              Removal (Min at Fast Process Corner)
  Data Path Delay:        0.823ns  (logic 0.062ns (7.532%)  route 0.761ns (92.468%))
  Logic Levels:           1  (LUT1=1)
  Clock Path Skew:        0.542ns (DCD - SCD - CPR)
    Destination Clock Delay (DCD):    0.542ns
    Source Clock Delay      (SCD):    0.000ns
    Clock Pessimism Removal (CPR):    -0.000ns
  Timing Exception:       False Path

    Location             Delay type                Incr(ns)  Path(ns)    Netlist Resource(s)
  -------------------------------------------------------------------    -------------------
                                                      0.000     0.000 r  aresetn (IN)
                         net (fo=1, unset)            0.515     0.515    aresetn
    SLICE_X153Y183       LUT1 (Prop_lut1_I0_O)        0.062     0.577 f  axi_awready_reg_i_2/O
                         net (fo=142, routed)         0.246     0.823    axi_awready_reg_i_2_n_0
    SLICE_X153Y182       FDCE                                         f  slv_reg_pc_high_reg[6]/CLR
  -------------------------------------------------------------------    -------------------

                         (clock clk rise edge)        0.000     0.000 r  
                                                      0.000     0.000 r  aclk (IN)
                         net (fo=49980, unset)        0.542     0.542    aclk
    SLICE_X153Y182       FDCE                                         r  slv_reg_pc_high_reg[6]/C

Slack:                    inf
  Source:                 aresetn
                            (input port)
  Destination:            slv_reg_pc_low_reg[12]/CLR
                            (removal check against rising-edge clock clk  {rise@0.000ns fall@6.250ns period=12.500ns})
  Path Group:             (none)
  Path Type:              Removal (Min at Fast Process Corner)
  Data Path Delay:        0.823ns  (logic 0.062ns (7.532%)  route 0.761ns (92.468%))
  Logic Levels:           1  (LUT1=1)
  Clock Path Skew:        0.542ns (DCD - SCD - CPR)
    Destination Clock Delay (DCD):    0.542ns
    Source Clock Delay      (SCD):    0.000ns
    Clock Pessimism Removal (CPR):    -0.000ns
  Timing Exception:       False Path

    Location             Delay type                Incr(ns)  Path(ns)    Netlist Resource(s)
  -------------------------------------------------------------------    -------------------
                                                      0.000     0.000 r  aresetn (IN)
                         net (fo=1, unset)            0.515     0.515    aresetn
    SLICE_X153Y183       LUT1 (Prop_lut1_I0_O)        0.062     0.577 f  axi_awready_reg_i_2/O
                         net (fo=142, routed)         0.246     0.823    axi_awready_reg_i_2_n_0
    SLICE_X152Y182       FDCE                                         f  slv_reg_pc_low_reg[12]/CLR
  -------------------------------------------------------------------    -------------------

                         (clock clk rise edge)        0.000     0.000 r  
                                                      0.000     0.000 r  aclk (IN)
                         net (fo=49980, unset)        0.542     0.542    aclk
    SLICE_X152Y182       FDCE                                         r  slv_reg_pc_low_reg[12]/C

Slack:                    inf
  Source:                 aresetn
                            (input port)
  Destination:            slv_reg_pc_low_reg[24]/CLR
                            (removal check against rising-edge clock clk  {rise@0.000ns fall@6.250ns period=12.500ns})
  Path Group:             (none)
  Path Type:              Removal (Min at Fast Process Corner)
  Data Path Delay:        0.823ns  (logic 0.062ns (7.532%)  route 0.761ns (92.468%))
  Logic Levels:           1  (LUT1=1)
  Clock Path Skew:        0.542ns (DCD - SCD - CPR)
    Destination Clock Delay (DCD):    0.542ns
    Source Clock Delay      (SCD):    0.000ns
    Clock Pessimism Removal (CPR):    -0.000ns
  Timing Exception:       False Path

    Location             Delay type                Incr(ns)  Path(ns)    Netlist Resource(s)
  -------------------------------------------------------------------    -------------------
                                                      0.000     0.000 r  aresetn (IN)
                         net (fo=1, unset)            0.515     0.515    aresetn
    SLICE_X153Y183       LUT1 (Prop_lut1_I0_O)        0.062     0.577 f  axi_awready_reg_i_2/O
                         net (fo=142, routed)         0.246     0.823    axi_awready_reg_i_2_n_0
    SLICE_X152Y182       FDCE                                         f  slv_reg_pc_low_reg[24]/CLR
  -------------------------------------------------------------------    -------------------

                         (clock clk rise edge)        0.000     0.000 r  
                                                      0.000     0.000 r  aclk (IN)
                         net (fo=49980, unset)        0.542     0.542    aclk
    SLICE_X152Y182       FDCE                                         r  slv_reg_pc_low_reg[24]/C

Slack:                    inf
  Source:                 aresetn
                            (input port)
  Destination:            slv_reg_pc_low_reg[31]/PRE
                            (removal check against rising-edge clock clk  {rise@0.000ns fall@6.250ns period=12.500ns})
  Path Group:             (none)
  Path Type:              Removal (Min at Fast Process Corner)
  Data Path Delay:        0.823ns  (logic 0.062ns (7.532%)  route 0.761ns (92.468%))
  Logic Levels:           1  (LUT1=1)
  Clock Path Skew:        0.542ns (DCD - SCD - CPR)
    Destination Clock Delay (DCD):    0.542ns
    Source Clock Delay      (SCD):    0.000ns
    Clock Pessimism Removal (CPR):    -0.000ns
  Timing Exception:       False Path

    Location             Delay type                Incr(ns)  Path(ns)    Netlist Resource(s)
  -------------------------------------------------------------------    -------------------
                                                      0.000     0.000 r  aresetn (IN)
                         net (fo=1, unset)            0.515     0.515    aresetn
    SLICE_X153Y183       LUT1 (Prop_lut1_I0_O)        0.062     0.577 f  axi_awready_reg_i_2/O
                         net (fo=142, routed)         0.246     0.823    axi_awready_reg_i_2_n_0
    SLICE_X152Y182       FDPE                                         f  slv_reg_pc_low_reg[31]/PRE
  -------------------------------------------------------------------    -------------------

                         (clock clk rise edge)        0.000     0.000 r  
                                                      0.000     0.000 r  aclk (IN)
                         net (fo=49980, unset)        0.542     0.542    aclk
    SLICE_X152Y182       FDPE                                         r  slv_reg_pc_low_reg[31]/C

Slack:                    inf
  Source:                 aresetn
                            (input port)
  Destination:            slv_reg_pc_low_reg[6]/CLR
                            (removal check against rising-edge clock clk  {rise@0.000ns fall@6.250ns period=12.500ns})
  Path Group:             (none)
  Path Type:              Removal (Min at Fast Process Corner)
  Data Path Delay:        0.823ns  (logic 0.062ns (7.532%)  route 0.761ns (92.468%))
  Logic Levels:           1  (LUT1=1)
  Clock Path Skew:        0.542ns (DCD - SCD - CPR)
    Destination Clock Delay (DCD):    0.542ns
    Source Clock Delay      (SCD):    0.000ns
    Clock Pessimism Removal (CPR):    -0.000ns
  Timing Exception:       False Path

    Location             Delay type                Incr(ns)  Path(ns)    Netlist Resource(s)
  -------------------------------------------------------------------    -------------------
                                                      0.000     0.000 r  aresetn (IN)
                         net (fo=1, unset)            0.515     0.515    aresetn
    SLICE_X153Y183       LUT1 (Prop_lut1_I0_O)        0.062     0.577 f  axi_awready_reg_i_2/O
                         net (fo=142, routed)         0.246     0.823    axi_awready_reg_i_2_n_0
    SLICE_X152Y182       FDCE                                         f  slv_reg_pc_low_reg[6]/CLR
  -------------------------------------------------------------------    -------------------

                         (clock clk rise edge)        0.000     0.000 r  
                                                      0.000     0.000 r  aclk (IN)
                         net (fo=49980, unset)        0.542     0.542    aclk
    SLICE_X152Y182       FDCE                                         r  slv_reg_pc_low_reg[6]/C

Slack:                    inf
  Source:                 aresetn
                            (input port)
  Destination:            slv_reg_ctrl_reg[24]/CLR
                            (removal check against rising-edge clock clk  {rise@0.000ns fall@6.250ns period=12.500ns})
  Path Group:             (none)
  Path Type:              Removal (Min at Fast Process Corner)
  Data Path Delay:        0.848ns  (logic 0.062ns (7.311%)  route 0.786ns (92.689%))
  Logic Levels:           1  (LUT1=1)
  Clock Path Skew:        0.542ns (DCD - SCD - CPR)
    Destination Clock Delay (DCD):    0.542ns
    Source Clock Delay      (SCD):    0.000ns
    Clock Pessimism Removal (CPR):    -0.000ns
  Timing Exception:       False Path

    Location             Delay type                Incr(ns)  Path(ns)    Netlist Resource(s)
  -------------------------------------------------------------------    -------------------
                                                      0.000     0.000 r  aresetn (IN)
                         net (fo=1, unset)            0.515     0.515    aresetn
    SLICE_X153Y183       LUT1 (Prop_lut1_I0_O)        0.062     0.577 f  axi_awready_reg_i_2/O
                         net (fo=142, routed)         0.271     0.848    axi_awready_reg_i_2_n_0
    SLICE_X154Y182       FDCE                                         f  slv_reg_ctrl_reg[24]/CLR
  -------------------------------------------------------------------    -------------------

                         (clock clk rise edge)        0.000     0.000 r  
                                                      0.000     0.000 r  aclk (IN)
                         net (fo=49980, unset)        0.542     0.542    aclk
    SLICE_X154Y182       FDCE                                         r  slv_reg_ctrl_reg[24]/C





--------------------------------------------------------------------------------------
Path Group:  (none)
From Clock:  clk
  To Clock:  clk

Max Delay             3 Endpoints
Min Delay             3 Endpoints
--------------------------------------------------------------------------------------


Max Delay Paths
--------------------------------------------------------------------------------------
Slack:                    inf
  Source:                 u_core/u_lsu_flow_gate/fifo_rp_reg[0]/C
                            (rising edge-triggered cell FDRE clocked by clk  {rise@0.000ns fall@6.250ns period=12.500ns})
  Destination:            flow_gate_status[0]
                            (output port clocked by clk  {rise@0.000ns fall@6.250ns period=12.500ns})
  Path Group:             (none)
  Path Type:              Max at Slow Process Corner
  Data Path Delay:        4.995ns  (logic 0.706ns (14.135%)  route 4.289ns (85.865%))
  Logic Levels:           1  (LUT2=1)
  Output Delay:           2.500ns
  Clock Path Skew:        -1.038ns (DCD - SCD + CPR)
    Destination Clock Delay (DCD):    0.000ns
    Source Clock Delay      (SCD):    1.038ns
    Clock Pessimism Removal (CPR):    0.000ns
  Clock Uncertainty:      0.035ns  ((TSJ^2 + TIJ^2)^1/2 + DJ) / 2 + PE
    Total System Jitter     (TSJ):    0.071ns
    Total Input Jitter      (TIJ):    0.000ns
    Discrete Jitter          (DJ):    0.000ns
    Phase Error              (PE):    0.000ns
  Timing Exception:       False Path

    Location             Delay type                Incr(ns)  Path(ns)    Netlist Resource(s)
  -------------------------------------------------------------------    -------------------
                         (clock clk rise edge)        0.000     0.000 r  
                                                      0.000     0.000 r  aclk (IN)
                         net (fo=49980, unset)        1.038     1.038    u_core/u_lsu_flow_gate/aclk
    SLICE_X139Y108       FDRE                                         r  u_core/u_lsu_flow_gate/fifo_rp_reg[0]/C
  -------------------------------------------------------------------    -------------------
    SLICE_X139Y108       FDRE (Prop_fdre_C_Q)         0.536     1.574 r  u_core/u_lsu_flow_gate/fifo_rp_reg[0]/Q
                         net (fo=148, routed)         3.251     4.825    u_core/u_lsu_flow_gate/fifo_rp[0]
    SLICE_X134Y143       LUT2 (Prop_lut2_I0_O)        0.170     4.995 r  u_core/u_lsu_flow_gate/flow_gate_status[0]_INST_0/O
                         net (fo=2, unset)            1.038     6.033    flow_gate_status[0]
                                                                      r  flow_gate_status[0] (OUT)
  -------------------------------------------------------------------    -------------------

Slack:                    inf
  Source:                 u_core/u_lsu_flow_gate/fifo_rp_reg[0]/C
                            (rising edge-triggered cell FDRE clocked by clk  {rise@0.000ns fall@6.250ns period=12.500ns})
  Destination:            flow_gate_status[3]
                            (output port clocked by clk  {rise@0.000ns fall@6.250ns period=12.500ns})
  Path Group:             (none)
  Path Type:              Max at Slow Process Corner
  Data Path Delay:        4.963ns  (logic 0.684ns (13.783%)  route 4.279ns (86.217%))
  Logic Levels:           1  (LUT6=1)
  Output Delay:           2.500ns
  Clock Path Skew:        -1.038ns (DCD - SCD + CPR)
    Destination Clock Delay (DCD):    0.000ns
    Source Clock Delay      (SCD):    1.038ns
    Clock Pessimism Removal (CPR):    0.000ns
  Clock Uncertainty:      0.035ns  ((TSJ^2 + TIJ^2)^1/2 + DJ) / 2 + PE
    Total System Jitter     (TSJ):    0.071ns
    Total Input Jitter      (TIJ):    0.000ns
    Discrete Jitter          (DJ):    0.000ns
    Phase Error              (PE):    0.000ns
  Timing Exception:       False Path

    Location             Delay type                Incr(ns)  Path(ns)    Netlist Resource(s)
  -------------------------------------------------------------------    -------------------
                         (clock clk rise edge)        0.000     0.000 r  
                                                      0.000     0.000 r  aclk (IN)
                         net (fo=49980, unset)        1.038     1.038    u_core/u_lsu_flow_gate/aclk
    SLICE_X139Y108       FDRE                                         r  u_core/u_lsu_flow_gate/fifo_rp_reg[0]/C
  -------------------------------------------------------------------    -------------------
    SLICE_X139Y108       FDRE (Prop_fdre_C_Q)         0.536     1.574 r  u_core/u_lsu_flow_gate/fifo_rp_reg[0]/Q
                         net (fo=148, routed)         3.241     4.815    u_core/u_lsu_flow_gate/fifo_rp[0]
    SLICE_X135Y145       LUT6 (Prop_lut6_I2_O)        0.148     4.963 r  u_core/u_lsu_flow_gate/flow_gate_status[3]_INST_0/O
                         net (fo=4, unset)            1.038     6.001    flow_gate_status[3]
                                                                      r  flow_gate_status[3] (OUT)
  -------------------------------------------------------------------    -------------------

Slack:                    inf
  Source:                 u_core/u_lsu_flow_gate/fifo_rp_reg[0]/C
                            (rising edge-triggered cell FDRE clocked by clk  {rise@0.000ns fall@6.250ns period=12.500ns})
  Destination:            flow_gate_status[1]
                            (output port clocked by clk  {rise@0.000ns fall@6.250ns period=12.500ns})
  Path Group:             (none)
  Path Type:              Max at Slow Process Corner
  Data Path Delay:        3.616ns  (logic 0.684ns (18.914%)  route 2.932ns (81.086%))
  Logic Levels:           1  (LUT4=1)
  Output Delay:           2.500ns
  Clock Path Skew:        -1.038ns (DCD - SCD + CPR)
    Destination Clock Delay (DCD):    0.000ns
    Source Clock Delay      (SCD):    1.038ns
    Clock Pessimism Removal (CPR):    0.000ns
  Clock Uncertainty:      0.035ns  ((TSJ^2 + TIJ^2)^1/2 + DJ) / 2 + PE
    Total System Jitter     (TSJ):    0.071ns
    Total Input Jitter      (TIJ):    0.000ns
    Discrete Jitter          (DJ):    0.000ns
    Phase Error              (PE):    0.000ns
  Timing Exception:       False Path

    Location             Delay type                Incr(ns)  Path(ns)    Netlist Resource(s)
  -------------------------------------------------------------------    -------------------
                         (clock clk rise edge)        0.000     0.000 r  
                                                      0.000     0.000 r  aclk (IN)
                         net (fo=49980, unset)        1.038     1.038    u_core/u_lsu_flow_gate/aclk
    SLICE_X139Y108       FDRE                                         r  u_core/u_lsu_flow_gate/fifo_rp_reg[0]/C
  -------------------------------------------------------------------    -------------------
    SLICE_X139Y108       FDRE (Prop_fdre_C_Q)         0.536     1.574 r  u_core/u_lsu_flow_gate/fifo_rp_reg[0]/Q
                         net (fo=148, routed)         1.894     3.468    u_core/u_lsu_flow_gate/fifo_rp[0]
    SLICE_X141Y121       LUT4 (Prop_lut4_I1_O)        0.148     3.616 r  u_core/u_lsu_flow_gate/flow_gate_status[1]_INST_0/O
                         net (fo=2, unset)            1.038     4.654    flow_gate_status[1]
                                                                      r  flow_gate_status[1] (OUT)
  -------------------------------------------------------------------    -------------------





Min Delay Paths
--------------------------------------------------------------------------------------
Slack:                    inf
  Source:                 u_core/u_lsu_flow_gate/fifo_wp_reg[0]/C
                            (rising edge-triggered cell FDRE clocked by clk  {rise@0.000ns fall@6.250ns period=12.500ns})
  Destination:            flow_gate_status[1]
                            (output port clocked by clk  {rise@0.000ns fall@6.250ns period=12.500ns})
  Path Group:             (none)
  Path Type:              Min at Fast Process Corner
  Data Path Delay:        1.158ns  (logic 0.255ns (22.014%)  route 0.903ns (77.986%))
  Logic Levels:           1  (LUT4=1)
  Output Delay:           -0.200ns
  Clock Path Skew:        -0.515ns (DCD - SCD - CPR)
    Destination Clock Delay (DCD):    0.000ns
    Source Clock Delay      (SCD):    0.515ns
    Clock Pessimism Removal (CPR):    -0.000ns
  Clock Uncertainty:      0.035ns  ((TSJ^2 + TIJ^2)^1/2 + DJ) / 2 + PE
    Total System Jitter     (TSJ):    0.071ns
    Total Input Jitter      (TIJ):    0.000ns
    Discrete Jitter          (DJ):    0.000ns
    Phase Error              (PE):    0.000ns
  Timing Exception:       False Path

    Location             Delay type                Incr(ns)  Path(ns)    Netlist Resource(s)
  -------------------------------------------------------------------    -------------------
                         (clock clk rise edge)        0.000     0.000 r  
                                                      0.000     0.000 r  aclk (IN)
                         net (fo=49980, unset)        0.515     0.515    u_core/u_lsu_flow_gate/aclk
    SLICE_X139Y123       FDRE                                         r  u_core/u_lsu_flow_gate/fifo_wp_reg[0]/C
  -------------------------------------------------------------------    -------------------
    SLICE_X139Y123       FDRE (Prop_fdre_C_Q)         0.193     0.708 r  u_core/u_lsu_flow_gate/fifo_wp_reg[0]/Q
                         net (fo=195, routed)         0.389     1.096    u_core/u_lsu_flow_gate/fifo_wp[0]
    SLICE_X141Y121       LUT4 (Prop_lut4_I0_O)        0.062     1.158 r  u_core/u_lsu_flow_gate/flow_gate_status[1]_INST_0/O
                         net (fo=2, unset)            0.515     1.673    flow_gate_status[1]
                                                                      r  flow_gate_status[1] (OUT)
  -------------------------------------------------------------------    -------------------

Slack:                    inf
  Source:                 u_core/u_lsu_flow_gate/fifo_wp_reg[1]/C
                            (rising edge-triggered cell FDRE clocked by clk  {rise@0.000ns fall@6.250ns period=12.500ns})
  Destination:            flow_gate_status[3]
                            (output port clocked by clk  {rise@0.000ns fall@6.250ns period=12.500ns})
  Path Group:             (none)
  Path Type:              Min at Fast Process Corner
  Data Path Delay:        1.171ns  (logic 0.255ns (21.771%)  route 0.916ns (78.229%))
  Logic Levels:           1  (LUT6=1)
  Output Delay:           -0.200ns
  Clock Path Skew:        -0.515ns (DCD - SCD - CPR)
    Destination Clock Delay (DCD):    0.000ns
    Source Clock Delay      (SCD):    0.515ns
    Clock Pessimism Removal (CPR):    -0.000ns
  Clock Uncertainty:      0.035ns  ((TSJ^2 + TIJ^2)^1/2 + DJ) / 2 + PE
    Total System Jitter     (TSJ):    0.071ns
    Total Input Jitter      (TIJ):    0.000ns
    Discrete Jitter          (DJ):    0.000ns
    Phase Error              (PE):    0.000ns
  Timing Exception:       False Path

    Location             Delay type                Incr(ns)  Path(ns)    Netlist Resource(s)
  -------------------------------------------------------------------    -------------------
                         (clock clk rise edge)        0.000     0.000 r  
                                                      0.000     0.000 r  aclk (IN)
                         net (fo=49980, unset)        0.515     0.515    u_core/u_lsu_flow_gate/aclk
    SLICE_X135Y143       FDRE                                         r  u_core/u_lsu_flow_gate/fifo_wp_reg[1]/C
  -------------------------------------------------------------------    -------------------
    SLICE_X135Y143       FDRE (Prop_fdre_C_Q)         0.193     0.708 r  u_core/u_lsu_flow_gate/fifo_wp_reg[1]/Q
                         net (fo=193, routed)         0.402     1.109    u_core/u_lsu_flow_gate/fifo_wp[1]
    SLICE_X135Y145       LUT6 (Prop_lut6_I5_O)        0.062     1.171 r  u_core/u_lsu_flow_gate/flow_gate_status[3]_INST_0/O
                         net (fo=4, unset)            0.515     1.686    flow_gate_status[3]
                                                                      r  flow_gate_status[3] (OUT)
  -------------------------------------------------------------------    -------------------

Slack:                    inf
  Source:                 u_core/u_lsu_flow_gate/fifo_wp_reg[0]/C
                            (rising edge-triggered cell FDRE clocked by clk  {rise@0.000ns fall@6.250ns period=12.500ns})
  Destination:            flow_gate_status[0]
                            (output port clocked by clk  {rise@0.000ns fall@6.250ns period=12.500ns})
  Path Group:             (none)
  Path Type:              Min at Fast Process Corner
  Data Path Delay:        2.198ns  (logic 0.251ns (11.418%)  route 1.947ns (88.582%))
  Logic Levels:           1  (LUT2=1)
  Output Delay:           -0.200ns
  Clock Path Skew:        -0.515ns (DCD - SCD - CPR)
    Destination Clock Delay (DCD):    0.000ns
    Source Clock Delay      (SCD):    0.515ns
    Clock Pessimism Removal (CPR):    -0.000ns
  Clock Uncertainty:      0.035ns  ((TSJ^2 + TIJ^2)^1/2 + DJ) / 2 + PE
    Total System Jitter     (TSJ):    0.071ns
    Total Input Jitter      (TIJ):    0.000ns
    Discrete Jitter          (DJ):    0.000ns
    Phase Error              (PE):    0.000ns
  Timing Exception:       False Path

    Location             Delay type                Incr(ns)  Path(ns)    Netlist Resource(s)
  -------------------------------------------------------------------    -------------------
                         (clock clk rise edge)        0.000     0.000 r  
                                                      0.000     0.000 r  aclk (IN)
                         net (fo=49980, unset)        0.515     0.515    u_core/u_lsu_flow_gate/aclk
    SLICE_X139Y123       FDRE                                         r  u_core/u_lsu_flow_gate/fifo_wp_reg[0]/C
  -------------------------------------------------------------------    -------------------
    SLICE_X139Y123       FDRE (Prop_fdre_C_Q)         0.193     0.708 r  u_core/u_lsu_flow_gate/fifo_wp_reg[0]/Q
                         net (fo=195, routed)         1.433     2.140    u_core/u_lsu_flow_gate/fifo_wp[0]
    SLICE_X134Y143       LUT2 (Prop_lut2_I1_O)        0.058     2.198 r  u_core/u_lsu_flow_gate/flow_gate_status[0]_INST_0/O
                         net (fo=2, unset)            0.515     2.713    flow_gate_status[0]
                                                                      r  flow_gate_status[0] (OUT)
  -------------------------------------------------------------------    -------------------





