Copyright 1986-2022 Xilinx, Inc. All Rights Reserved. Copyright 2022-2025 Advanced Micro Devices, Inc. All Rights Reserved.
---------------------------------------------------------------------------------------------------------------------------------------------
| Tool Version : Vivado v.2025.2 (win64) Build 6299465 Fri Nov 14 19:35:11 GMT 2025
| Date         : Fri Aug 21 11:19:03 2026
| Host         : SanukaPCs running 64-bit major release  (build 9200)
| Command      : report_drc -file lotus_axi4_wrapper_drc_opted.rpt -pb lotus_axi4_wrapper_drc_opted.pb -rpx lotus_axi4_wrapper_drc_opted.rpx
| Design       : lotus_axi4_wrapper
| Device       : xc7a200tlffv1156-2L
| Speed File   : -2L
| Design State : Synthesized
---------------------------------------------------------------------------------------------------------------------------------------------

Report DRC

Table of Contents
-----------------
1. REPORT SUMMARY
2. REPORT DETAILS

1. REPORT SUMMARY
-----------------
            Netlist: netlist
          Floorplan: design_1
      Design limits: <entire design considered>
           Ruledeck: default
             Max checks: <unlimited>
             Checks found: 171
+-----------+----------+-----------------------------------------------------+--------+
| Rule      | Severity | Description                                         | Checks |
+-----------+----------+-----------------------------------------------------+--------+
| CFGBVS-1  | Warning  | Missing CFGBVS and CONFIG_VOLTAGE Design Properties | 1      |
| CHECK-3   | Warning  | Report rule limit reached                           | 2      |
| DPIP-1    | Warning  | Input pipelining                                    | 64     |
| DPOP-2    | Warning  | MREG Output pipelining                              | 64     |
| REQP-1839 | Warning  | RAMB36 async control check                          | 20     |
| REQP-1840 | Warning  | RAMB18 async control check                          | 20     |
+-----------+----------+-----------------------------------------------------+--------+

2. REPORT DETAILS
-----------------
CFGBVS-1#1 Warning
Missing CFGBVS and CONFIG_VOLTAGE Design Properties  
Neither the CFGBVS nor CONFIG_VOLTAGE voltage property is set in the current_design.  Configuration bank voltage select (CFGBVS) must be set to VCCO or GND, and CONFIG_VOLTAGE must be set to the correct configuration voltage, in order to determine the I/O voltage support for the pins in bank 0.  It is suggested to specify these either using the 'Edit Device Properties' function in the GUI or directly in the XDC file using the following syntax:

 set_property CFGBVS value1 [current_design]
 #where value1 is either VCCO or GND

 set_property CONFIG_VOLTAGE value2 [current_design]
 #where value2 is the voltage provided to configuration bank 0

Refer to the device configuration user guide for more information.
Related violations: <none>

CHECK-3#1 Warning
Report rule limit reached  
REQP-1839 rule limit reached: 20 violations have been found.
Related violations: <none>

CHECK-3#2 Warning
Report rule limit reached  
REQP-1840 rule limit reached: 20 violations have been found.
Related violations: <none>

DPIP-1#1 Warning
Input pipelining  
DSP u_core/u_tensor_bf16/row_gen[0].col_gen[0].u_pe/mac_temp0 input u_core/u_tensor_bf16/row_gen[0].col_gen[0].u_pe/mac_temp0/C[47:0] is not pipelined. Pipelining DSP48 input will improve performance.
Related violations: <none>

DPIP-1#2 Warning
Input pipelining  
DSP u_core/u_tensor_bf16/row_gen[0].col_gen[1].u_pe/mac_temp0 input u_core/u_tensor_bf16/row_gen[0].col_gen[1].u_pe/mac_temp0/C[47:0] is not pipelined. Pipelining DSP48 input will improve performance.
Related violations: <none>

DPIP-1#3 Warning
Input pipelining  
DSP u_core/u_tensor_bf16/row_gen[0].col_gen[2].u_pe/mac_temp0 input u_core/u_tensor_bf16/row_gen[0].col_gen[2].u_pe/mac_temp0/C[47:0] is not pipelined. Pipelining DSP48 input will improve performance.
Related violations: <none>

DPIP-1#4 Warning
Input pipelining  
DSP u_core/u_tensor_bf16/row_gen[0].col_gen[3].u_pe/mac_temp0 input u_core/u_tensor_bf16/row_gen[0].col_gen[3].u_pe/mac_temp0/C[47:0] is not pipelined. Pipelining DSP48 input will improve performance.
Related violations: <none>

DPIP-1#5 Warning
Input pipelining  
DSP u_core/u_tensor_bf16/row_gen[0].col_gen[4].u_pe/mac_temp0 input u_core/u_tensor_bf16/row_gen[0].col_gen[4].u_pe/mac_temp0/C[47:0] is not pipelined. Pipelining DSP48 input will improve performance.
Related violations: <none>

DPIP-1#6 Warning
Input pipelining  
DSP u_core/u_tensor_bf16/row_gen[0].col_gen[5].u_pe/mac_temp0 input u_core/u_tensor_bf16/row_gen[0].col_gen[5].u_pe/mac_temp0/C[47:0] is not pipelined. Pipelining DSP48 input will improve performance.
Related violations: <none>

DPIP-1#7 Warning
Input pipelining  
DSP u_core/u_tensor_bf16/row_gen[0].col_gen[6].u_pe/mac_temp0 input u_core/u_tensor_bf16/row_gen[0].col_gen[6].u_pe/mac_temp0/C[47:0] is not pipelined. Pipelining DSP48 input will improve performance.
Related violations: <none>

DPIP-1#8 Warning
Input pipelining  
DSP u_core/u_tensor_bf16/row_gen[0].col_gen[7].u_pe/mac_temp0 input u_core/u_tensor_bf16/row_gen[0].col_gen[7].u_pe/mac_temp0/C[47:0] is not pipelined. Pipelining DSP48 input will improve performance.
Related violations: <none>

DPIP-1#9 Warning
Input pipelining  
DSP u_core/u_tensor_bf16/row_gen[1].col_gen[0].u_pe/mac_temp0 input u_core/u_tensor_bf16/row_gen[1].col_gen[0].u_pe/mac_temp0/C[47:0] is not pipelined. Pipelining DSP48 input will improve performance.
Related violations: <none>

DPIP-1#10 Warning
Input pipelining  
DSP u_core/u_tensor_bf16/row_gen[1].col_gen[1].u_pe/mac_temp0 input u_core/u_tensor_bf16/row_gen[1].col_gen[1].u_pe/mac_temp0/C[47:0] is not pipelined. Pipelining DSP48 input will improve performance.
Related violations: <none>

DPIP-1#11 Warning
Input pipelining  
DSP u_core/u_tensor_bf16/row_gen[1].col_gen[2].u_pe/mac_temp0 input u_core/u_tensor_bf16/row_gen[1].col_gen[2].u_pe/mac_temp0/C[47:0] is not pipelined. Pipelining DSP48 input will improve performance.
Related violations: <none>

DPIP-1#12 Warning
Input pipelining  
DSP u_core/u_tensor_bf16/row_gen[1].col_gen[3].u_pe/mac_temp0 input u_core/u_tensor_bf16/row_gen[1].col_gen[3].u_pe/mac_temp0/C[47:0] is not pipelined. Pipelining DSP48 input will improve performance.
Related violations: <none>

DPIP-1#13 Warning
Input pipelining  
DSP u_core/u_tensor_bf16/row_gen[1].col_gen[4].u_pe/mac_temp0 input u_core/u_tensor_bf16/row_gen[1].col_gen[4].u_pe/mac_temp0/C[47:0] is not pipelined. Pipelining DSP48 input will improve performance.
Related violations: <none>

DPIP-1#14 Warning
Input pipelining  
DSP u_core/u_tensor_bf16/row_gen[1].col_gen[5].u_pe/mac_temp0 input u_core/u_tensor_bf16/row_gen[1].col_gen[5].u_pe/mac_temp0/C[47:0] is not pipelined. Pipelining DSP48 input will improve performance.
Related violations: <none>

DPIP-1#15 Warning
Input pipelining  
DSP u_core/u_tensor_bf16/row_gen[1].col_gen[6].u_pe/mac_temp0 input u_core/u_tensor_bf16/row_gen[1].col_gen[6].u_pe/mac_temp0/C[47:0] is not pipelined. Pipelining DSP48 input will improve performance.
Related violations: <none>

DPIP-1#16 Warning
Input pipelining  
DSP u_core/u_tensor_bf16/row_gen[1].col_gen[7].u_pe/mac_temp0 input u_core/u_tensor_bf16/row_gen[1].col_gen[7].u_pe/mac_temp0/C[47:0] is not pipelined. Pipelining DSP48 input will improve performance.
Related violations: <none>

DPIP-1#17 Warning
Input pipelining  
DSP u_core/u_tensor_bf16/row_gen[2].col_gen[0].u_pe/mac_temp0 input u_core/u_tensor_bf16/row_gen[2].col_gen[0].u_pe/mac_temp0/C[47:0] is not pipelined. Pipelining DSP48 input will improve performance.
Related violations: <none>

DPIP-1#18 Warning
Input pipelining  
DSP u_core/u_tensor_bf16/row_gen[2].col_gen[1].u_pe/mac_temp0 input u_core/u_tensor_bf16/row_gen[2].col_gen[1].u_pe/mac_temp0/C[47:0] is not pipelined. Pipelining DSP48 input will improve performance.
Related violations: <none>

DPIP-1#19 Warning
Input pipelining  
DSP u_core/u_tensor_bf16/row_gen[2].col_gen[2].u_pe/mac_temp0 input u_core/u_tensor_bf16/row_gen[2].col_gen[2].u_pe/mac_temp0/C[47:0] is not pipelined. Pipelining DSP48 input will improve performance.
Related violations: <none>

DPIP-1#20 Warning
Input pipelining  
DSP u_core/u_tensor_bf16/row_gen[2].col_gen[3].u_pe/mac_temp0 input u_core/u_tensor_bf16/row_gen[2].col_gen[3].u_pe/mac_temp0/C[47:0] is not pipelined. Pipelining DSP48 input will improve performance.
Related violations: <none>

DPIP-1#21 Warning
Input pipelining  
DSP u_core/u_tensor_bf16/row_gen[2].col_gen[4].u_pe/mac_temp0 input u_core/u_tensor_bf16/row_gen[2].col_gen[4].u_pe/mac_temp0/C[47:0] is not pipelined. Pipelining DSP48 input will improve performance.
Related violations: <none>

DPIP-1#22 Warning
Input pipelining  
DSP u_core/u_tensor_bf16/row_gen[2].col_gen[5].u_pe/mac_temp0 input u_core/u_tensor_bf16/row_gen[2].col_gen[5].u_pe/mac_temp0/C[47:0] is not pipelined. Pipelining DSP48 input will improve performance.
Related violations: <none>

DPIP-1#23 Warning
Input pipelining  
DSP u_core/u_tensor_bf16/row_gen[2].col_gen[6].u_pe/mac_temp0 input u_core/u_tensor_bf16/row_gen[2].col_gen[6].u_pe/mac_temp0/C[47:0] is not pipelined. Pipelining DSP48 input will improve performance.
Related violations: <none>

DPIP-1#24 Warning
Input pipelining  
DSP u_core/u_tensor_bf16/row_gen[2].col_gen[7].u_pe/mac_temp0 input u_core/u_tensor_bf16/row_gen[2].col_gen[7].u_pe/mac_temp0/C[47:0] is not pipelined. Pipelining DSP48 input will improve performance.
Related violations: <none>

DPIP-1#25 Warning
Input pipelining  
DSP u_core/u_tensor_bf16/row_gen[3].col_gen[0].u_pe/mac_temp0 input u_core/u_tensor_bf16/row_gen[3].col_gen[0].u_pe/mac_temp0/C[47:0] is not pipelined. Pipelining DSP48 input will improve performance.
Related violations: <none>

DPIP-1#26 Warning
Input pipelining  
DSP u_core/u_tensor_bf16/row_gen[3].col_gen[1].u_pe/mac_temp0 input u_core/u_tensor_bf16/row_gen[3].col_gen[1].u_pe/mac_temp0/C[47:0] is not pipelined. Pipelining DSP48 input will improve performance.
Related violations: <none>

DPIP-1#27 Warning
Input pipelining  
DSP u_core/u_tensor_bf16/row_gen[3].col_gen[2].u_pe/mac_temp0 input u_core/u_tensor_bf16/row_gen[3].col_gen[2].u_pe/mac_temp0/C[47:0] is not pipelined. Pipelining DSP48 input will improve performance.
Related violations: <none>

DPIP-1#28 Warning
Input pipelining  
DSP u_core/u_tensor_bf16/row_gen[3].col_gen[3].u_pe/mac_temp0 input u_core/u_tensor_bf16/row_gen[3].col_gen[3].u_pe/mac_temp0/C[47:0] is not pipelined. Pipelining DSP48 input will improve performance.
Related violations: <none>

DPIP-1#29 Warning
Input pipelining  
DSP u_core/u_tensor_bf16/row_gen[3].col_gen[4].u_pe/mac_temp0 input u_core/u_tensor_bf16/row_gen[3].col_gen[4].u_pe/mac_temp0/C[47:0] is not pipelined. Pipelining DSP48 input will improve performance.
Related violations: <none>

DPIP-1#30 Warning
Input pipelining  
DSP u_core/u_tensor_bf16/row_gen[3].col_gen[5].u_pe/mac_temp0 input u_core/u_tensor_bf16/row_gen[3].col_gen[5].u_pe/mac_temp0/C[47:0] is not pipelined. Pipelining DSP48 input will improve performance.
Related violations: <none>

DPIP-1#31 Warning
Input pipelining  
DSP u_core/u_tensor_bf16/row_gen[3].col_gen[6].u_pe/mac_temp0 input u_core/u_tensor_bf16/row_gen[3].col_gen[6].u_pe/mac_temp0/C[47:0] is not pipelined. Pipelining DSP48 input will improve performance.
Related violations: <none>

DPIP-1#32 Warning
Input pipelining  
DSP u_core/u_tensor_bf16/row_gen[3].col_gen[7].u_pe/mac_temp0 input u_core/u_tensor_bf16/row_gen[3].col_gen[7].u_pe/mac_temp0/C[47:0] is not pipelined. Pipelining DSP48 input will improve performance.
Related violations: <none>

DPIP-1#33 Warning
Input pipelining  
DSP u_core/u_tensor_bf16/row_gen[4].col_gen[0].u_pe/mac_temp0 input u_core/u_tensor_bf16/row_gen[4].col_gen[0].u_pe/mac_temp0/C[47:0] is not pipelined. Pipelining DSP48 input will improve performance.
Related violations: <none>

DPIP-1#34 Warning
Input pipelining  
DSP u_core/u_tensor_bf16/row_gen[4].col_gen[1].u_pe/mac_temp0 input u_core/u_tensor_bf16/row_gen[4].col_gen[1].u_pe/mac_temp0/C[47:0] is not pipelined. Pipelining DSP48 input will improve performance.
Related violations: <none>

DPIP-1#35 Warning
Input pipelining  
DSP u_core/u_tensor_bf16/row_gen[4].col_gen[2].u_pe/mac_temp0 input u_core/u_tensor_bf16/row_gen[4].col_gen[2].u_pe/mac_temp0/C[47:0] is not pipelined. Pipelining DSP48 input will improve performance.
Related violations: <none>

DPIP-1#36 Warning
Input pipelining  
DSP u_core/u_tensor_bf16/row_gen[4].col_gen[3].u_pe/mac_temp0 input u_core/u_tensor_bf16/row_gen[4].col_gen[3].u_pe/mac_temp0/C[47:0] is not pipelined. Pipelining DSP48 input will improve performance.
Related violations: <none>

DPIP-1#37 Warning
Input pipelining  
DSP u_core/u_tensor_bf16/row_gen[4].col_gen[4].u_pe/mac_temp0 input u_core/u_tensor_bf16/row_gen[4].col_gen[4].u_pe/mac_temp0/C[47:0] is not pipelined. Pipelining DSP48 input will improve performance.
Related violations: <none>

DPIP-1#38 Warning
Input pipelining  
DSP u_core/u_tensor_bf16/row_gen[4].col_gen[5].u_pe/mac_temp0 input u_core/u_tensor_bf16/row_gen[4].col_gen[5].u_pe/mac_temp0/C[47:0] is not pipelined. Pipelining DSP48 input will improve performance.
Related violations: <none>

DPIP-1#39 Warning
Input pipelining  
DSP u_core/u_tensor_bf16/row_gen[4].col_gen[6].u_pe/mac_temp0 input u_core/u_tensor_bf16/row_gen[4].col_gen[6].u_pe/mac_temp0/C[47:0] is not pipelined. Pipelining DSP48 input will improve performance.
Related violations: <none>

DPIP-1#40 Warning
Input pipelining  
DSP u_core/u_tensor_bf16/row_gen[4].col_gen[7].u_pe/mac_temp0 input u_core/u_tensor_bf16/row_gen[4].col_gen[7].u_pe/mac_temp0/C[47:0] is not pipelined. Pipelining DSP48 input will improve performance.
Related violations: <none>

DPIP-1#41 Warning
Input pipelining  
DSP u_core/u_tensor_bf16/row_gen[5].col_gen[0].u_pe/mac_temp0 input u_core/u_tensor_bf16/row_gen[5].col_gen[0].u_pe/mac_temp0/C[47:0] is not pipelined. Pipelining DSP48 input will improve performance.
Related violations: <none>

DPIP-1#42 Warning
Input pipelining  
DSP u_core/u_tensor_bf16/row_gen[5].col_gen[1].u_pe/mac_temp0 input u_core/u_tensor_bf16/row_gen[5].col_gen[1].u_pe/mac_temp0/C[47:0] is not pipelined. Pipelining DSP48 input will improve performance.
Related violations: <none>

DPIP-1#43 Warning
Input pipelining  
DSP u_core/u_tensor_bf16/row_gen[5].col_gen[2].u_pe/mac_temp0 input u_core/u_tensor_bf16/row_gen[5].col_gen[2].u_pe/mac_temp0/C[47:0] is not pipelined. Pipelining DSP48 input will improve performance.
Related violations: <none>

DPIP-1#44 Warning
Input pipelining  
DSP u_core/u_tensor_bf16/row_gen[5].col_gen[3].u_pe/mac_temp0 input u_core/u_tensor_bf16/row_gen[5].col_gen[3].u_pe/mac_temp0/C[47:0] is not pipelined. Pipelining DSP48 input will improve performance.
Related violations: <none>

DPIP-1#45 Warning
Input pipelining  
DSP u_core/u_tensor_bf16/row_gen[5].col_gen[4].u_pe/mac_temp0 input u_core/u_tensor_bf16/row_gen[5].col_gen[4].u_pe/mac_temp0/C[47:0] is not pipelined. Pipelining DSP48 input will improve performance.
Related violations: <none>

DPIP-1#46 Warning
Input pipelining  
DSP u_core/u_tensor_bf16/row_gen[5].col_gen[5].u_pe/mac_temp0 input u_core/u_tensor_bf16/row_gen[5].col_gen[5].u_pe/mac_temp0/C[47:0] is not pipelined. Pipelining DSP48 input will improve performance.
Related violations: <none>

DPIP-1#47 Warning
Input pipelining  
DSP u_core/u_tensor_bf16/row_gen[5].col_gen[6].u_pe/mac_temp0 input u_core/u_tensor_bf16/row_gen[5].col_gen[6].u_pe/mac_temp0/C[47:0] is not pipelined. Pipelining DSP48 input will improve performance.
Related violations: <none>

DPIP-1#48 Warning
Input pipelining  
DSP u_core/u_tensor_bf16/row_gen[5].col_gen[7].u_pe/mac_temp0 input u_core/u_tensor_bf16/row_gen[5].col_gen[7].u_pe/mac_temp0/C[47:0] is not pipelined. Pipelining DSP48 input will improve performance.
Related violations: <none>

DPIP-1#49 Warning
Input pipelining  
DSP u_core/u_tensor_bf16/row_gen[6].col_gen[0].u_pe/mac_temp0 input u_core/u_tensor_bf16/row_gen[6].col_gen[0].u_pe/mac_temp0/C[47:0] is not pipelined. Pipelining DSP48 input will improve performance.
Related violations: <none>

DPIP-1#50 Warning
Input pipelining  
DSP u_core/u_tensor_bf16/row_gen[6].col_gen[1].u_pe/mac_temp0 input u_core/u_tensor_bf16/row_gen[6].col_gen[1].u_pe/mac_temp0/C[47:0] is not pipelined. Pipelining DSP48 input will improve performance.
Related violations: <none>

DPIP-1#51 Warning
Input pipelining  
DSP u_core/u_tensor_bf16/row_gen[6].col_gen[2].u_pe/mac_temp0 input u_core/u_tensor_bf16/row_gen[6].col_gen[2].u_pe/mac_temp0/C[47:0] is not pipelined. Pipelining DSP48 input will improve performance.
Related violations: <none>

DPIP-1#52 Warning
Input pipelining  
DSP u_core/u_tensor_bf16/row_gen[6].col_gen[3].u_pe/mac_temp0 input u_core/u_tensor_bf16/row_gen[6].col_gen[3].u_pe/mac_temp0/C[47:0] is not pipelined. Pipelining DSP48 input will improve performance.
Related violations: <none>

DPIP-1#53 Warning
Input pipelining  
DSP u_core/u_tensor_bf16/row_gen[6].col_gen[4].u_pe/mac_temp0 input u_core/u_tensor_bf16/row_gen[6].col_gen[4].u_pe/mac_temp0/C[47:0] is not pipelined. Pipelining DSP48 input will improve performance.
Related violations: <none>

DPIP-1#54 Warning
Input pipelining  
DSP u_core/u_tensor_bf16/row_gen[6].col_gen[5].u_pe/mac_temp0 input u_core/u_tensor_bf16/row_gen[6].col_gen[5].u_pe/mac_temp0/C[47:0] is not pipelined. Pipelining DSP48 input will improve performance.
Related violations: <none>

DPIP-1#55 Warning
Input pipelining  
DSP u_core/u_tensor_bf16/row_gen[6].col_gen[6].u_pe/mac_temp0 input u_core/u_tensor_bf16/row_gen[6].col_gen[6].u_pe/mac_temp0/C[47:0] is not pipelined. Pipelining DSP48 input will improve performance.
Related violations: <none>

DPIP-1#56 Warning
Input pipelining  
DSP u_core/u_tensor_bf16/row_gen[6].col_gen[7].u_pe/mac_temp0 input u_core/u_tensor_bf16/row_gen[6].col_gen[7].u_pe/mac_temp0/C[47:0] is not pipelined. Pipelining DSP48 input will improve performance.
Related violations: <none>

DPIP-1#57 Warning
Input pipelining  
DSP u_core/u_tensor_bf16/row_gen[7].col_gen[0].u_pe/mac_temp0 input u_core/u_tensor_bf16/row_gen[7].col_gen[0].u_pe/mac_temp0/C[47:0] is not pipelined. Pipelining DSP48 input will improve performance.
Related violations: <none>

DPIP-1#58 Warning
Input pipelining  
DSP u_core/u_tensor_bf16/row_gen[7].col_gen[1].u_pe/mac_temp0 input u_core/u_tensor_bf16/row_gen[7].col_gen[1].u_pe/mac_temp0/C[47:0] is not pipelined. Pipelining DSP48 input will improve performance.
Related violations: <none>

DPIP-1#59 Warning
Input pipelining  
DSP u_core/u_tensor_bf16/row_gen[7].col_gen[2].u_pe/mac_temp0 input u_core/u_tensor_bf16/row_gen[7].col_gen[2].u_pe/mac_temp0/C[47:0] is not pipelined. Pipelining DSP48 input will improve performance.
Related violations: <none>

DPIP-1#60 Warning
Input pipelining  
DSP u_core/u_tensor_bf16/row_gen[7].col_gen[3].u_pe/mac_temp0 input u_core/u_tensor_bf16/row_gen[7].col_gen[3].u_pe/mac_temp0/C[47:0] is not pipelined. Pipelining DSP48 input will improve performance.
Related violations: <none>

DPIP-1#61 Warning
Input pipelining  
DSP u_core/u_tensor_bf16/row_gen[7].col_gen[4].u_pe/mac_temp0 input u_core/u_tensor_bf16/row_gen[7].col_gen[4].u_pe/mac_temp0/C[47:0] is not pipelined. Pipelining DSP48 input will improve performance.
Related violations: <none>

DPIP-1#62 Warning
Input pipelining  
DSP u_core/u_tensor_bf16/row_gen[7].col_gen[5].u_pe/mac_temp0 input u_core/u_tensor_bf16/row_gen[7].col_gen[5].u_pe/mac_temp0/C[47:0] is not pipelined. Pipelining DSP48 input will improve performance.
Related violations: <none>

DPIP-1#63 Warning
Input pipelining  
DSP u_core/u_tensor_bf16/row_gen[7].col_gen[6].u_pe/mac_temp0 input u_core/u_tensor_bf16/row_gen[7].col_gen[6].u_pe/mac_temp0/C[47:0] is not pipelined. Pipelining DSP48 input will improve performance.
Related violations: <none>

DPIP-1#64 Warning
Input pipelining  
DSP u_core/u_tensor_bf16/row_gen[7].col_gen[7].u_pe/mac_temp0 input u_core/u_tensor_bf16/row_gen[7].col_gen[7].u_pe/mac_temp0/C[47:0] is not pipelined. Pipelining DSP48 input will improve performance.
Related violations: <none>

DPOP-2#1 Warning
MREG Output pipelining  
DSP u_core/u_tensor_bf16/row_gen[0].col_gen[0].u_pe/mac_temp0 multiplier stage u_core/u_tensor_bf16/row_gen[0].col_gen[0].u_pe/mac_temp0/P[47:0] is not pipelined (MREG=0). Pipelining the multiplier function will improve performance and will save significant power so it is suggested whenever possible to fully pipeline this function.  If this multiplier was inferred, it is suggested to describe an additional register stage after this function.  If there is no registered adder/accumulator following the multiply function, two pipeline stages are suggested to allow both the MREG and PREG registers to be used.  If the DSP48 was instantiated in the design, it is suggested to set both the MREG and PREG attributes to 1 when performing multiply functions.
Related violations: <none>

DPOP-2#2 Warning
MREG Output pipelining  
DSP u_core/u_tensor_bf16/row_gen[0].col_gen[1].u_pe/mac_temp0 multiplier stage u_core/u_tensor_bf16/row_gen[0].col_gen[1].u_pe/mac_temp0/P[47:0] is not pipelined (MREG=0). Pipelining the multiplier function will improve performance and will save significant power so it is suggested whenever possible to fully pipeline this function.  If this multiplier was inferred, it is suggested to describe an additional register stage after this function.  If there is no registered adder/accumulator following the multiply function, two pipeline stages are suggested to allow both the MREG and PREG registers to be used.  If the DSP48 was instantiated in the design, it is suggested to set both the MREG and PREG attributes to 1 when performing multiply functions.
Related violations: <none>

DPOP-2#3 Warning
MREG Output pipelining  
DSP u_core/u_tensor_bf16/row_gen[0].col_gen[2].u_pe/mac_temp0 multiplier stage u_core/u_tensor_bf16/row_gen[0].col_gen[2].u_pe/mac_temp0/P[47:0] is not pipelined (MREG=0). Pipelining the multiplier function will improve performance and will save significant power so it is suggested whenever possible to fully pipeline this function.  If this multiplier was inferred, it is suggested to describe an additional register stage after this function.  If there is no registered adder/accumulator following the multiply function, two pipeline stages are suggested to allow both the MREG and PREG registers to be used.  If the DSP48 was instantiated in the design, it is suggested to set both the MREG and PREG attributes to 1 when performing multiply functions.
Related violations: <none>

DPOP-2#4 Warning
MREG Output pipelining  
DSP u_core/u_tensor_bf16/row_gen[0].col_gen[3].u_pe/mac_temp0 multiplier stage u_core/u_tensor_bf16/row_gen[0].col_gen[3].u_pe/mac_temp0/P[47:0] is not pipelined (MREG=0). Pipelining the multiplier function will improve performance and will save significant power so it is suggested whenever possible to fully pipeline this function.  If this multiplier was inferred, it is suggested to describe an additional register stage after this function.  If there is no registered adder/accumulator following the multiply function, two pipeline stages are suggested to allow both the MREG and PREG registers to be used.  If the DSP48 was instantiated in the design, it is suggested to set both the MREG and PREG attributes to 1 when performing multiply functions.
Related violations: <none>

DPOP-2#5 Warning
MREG Output pipelining  
DSP u_core/u_tensor_bf16/row_gen[0].col_gen[4].u_pe/mac_temp0 multiplier stage u_core/u_tensor_bf16/row_gen[0].col_gen[4].u_pe/mac_temp0/P[47:0] is not pipelined (MREG=0). Pipelining the multiplier function will improve performance and will save significant power so it is suggested whenever possible to fully pipeline this function.  If this multiplier was inferred, it is suggested to describe an additional register stage after this function.  If there is no registered adder/accumulator following the multiply function, two pipeline stages are suggested to allow both the MREG and PREG registers to be used.  If the DSP48 was instantiated in the design, it is suggested to set both the MREG and PREG attributes to 1 when performing multiply functions.
Related violations: <none>

DPOP-2#6 Warning
MREG Output pipelining  
DSP u_core/u_tensor_bf16/row_gen[0].col_gen[5].u_pe/mac_temp0 multiplier stage u_core/u_tensor_bf16/row_gen[0].col_gen[5].u_pe/mac_temp0/P[47:0] is not pipelined (MREG=0). Pipelining the multiplier function will improve performance and will save significant power so it is suggested whenever possible to fully pipeline this function.  If this multiplier was inferred, it is suggested to describe an additional register stage after this function.  If there is no registered adder/accumulator following the multiply function, two pipeline stages are suggested to allow both the MREG and PREG registers to be used.  If the DSP48 was instantiated in the design, it is suggested to set both the MREG and PREG attributes to 1 when performing multiply functions.
Related violations: <none>

DPOP-2#7 Warning
MREG Output pipelining  
DSP u_core/u_tensor_bf16/row_gen[0].col_gen[6].u_pe/mac_temp0 multiplier stage u_core/u_tensor_bf16/row_gen[0].col_gen[6].u_pe/mac_temp0/P[47:0] is not pipelined (MREG=0). Pipelining the multiplier function will improve performance and will save significant power so it is suggested whenever possible to fully pipeline this function.  If this multiplier was inferred, it is suggested to describe an additional register stage after this function.  If there is no registered adder/accumulator following the multiply function, two pipeline stages are suggested to allow both the MREG and PREG registers to be used.  If the DSP48 was instantiated in the design, it is suggested to set both the MREG and PREG attributes to 1 when performing multiply functions.
Related violations: <none>

DPOP-2#8 Warning
MREG Output pipelining  
DSP u_core/u_tensor_bf16/row_gen[0].col_gen[7].u_pe/mac_temp0 multiplier stage u_core/u_tensor_bf16/row_gen[0].col_gen[7].u_pe/mac_temp0/P[47:0] is not pipelined (MREG=0). Pipelining the multiplier function will improve performance and will save significant power so it is suggested whenever possible to fully pipeline this function.  If this multiplier was inferred, it is suggested to describe an additional register stage after this function.  If there is no registered adder/accumulator following the multiply function, two pipeline stages are suggested to allow both the MREG and PREG registers to be used.  If the DSP48 was instantiated in the design, it is suggested to set both the MREG and PREG attributes to 1 when performing multiply functions.
Related violations: <none>

DPOP-2#9 Warning
MREG Output pipelining  
DSP u_core/u_tensor_bf16/row_gen[1].col_gen[0].u_pe/mac_temp0 multiplier stage u_core/u_tensor_bf16/row_gen[1].col_gen[0].u_pe/mac_temp0/P[47:0] is not pipelined (MREG=0). Pipelining the multiplier function will improve performance and will save significant power so it is suggested whenever possible to fully pipeline this function.  If this multiplier was inferred, it is suggested to describe an additional register stage after this function.  If there is no registered adder/accumulator following the multiply function, two pipeline stages are suggested to allow both the MREG and PREG registers to be used.  If the DSP48 was instantiated in the design, it is suggested to set both the MREG and PREG attributes to 1 when performing multiply functions.
Related violations: <none>

DPOP-2#10 Warning
MREG Output pipelining  
DSP u_core/u_tensor_bf16/row_gen[1].col_gen[1].u_pe/mac_temp0 multiplier stage u_core/u_tensor_bf16/row_gen[1].col_gen[1].u_pe/mac_temp0/P[47:0] is not pipelined (MREG=0). Pipelining the multiplier function will improve performance and will save significant power so it is suggested whenever possible to fully pipeline this function.  If this multiplier was inferred, it is suggested to describe an additional register stage after this function.  If there is no registered adder/accumulator following the multiply function, two pipeline stages are suggested to allow both the MREG and PREG registers to be used.  If the DSP48 was instantiated in the design, it is suggested to set both the MREG and PREG attributes to 1 when performing multiply functions.
Related violations: <none>

DPOP-2#11 Warning
MREG Output pipelining  
DSP u_core/u_tensor_bf16/row_gen[1].col_gen[2].u_pe/mac_temp0 multiplier stage u_core/u_tensor_bf16/row_gen[1].col_gen[2].u_pe/mac_temp0/P[47:0] is not pipelined (MREG=0). Pipelining the multiplier function will improve performance and will save significant power so it is suggested whenever possible to fully pipeline this function.  If this multiplier was inferred, it is suggested to describe an additional register stage after this function.  If there is no registered adder/accumulator following the multiply function, two pipeline stages are suggested to allow both the MREG and PREG registers to be used.  If the DSP48 was instantiated in the design, it is suggested to set both the MREG and PREG attributes to 1 when performing multiply functions.
Related violations: <none>

DPOP-2#12 Warning
MREG Output pipelining  
DSP u_core/u_tensor_bf16/row_gen[1].col_gen[3].u_pe/mac_temp0 multiplier stage u_core/u_tensor_bf16/row_gen[1].col_gen[3].u_pe/mac_temp0/P[47:0] is not pipelined (MREG=0). Pipelining the multiplier function will improve performance and will save significant power so it is suggested whenever possible to fully pipeline this function.  If this multiplier was inferred, it is suggested to describe an additional register stage after this function.  If there is no registered adder/accumulator following the multiply function, two pipeline stages are suggested to allow both the MREG and PREG registers to be used.  If the DSP48 was instantiated in the design, it is suggested to set both the MREG and PREG attributes to 1 when performing multiply functions.
Related violations: <none>

DPOP-2#13 Warning
MREG Output pipelining  
DSP u_core/u_tensor_bf16/row_gen[1].col_gen[4].u_pe/mac_temp0 multiplier stage u_core/u_tensor_bf16/row_gen[1].col_gen[4].u_pe/mac_temp0/P[47:0] is not pipelined (MREG=0). Pipelining the multiplier function will improve performance and will save significant power so it is suggested whenever possible to fully pipeline this function.  If this multiplier was inferred, it is suggested to describe an additional register stage after this function.  If there is no registered adder/accumulator following the multiply function, two pipeline stages are suggested to allow both the MREG and PREG registers to be used.  If the DSP48 was instantiated in the design, it is suggested to set both the MREG and PREG attributes to 1 when performing multiply functions.
Related violations: <none>

DPOP-2#14 Warning
MREG Output pipelining  
DSP u_core/u_tensor_bf16/row_gen[1].col_gen[5].u_pe/mac_temp0 multiplier stage u_core/u_tensor_bf16/row_gen[1].col_gen[5].u_pe/mac_temp0/P[47:0] is not pipelined (MREG=0). Pipelining the multiplier function will improve performance and will save significant power so it is suggested whenever possible to fully pipeline this function.  If this multiplier was inferred, it is suggested to describe an additional register stage after this function.  If there is no registered adder/accumulator following the multiply function, two pipeline stages are suggested to allow both the MREG and PREG registers to be used.  If the DSP48 was instantiated in the design, it is suggested to set both the MREG and PREG attributes to 1 when performing multiply functions.
Related violations: <none>

DPOP-2#15 Warning
MREG Output pipelining  
DSP u_core/u_tensor_bf16/row_gen[1].col_gen[6].u_pe/mac_temp0 multiplier stage u_core/u_tensor_bf16/row_gen[1].col_gen[6].u_pe/mac_temp0/P[47:0] is not pipelined (MREG=0). Pipelining the multiplier function will improve performance and will save significant power so it is suggested whenever possible to fully pipeline this function.  If this multiplier was inferred, it is suggested to describe an additional register stage after this function.  If there is no registered adder/accumulator following the multiply function, two pipeline stages are suggested to allow both the MREG and PREG registers to be used.  If the DSP48 was instantiated in the design, it is suggested to set both the MREG and PREG attributes to 1 when performing multiply functions.
Related violations: <none>

DPOP-2#16 Warning
MREG Output pipelining  
DSP u_core/u_tensor_bf16/row_gen[1].col_gen[7].u_pe/mac_temp0 multiplier stage u_core/u_tensor_bf16/row_gen[1].col_gen[7].u_pe/mac_temp0/P[47:0] is not pipelined (MREG=0). Pipelining the multiplier function will improve performance and will save significant power so it is suggested whenever possible to fully pipeline this function.  If this multiplier was inferred, it is suggested to describe an additional register stage after this function.  If there is no registered adder/accumulator following the multiply function, two pipeline stages are suggested to allow both the MREG and PREG registers to be used.  If the DSP48 was instantiated in the design, it is suggested to set both the MREG and PREG attributes to 1 when performing multiply functions.
Related violations: <none>

DPOP-2#17 Warning
MREG Output pipelining  
DSP u_core/u_tensor_bf16/row_gen[2].col_gen[0].u_pe/mac_temp0 multiplier stage u_core/u_tensor_bf16/row_gen[2].col_gen[0].u_pe/mac_temp0/P[47:0] is not pipelined (MREG=0). Pipelining the multiplier function will improve performance and will save significant power so it is suggested whenever possible to fully pipeline this function.  If this multiplier was inferred, it is suggested to describe an additional register stage after this function.  If there is no registered adder/accumulator following the multiply function, two pipeline stages are suggested to allow both the MREG and PREG registers to be used.  If the DSP48 was instantiated in the design, it is suggested to set both the MREG and PREG attributes to 1 when performing multiply functions.
Related violations: <none>

DPOP-2#18 Warning
MREG Output pipelining  
DSP u_core/u_tensor_bf16/row_gen[2].col_gen[1].u_pe/mac_temp0 multiplier stage u_core/u_tensor_bf16/row_gen[2].col_gen[1].u_pe/mac_temp0/P[47:0] is not pipelined (MREG=0). Pipelining the multiplier function will improve performance and will save significant power so it is suggested whenever possible to fully pipeline this function.  If this multiplier was inferred, it is suggested to describe an additional register stage after this function.  If there is no registered adder/accumulator following the multiply function, two pipeline stages are suggested to allow both the MREG and PREG registers to be used.  If the DSP48 was instantiated in the design, it is suggested to set both the MREG and PREG attributes to 1 when performing multiply functions.
Related violations: <none>

DPOP-2#19 Warning
MREG Output pipelining  
DSP u_core/u_tensor_bf16/row_gen[2].col_gen[2].u_pe/mac_temp0 multiplier stage u_core/u_tensor_bf16/row_gen[2].col_gen[2].u_pe/mac_temp0/P[47:0] is not pipelined (MREG=0). Pipelining the multiplier function will improve performance and will save significant power so it is suggested whenever possible to fully pipeline this function.  If this multiplier was inferred, it is suggested to describe an additional register stage after this function.  If there is no registered adder/accumulator following the multiply function, two pipeline stages are suggested to allow both the MREG and PREG registers to be used.  If the DSP48 was instantiated in the design, it is suggested to set both the MREG and PREG attributes to 1 when performing multiply functions.
Related violations: <none>

DPOP-2#20 Warning
MREG Output pipelining  
DSP u_core/u_tensor_bf16/row_gen[2].col_gen[3].u_pe/mac_temp0 multiplier stage u_core/u_tensor_bf16/row_gen[2].col_gen[3].u_pe/mac_temp0/P[47:0] is not pipelined (MREG=0). Pipelining the multiplier function will improve performance and will save significant power so it is suggested whenever possible to fully pipeline this function.  If this multiplier was inferred, it is suggested to describe an additional register stage after this function.  If there is no registered adder/accumulator following the multiply function, two pipeline stages are suggested to allow both the MREG and PREG registers to be used.  If the DSP48 was instantiated in the design, it is suggested to set both the MREG and PREG attributes to 1 when performing multiply functions.
Related violations: <none>

DPOP-2#21 Warning
MREG Output pipelining  
DSP u_core/u_tensor_bf16/row_gen[2].col_gen[4].u_pe/mac_temp0 multiplier stage u_core/u_tensor_bf16/row_gen[2].col_gen[4].u_pe/mac_temp0/P[47:0] is not pipelined (MREG=0). Pipelining the multiplier function will improve performance and will save significant power so it is suggested whenever possible to fully pipeline this function.  If this multiplier was inferred, it is suggested to describe an additional register stage after this function.  If there is no registered adder/accumulator following the multiply function, two pipeline stages are suggested to allow both the MREG and PREG registers to be used.  If the DSP48 was instantiated in the design, it is suggested to set both the MREG and PREG attributes to 1 when performing multiply functions.
Related violations: <none>

DPOP-2#22 Warning
MREG Output pipelining  
DSP u_core/u_tensor_bf16/row_gen[2].col_gen[5].u_pe/mac_temp0 multiplier stage u_core/u_tensor_bf16/row_gen[2].col_gen[5].u_pe/mac_temp0/P[47:0] is not pipelined (MREG=0). Pipelining the multiplier function will improve performance and will save significant power so it is suggested whenever possible to fully pipeline this function.  If this multiplier was inferred, it is suggested to describe an additional register stage after this function.  If there is no registered adder/accumulator following the multiply function, two pipeline stages are suggested to allow both the MREG and PREG registers to be used.  If the DSP48 was instantiated in the design, it is suggested to set both the MREG and PREG attributes to 1 when performing multiply functions.
Related violations: <none>

DPOP-2#23 Warning
MREG Output pipelining  
DSP u_core/u_tensor_bf16/row_gen[2].col_gen[6].u_pe/mac_temp0 multiplier stage u_core/u_tensor_bf16/row_gen[2].col_gen[6].u_pe/mac_temp0/P[47:0] is not pipelined (MREG=0). Pipelining the multiplier function will improve performance and will save significant power so it is suggested whenever possible to fully pipeline this function.  If this multiplier was inferred, it is suggested to describe an additional register stage after this function.  If there is no registered adder/accumulator following the multiply function, two pipeline stages are suggested to allow both the MREG and PREG registers to be used.  If the DSP48 was instantiated in the design, it is suggested to set both the MREG and PREG attributes to 1 when performing multiply functions.
Related violations: <none>

DPOP-2#24 Warning
MREG Output pipelining  
DSP u_core/u_tensor_bf16/row_gen[2].col_gen[7].u_pe/mac_temp0 multiplier stage u_core/u_tensor_bf16/row_gen[2].col_gen[7].u_pe/mac_temp0/P[47:0] is not pipelined (MREG=0). Pipelining the multiplier function will improve performance and will save significant power so it is suggested whenever possible to fully pipeline this function.  If this multiplier was inferred, it is suggested to describe an additional register stage after this function.  If there is no registered adder/accumulator following the multiply function, two pipeline stages are suggested to allow both the MREG and PREG registers to be used.  If the DSP48 was instantiated in the design, it is suggested to set both the MREG and PREG attributes to 1 when performing multiply functions.
Related violations: <none>

DPOP-2#25 Warning
MREG Output pipelining  
DSP u_core/u_tensor_bf16/row_gen[3].col_gen[0].u_pe/mac_temp0 multiplier stage u_core/u_tensor_bf16/row_gen[3].col_gen[0].u_pe/mac_temp0/P[47:0] is not pipelined (MREG=0). Pipelining the multiplier function will improve performance and will save significant power so it is suggested whenever possible to fully pipeline this function.  If this multiplier was inferred, it is suggested to describe an additional register stage after this function.  If there is no registered adder/accumulator following the multiply function, two pipeline stages are suggested to allow both the MREG and PREG registers to be used.  If the DSP48 was instantiated in the design, it is suggested to set both the MREG and PREG attributes to 1 when performing multiply functions.
Related violations: <none>

DPOP-2#26 Warning
MREG Output pipelining  
DSP u_core/u_tensor_bf16/row_gen[3].col_gen[1].u_pe/mac_temp0 multiplier stage u_core/u_tensor_bf16/row_gen[3].col_gen[1].u_pe/mac_temp0/P[47:0] is not pipelined (MREG=0). Pipelining the multiplier function will improve performance and will save significant power so it is suggested whenever possible to fully pipeline this function.  If this multiplier was inferred, it is suggested to describe an additional register stage after this function.  If there is no registered adder/accumulator following the multiply function, two pipeline stages are suggested to allow both the MREG and PREG registers to be used.  If the DSP48 was instantiated in the design, it is suggested to set both the MREG and PREG attributes to 1 when performing multiply functions.
Related violations: <none>

DPOP-2#27 Warning
MREG Output pipelining  
DSP u_core/u_tensor_bf16/row_gen[3].col_gen[2].u_pe/mac_temp0 multiplier stage u_core/u_tensor_bf16/row_gen[3].col_gen[2].u_pe/mac_temp0/P[47:0] is not pipelined (MREG=0). Pipelining the multiplier function will improve performance and will save significant power so it is suggested whenever possible to fully pipeline this function.  If this multiplier was inferred, it is suggested to describe an additional register stage after this function.  If there is no registered adder/accumulator following the multiply function, two pipeline stages are suggested to allow both the MREG and PREG registers to be used.  If the DSP48 was instantiated in the design, it is suggested to set both the MREG and PREG attributes to 1 when performing multiply functions.
Related violations: <none>

DPOP-2#28 Warning
MREG Output pipelining  
DSP u_core/u_tensor_bf16/row_gen[3].col_gen[3].u_pe/mac_temp0 multiplier stage u_core/u_tensor_bf16/row_gen[3].col_gen[3].u_pe/mac_temp0/P[47:0] is not pipelined (MREG=0). Pipelining the multiplier function will improve performance and will save significant power so it is suggested whenever possible to fully pipeline this function.  If this multiplier was inferred, it is suggested to describe an additional register stage after this function.  If there is no registered adder/accumulator following the multiply function, two pipeline stages are suggested to allow both the MREG and PREG registers to be used.  If the DSP48 was instantiated in the design, it is suggested to set both the MREG and PREG attributes to 1 when performing multiply functions.
Related violations: <none>

DPOP-2#29 Warning
MREG Output pipelining  
DSP u_core/u_tensor_bf16/row_gen[3].col_gen[4].u_pe/mac_temp0 multiplier stage u_core/u_tensor_bf16/row_gen[3].col_gen[4].u_pe/mac_temp0/P[47:0] is not pipelined (MREG=0). Pipelining the multiplier function will improve performance and will save significant power so it is suggested whenever possible to fully pipeline this function.  If this multiplier was inferred, it is suggested to describe an additional register stage after this function.  If there is no registered adder/accumulator following the multiply function, two pipeline stages are suggested to allow both the MREG and PREG registers to be used.  If the DSP48 was instantiated in the design, it is suggested to set both the MREG and PREG attributes to 1 when performing multiply functions.
Related violations: <none>

DPOP-2#30 Warning
MREG Output pipelining  
DSP u_core/u_tensor_bf16/row_gen[3].col_gen[5].u_pe/mac_temp0 multiplier stage u_core/u_tensor_bf16/row_gen[3].col_gen[5].u_pe/mac_temp0/P[47:0] is not pipelined (MREG=0). Pipelining the multiplier function will improve performance and will save significant power so it is suggested whenever possible to fully pipeline this function.  If this multiplier was inferred, it is suggested to describe an additional register stage after this function.  If there is no registered adder/accumulator following the multiply function, two pipeline stages are suggested to allow both the MREG and PREG registers to be used.  If the DSP48 was instantiated in the design, it is suggested to set both the MREG and PREG attributes to 1 when performing multiply functions.
Related violations: <none>

DPOP-2#31 Warning
MREG Output pipelining  
DSP u_core/u_tensor_bf16/row_gen[3].col_gen[6].u_pe/mac_temp0 multiplier stage u_core/u_tensor_bf16/row_gen[3].col_gen[6].u_pe/mac_temp0/P[47:0] is not pipelined (MREG=0). Pipelining the multiplier function will improve performance and will save significant power so it is suggested whenever possible to fully pipeline this function.  If this multiplier was inferred, it is suggested to describe an additional register stage after this function.  If there is no registered adder/accumulator following the multiply function, two pipeline stages are suggested to allow both the MREG and PREG registers to be used.  If the DSP48 was instantiated in the design, it is suggested to set both the MREG and PREG attributes to 1 when performing multiply functions.
Related violations: <none>

DPOP-2#32 Warning
MREG Output pipelining  
DSP u_core/u_tensor_bf16/row_gen[3].col_gen[7].u_pe/mac_temp0 multiplier stage u_core/u_tensor_bf16/row_gen[3].col_gen[7].u_pe/mac_temp0/P[47:0] is not pipelined (MREG=0). Pipelining the multiplier function will improve performance and will save significant power so it is suggested whenever possible to fully pipeline this function.  If this multiplier was inferred, it is suggested to describe an additional register stage after this function.  If there is no registered adder/accumulator following the multiply function, two pipeline stages are suggested to allow both the MREG and PREG registers to be used.  If the DSP48 was instantiated in the design, it is suggested to set both the MREG and PREG attributes to 1 when performing multiply functions.
Related violations: <none>

DPOP-2#33 Warning
MREG Output pipelining  
DSP u_core/u_tensor_bf16/row_gen[4].col_gen[0].u_pe/mac_temp0 multiplier stage u_core/u_tensor_bf16/row_gen[4].col_gen[0].u_pe/mac_temp0/P[47:0] is not pipelined (MREG=0). Pipelining the multiplier function will improve performance and will save significant power so it is suggested whenever possible to fully pipeline this function.  If this multiplier was inferred, it is suggested to describe an additional register stage after this function.  If there is no registered adder/accumulator following the multiply function, two pipeline stages are suggested to allow both the MREG and PREG registers to be used.  If the DSP48 was instantiated in the design, it is suggested to set both the MREG and PREG attributes to 1 when performing multiply functions.
Related violations: <none>

DPOP-2#34 Warning
MREG Output pipelining  
DSP u_core/u_tensor_bf16/row_gen[4].col_gen[1].u_pe/mac_temp0 multiplier stage u_core/u_tensor_bf16/row_gen[4].col_gen[1].u_pe/mac_temp0/P[47:0] is not pipelined (MREG=0). Pipelining the multiplier function will improve performance and will save significant power so it is suggested whenever possible to fully pipeline this function.  If this multiplier was inferred, it is suggested to describe an additional register stage after this function.  If there is no registered adder/accumulator following the multiply function, two pipeline stages are suggested to allow both the MREG and PREG registers to be used.  If the DSP48 was instantiated in the design, it is suggested to set both the MREG and PREG attributes to 1 when performing multiply functions.
Related violations: <none>

DPOP-2#35 Warning
MREG Output pipelining  
DSP u_core/u_tensor_bf16/row_gen[4].col_gen[2].u_pe/mac_temp0 multiplier stage u_core/u_tensor_bf16/row_gen[4].col_gen[2].u_pe/mac_temp0/P[47:0] is not pipelined (MREG=0). Pipelining the multiplier function will improve performance and will save significant power so it is suggested whenever possible to fully pipeline this function.  If this multiplier was inferred, it is suggested to describe an additional register stage after this function.  If there is no registered adder/accumulator following the multiply function, two pipeline stages are suggested to allow both the MREG and PREG registers to be used.  If the DSP48 was instantiated in the design, it is suggested to set both the MREG and PREG attributes to 1 when performing multiply functions.
Related violations: <none>

DPOP-2#36 Warning
MREG Output pipelining  
DSP u_core/u_tensor_bf16/row_gen[4].col_gen[3].u_pe/mac_temp0 multiplier stage u_core/u_tensor_bf16/row_gen[4].col_gen[3].u_pe/mac_temp0/P[47:0] is not pipelined (MREG=0). Pipelining the multiplier function will improve performance and will save significant power so it is suggested whenever possible to fully pipeline this function.  If this multiplier was inferred, it is suggested to describe an additional register stage after this function.  If there is no registered adder/accumulator following the multiply function, two pipeline stages are suggested to allow both the MREG and PREG registers to be used.  If the DSP48 was instantiated in the design, it is suggested to set both the MREG and PREG attributes to 1 when performing multiply functions.
Related violations: <none>

DPOP-2#37 Warning
MREG Output pipelining  
DSP u_core/u_tensor_bf16/row_gen[4].col_gen[4].u_pe/mac_temp0 multiplier stage u_core/u_tensor_bf16/row_gen[4].col_gen[4].u_pe/mac_temp0/P[47:0] is not pipelined (MREG=0). Pipelining the multiplier function will improve performance and will save significant power so it is suggested whenever possible to fully pipeline this function.  If this multiplier was inferred, it is suggested to describe an additional register stage after this function.  If there is no registered adder/accumulator following the multiply function, two pipeline stages are suggested to allow both the MREG and PREG registers to be used.  If the DSP48 was instantiated in the design, it is suggested to set both the MREG and PREG attributes to 1 when performing multiply functions.
Related violations: <none>

DPOP-2#38 Warning
MREG Output pipelining  
DSP u_core/u_tensor_bf16/row_gen[4].col_gen[5].u_pe/mac_temp0 multiplier stage u_core/u_tensor_bf16/row_gen[4].col_gen[5].u_pe/mac_temp0/P[47:0] is not pipelined (MREG=0). Pipelining the multiplier function will improve performance and will save significant power so it is suggested whenever possible to fully pipeline this function.  If this multiplier was inferred, it is suggested to describe an additional register stage after this function.  If there is no registered adder/accumulator following the multiply function, two pipeline stages are suggested to allow both the MREG and PREG registers to be used.  If the DSP48 was instantiated in the design, it is suggested to set both the MREG and PREG attributes to 1 when performing multiply functions.
Related violations: <none>

DPOP-2#39 Warning
MREG Output pipelining  
DSP u_core/u_tensor_bf16/row_gen[4].col_gen[6].u_pe/mac_temp0 multiplier stage u_core/u_tensor_bf16/row_gen[4].col_gen[6].u_pe/mac_temp0/P[47:0] is not pipelined (MREG=0). Pipelining the multiplier function will improve performance and will save significant power so it is suggested whenever possible to fully pipeline this function.  If this multiplier was inferred, it is suggested to describe an additional register stage after this function.  If there is no registered adder/accumulator following the multiply function, two pipeline stages are suggested to allow both the MREG and PREG registers to be used.  If the DSP48 was instantiated in the design, it is suggested to set both the MREG and PREG attributes to 1 when performing multiply functions.
Related violations: <none>

DPOP-2#40 Warning
MREG Output pipelining  
DSP u_core/u_tensor_bf16/row_gen[4].col_gen[7].u_pe/mac_temp0 multiplier stage u_core/u_tensor_bf16/row_gen[4].col_gen[7].u_pe/mac_temp0/P[47:0] is not pipelined (MREG=0). Pipelining the multiplier function will improve performance and will save significant power so it is suggested whenever possible to fully pipeline this function.  If this multiplier was inferred, it is suggested to describe an additional register stage after this function.  If there is no registered adder/accumulator following the multiply function, two pipeline stages are suggested to allow both the MREG and PREG registers to be used.  If the DSP48 was instantiated in the design, it is suggested to set both the MREG and PREG attributes to 1 when performing multiply functions.
Related violations: <none>

DPOP-2#41 Warning
MREG Output pipelining  
DSP u_core/u_tensor_bf16/row_gen[5].col_gen[0].u_pe/mac_temp0 multiplier stage u_core/u_tensor_bf16/row_gen[5].col_gen[0].u_pe/mac_temp0/P[47:0] is not pipelined (MREG=0). Pipelining the multiplier function will improve performance and will save significant power so it is suggested whenever possible to fully pipeline this function.  If this multiplier was inferred, it is suggested to describe an additional register stage after this function.  If there is no registered adder/accumulator following the multiply function, two pipeline stages are suggested to allow both the MREG and PREG registers to be used.  If the DSP48 was instantiated in the design, it is suggested to set both the MREG and PREG attributes to 1 when performing multiply functions.
Related violations: <none>

DPOP-2#42 Warning
MREG Output pipelining  
DSP u_core/u_tensor_bf16/row_gen[5].col_gen[1].u_pe/mac_temp0 multiplier stage u_core/u_tensor_bf16/row_gen[5].col_gen[1].u_pe/mac_temp0/P[47:0] is not pipelined (MREG=0). Pipelining the multiplier function will improve performance and will save significant power so it is suggested whenever possible to fully pipeline this function.  If this multiplier was inferred, it is suggested to describe an additional register stage after this function.  If there is no registered adder/accumulator following the multiply function, two pipeline stages are suggested to allow both the MREG and PREG registers to be used.  If the DSP48 was instantiated in the design, it is suggested to set both the MREG and PREG attributes to 1 when performing multiply functions.
Related violations: <none>

DPOP-2#43 Warning
MREG Output pipelining  
DSP u_core/u_tensor_bf16/row_gen[5].col_gen[2].u_pe/mac_temp0 multiplier stage u_core/u_tensor_bf16/row_gen[5].col_gen[2].u_pe/mac_temp0/P[47:0] is not pipelined (MREG=0). Pipelining the multiplier function will improve performance and will save significant power so it is suggested whenever possible to fully pipeline this function.  If this multiplier was inferred, it is suggested to describe an additional register stage after this function.  If there is no registered adder/accumulator following the multiply function, two pipeline stages are suggested to allow both the MREG and PREG registers to be used.  If the DSP48 was instantiated in the design, it is suggested to set both the MREG and PREG attributes to 1 when performing multiply functions.
Related violations: <none>

DPOP-2#44 Warning
MREG Output pipelining  
DSP u_core/u_tensor_bf16/row_gen[5].col_gen[3].u_pe/mac_temp0 multiplier stage u_core/u_tensor_bf16/row_gen[5].col_gen[3].u_pe/mac_temp0/P[47:0] is not pipelined (MREG=0). Pipelining the multiplier function will improve performance and will save significant power so it is suggested whenever possible to fully pipeline this function.  If this multiplier was inferred, it is suggested to describe an additional register stage after this function.  If there is no registered adder/accumulator following the multiply function, two pipeline stages are suggested to allow both the MREG and PREG registers to be used.  If the DSP48 was instantiated in the design, it is suggested to set both the MREG and PREG attributes to 1 when performing multiply functions.
Related violations: <none>

DPOP-2#45 Warning
MREG Output pipelining  
DSP u_core/u_tensor_bf16/row_gen[5].col_gen[4].u_pe/mac_temp0 multiplier stage u_core/u_tensor_bf16/row_gen[5].col_gen[4].u_pe/mac_temp0/P[47:0] is not pipelined (MREG=0). Pipelining the multiplier function will improve performance and will save significant power so it is suggested whenever possible to fully pipeline this function.  If this multiplier was inferred, it is suggested to describe an additional register stage after this function.  If there is no registered adder/accumulator following the multiply function, two pipeline stages are suggested to allow both the MREG and PREG registers to be used.  If the DSP48 was instantiated in the design, it is suggested to set both the MREG and PREG attributes to 1 when performing multiply functions.
Related violations: <none>

DPOP-2#46 Warning
MREG Output pipelining  
DSP u_core/u_tensor_bf16/row_gen[5].col_gen[5].u_pe/mac_temp0 multiplier stage u_core/u_tensor_bf16/row_gen[5].col_gen[5].u_pe/mac_temp0/P[47:0] is not pipelined (MREG=0). Pipelining the multiplier function will improve performance and will save significant power so it is suggested whenever possible to fully pipeline this function.  If this multiplier was inferred, it is suggested to describe an additional register stage after this function.  If there is no registered adder/accumulator following the multiply function, two pipeline stages are suggested to allow both the MREG and PREG registers to be used.  If the DSP48 was instantiated in the design, it is suggested to set both the MREG and PREG attributes to 1 when performing multiply functions.
Related violations: <none>

DPOP-2#47 Warning
MREG Output pipelining  
DSP u_core/u_tensor_bf16/row_gen[5].col_gen[6].u_pe/mac_temp0 multiplier stage u_core/u_tensor_bf16/row_gen[5].col_gen[6].u_pe/mac_temp0/P[47:0] is not pipelined (MREG=0). Pipelining the multiplier function will improve performance and will save significant power so it is suggested whenever possible to fully pipeline this function.  If this multiplier was inferred, it is suggested to describe an additional register stage after this function.  If there is no registered adder/accumulator following the multiply function, two pipeline stages are suggested to allow both the MREG and PREG registers to be used.  If the DSP48 was instantiated in the design, it is suggested to set both the MREG and PREG attributes to 1 when performing multiply functions.
Related violations: <none>

DPOP-2#48 Warning
MREG Output pipelining  
DSP u_core/u_tensor_bf16/row_gen[5].col_gen[7].u_pe/mac_temp0 multiplier stage u_core/u_tensor_bf16/row_gen[5].col_gen[7].u_pe/mac_temp0/P[47:0] is not pipelined (MREG=0). Pipelining the multiplier function will improve performance and will save significant power so it is suggested whenever possible to fully pipeline this function.  If this multiplier was inferred, it is suggested to describe an additional register stage after this function.  If there is no registered adder/accumulator following the multiply function, two pipeline stages are suggested to allow both the MREG and PREG registers to be used.  If the DSP48 was instantiated in the design, it is suggested to set both the MREG and PREG attributes to 1 when performing multiply functions.
Related violations: <none>

DPOP-2#49 Warning
MREG Output pipelining  
DSP u_core/u_tensor_bf16/row_gen[6].col_gen[0].u_pe/mac_temp0 multiplier stage u_core/u_tensor_bf16/row_gen[6].col_gen[0].u_pe/mac_temp0/P[47:0] is not pipelined (MREG=0). Pipelining the multiplier function will improve performance and will save significant power so it is suggested whenever possible to fully pipeline this function.  If this multiplier was inferred, it is suggested to describe an additional register stage after this function.  If there is no registered adder/accumulator following the multiply function, two pipeline stages are suggested to allow both the MREG and PREG registers to be used.  If the DSP48 was instantiated in the design, it is suggested to set both the MREG and PREG attributes to 1 when performing multiply functions.
Related violations: <none>

DPOP-2#50 Warning
MREG Output pipelining  
DSP u_core/u_tensor_bf16/row_gen[6].col_gen[1].u_pe/mac_temp0 multiplier stage u_core/u_tensor_bf16/row_gen[6].col_gen[1].u_pe/mac_temp0/P[47:0] is not pipelined (MREG=0). Pipelining the multiplier function will improve performance and will save significant power so it is suggested whenever possible to fully pipeline this function.  If this multiplier was inferred, it is suggested to describe an additional register stage after this function.  If there is no registered adder/accumulator following the multiply function, two pipeline stages are suggested to allow both the MREG and PREG registers to be used.  If the DSP48 was instantiated in the design, it is suggested to set both the MREG and PREG attributes to 1 when performing multiply functions.
Related violations: <none>

DPOP-2#51 Warning
MREG Output pipelining  
DSP u_core/u_tensor_bf16/row_gen[6].col_gen[2].u_pe/mac_temp0 multiplier stage u_core/u_tensor_bf16/row_gen[6].col_gen[2].u_pe/mac_temp0/P[47:0] is not pipelined (MREG=0). Pipelining the multiplier function will improve performance and will save significant power so it is suggested whenever possible to fully pipeline this function.  If this multiplier was inferred, it is suggested to describe an additional register stage after this function.  If there is no registered adder/accumulator following the multiply function, two pipeline stages are suggested to allow both the MREG and PREG registers to be used.  If the DSP48 was instantiated in the design, it is suggested to set both the MREG and PREG attributes to 1 when performing multiply functions.
Related violations: <none>

DPOP-2#52 Warning
MREG Output pipelining  
DSP u_core/u_tensor_bf16/row_gen[6].col_gen[3].u_pe/mac_temp0 multiplier stage u_core/u_tensor_bf16/row_gen[6].col_gen[3].u_pe/mac_temp0/P[47:0] is not pipelined (MREG=0). Pipelining the multiplier function will improve performance and will save significant power so it is suggested whenever possible to fully pipeline this function.  If this multiplier was inferred, it is suggested to describe an additional register stage after this function.  If there is no registered adder/accumulator following the multiply function, two pipeline stages are suggested to allow both the MREG and PREG registers to be used.  If the DSP48 was instantiated in the design, it is suggested to set both the MREG and PREG attributes to 1 when performing multiply functions.
Related violations: <none>

DPOP-2#53 Warning
MREG Output pipelining  
DSP u_core/u_tensor_bf16/row_gen[6].col_gen[4].u_pe/mac_temp0 multiplier stage u_core/u_tensor_bf16/row_gen[6].col_gen[4].u_pe/mac_temp0/P[47:0] is not pipelined (MREG=0). Pipelining the multiplier function will improve performance and will save significant power so it is suggested whenever possible to fully pipeline this function.  If this multiplier was inferred, it is suggested to describe an additional register stage after this function.  If there is no registered adder/accumulator following the multiply function, two pipeline stages are suggested to allow both the MREG and PREG registers to be used.  If the DSP48 was instantiated in the design, it is suggested to set both the MREG and PREG attributes to 1 when performing multiply functions.
Related violations: <none>

DPOP-2#54 Warning
MREG Output pipelining  
DSP u_core/u_tensor_bf16/row_gen[6].col_gen[5].u_pe/mac_temp0 multiplier stage u_core/u_tensor_bf16/row_gen[6].col_gen[5].u_pe/mac_temp0/P[47:0] is not pipelined (MREG=0). Pipelining the multiplier function will improve performance and will save significant power so it is suggested whenever possible to fully pipeline this function.  If this multiplier was inferred, it is suggested to describe an additional register stage after this function.  If there is no registered adder/accumulator following the multiply function, two pipeline stages are suggested to allow both the MREG and PREG registers to be used.  If the DSP48 was instantiated in the design, it is suggested to set both the MREG and PREG attributes to 1 when performing multiply functions.
Related violations: <none>

DPOP-2#55 Warning
MREG Output pipelining  
DSP u_core/u_tensor_bf16/row_gen[6].col_gen[6].u_pe/mac_temp0 multiplier stage u_core/u_tensor_bf16/row_gen[6].col_gen[6].u_pe/mac_temp0/P[47:0] is not pipelined (MREG=0). Pipelining the multiplier function will improve performance and will save significant power so it is suggested whenever possible to fully pipeline this function.  If this multiplier was inferred, it is suggested to describe an additional register stage after this function.  If there is no registered adder/accumulator following the multiply function, two pipeline stages are suggested to allow both the MREG and PREG registers to be used.  If the DSP48 was instantiated in the design, it is suggested to set both the MREG and PREG attributes to 1 when performing multiply functions.
Related violations: <none>

DPOP-2#56 Warning
MREG Output pipelining  
DSP u_core/u_tensor_bf16/row_gen[6].col_gen[7].u_pe/mac_temp0 multiplier stage u_core/u_tensor_bf16/row_gen[6].col_gen[7].u_pe/mac_temp0/P[47:0] is not pipelined (MREG=0). Pipelining the multiplier function will improve performance and will save significant power so it is suggested whenever possible to fully pipeline this function.  If this multiplier was inferred, it is suggested to describe an additional register stage after this function.  If there is no registered adder/accumulator following the multiply function, two pipeline stages are suggested to allow both the MREG and PREG registers to be used.  If the DSP48 was instantiated in the design, it is suggested to set both the MREG and PREG attributes to 1 when performing multiply functions.
Related violations: <none>

DPOP-2#57 Warning
MREG Output pipelining  
DSP u_core/u_tensor_bf16/row_gen[7].col_gen[0].u_pe/mac_temp0 multiplier stage u_core/u_tensor_bf16/row_gen[7].col_gen[0].u_pe/mac_temp0/P[47:0] is not pipelined (MREG=0). Pipelining the multiplier function will improve performance and will save significant power so it is suggested whenever possible to fully pipeline this function.  If this multiplier was inferred, it is suggested to describe an additional register stage after this function.  If there is no registered adder/accumulator following the multiply function, two pipeline stages are suggested to allow both the MREG and PREG registers to be used.  If the DSP48 was instantiated in the design, it is suggested to set both the MREG and PREG attributes to 1 when performing multiply functions.
Related violations: <none>

DPOP-2#58 Warning
MREG Output pipelining  
DSP u_core/u_tensor_bf16/row_gen[7].col_gen[1].u_pe/mac_temp0 multiplier stage u_core/u_tensor_bf16/row_gen[7].col_gen[1].u_pe/mac_temp0/P[47:0] is not pipelined (MREG=0). Pipelining the multiplier function will improve performance and will save significant power so it is suggested whenever possible to fully pipeline this function.  If this multiplier was inferred, it is suggested to describe an additional register stage after this function.  If there is no registered adder/accumulator following the multiply function, two pipeline stages are suggested to allow both the MREG and PREG registers to be used.  If the DSP48 was instantiated in the design, it is suggested to set both the MREG and PREG attributes to 1 when performing multiply functions.
Related violations: <none>

DPOP-2#59 Warning
MREG Output pipelining  
DSP u_core/u_tensor_bf16/row_gen[7].col_gen[2].u_pe/mac_temp0 multiplier stage u_core/u_tensor_bf16/row_gen[7].col_gen[2].u_pe/mac_temp0/P[47:0] is not pipelined (MREG=0). Pipelining the multiplier function will improve performance and will save significant power so it is suggested whenever possible to fully pipeline this function.  If this multiplier was inferred, it is suggested to describe an additional register stage after this function.  If there is no registered adder/accumulator following the multiply function, two pipeline stages are suggested to allow both the MREG and PREG registers to be used.  If the DSP48 was instantiated in the design, it is suggested to set both the MREG and PREG attributes to 1 when performing multiply functions.
Related violations: <none>

DPOP-2#60 Warning
MREG Output pipelining  
DSP u_core/u_tensor_bf16/row_gen[7].col_gen[3].u_pe/mac_temp0 multiplier stage u_core/u_tensor_bf16/row_gen[7].col_gen[3].u_pe/mac_temp0/P[47:0] is not pipelined (MREG=0). Pipelining the multiplier function will improve performance and will save significant power so it is suggested whenever possible to fully pipeline this function.  If this multiplier was inferred, it is suggested to describe an additional register stage after this function.  If there is no registered adder/accumulator following the multiply function, two pipeline stages are suggested to allow both the MREG and PREG registers to be used.  If the DSP48 was instantiated in the design, it is suggested to set both the MREG and PREG attributes to 1 when performing multiply functions.
Related violations: <none>

DPOP-2#61 Warning
MREG Output pipelining  
DSP u_core/u_tensor_bf16/row_gen[7].col_gen[4].u_pe/mac_temp0 multiplier stage u_core/u_tensor_bf16/row_gen[7].col_gen[4].u_pe/mac_temp0/P[47:0] is not pipelined (MREG=0). Pipelining the multiplier function will improve performance and will save significant power so it is suggested whenever possible to fully pipeline this function.  If this multiplier was inferred, it is suggested to describe an additional register stage after this function.  If there is no registered adder/accumulator following the multiply function, two pipeline stages are suggested to allow both the MREG and PREG registers to be used.  If the DSP48 was instantiated in the design, it is suggested to set both the MREG and PREG attributes to 1 when performing multiply functions.
Related violations: <none>

DPOP-2#62 Warning
MREG Output pipelining  
DSP u_core/u_tensor_bf16/row_gen[7].col_gen[5].u_pe/mac_temp0 multiplier stage u_core/u_tensor_bf16/row_gen[7].col_gen[5].u_pe/mac_temp0/P[47:0] is not pipelined (MREG=0). Pipelining the multiplier function will improve performance and will save significant power so it is suggested whenever possible to fully pipeline this function.  If this multiplier was inferred, it is suggested to describe an additional register stage after this function.  If there is no registered adder/accumulator following the multiply function, two pipeline stages are suggested to allow both the MREG and PREG registers to be used.  If the DSP48 was instantiated in the design, it is suggested to set both the MREG and PREG attributes to 1 when performing multiply functions.
Related violations: <none>

DPOP-2#63 Warning
MREG Output pipelining  
DSP u_core/u_tensor_bf16/row_gen[7].col_gen[6].u_pe/mac_temp0 multiplier stage u_core/u_tensor_bf16/row_gen[7].col_gen[6].u_pe/mac_temp0/P[47:0] is not pipelined (MREG=0). Pipelining the multiplier function will improve performance and will save significant power so it is suggested whenever possible to fully pipeline this function.  If this multiplier was inferred, it is suggested to describe an additional register stage after this function.  If there is no registered adder/accumulator following the multiply function, two pipeline stages are suggested to allow both the MREG and PREG registers to be used.  If the DSP48 was instantiated in the design, it is suggested to set both the MREG and PREG attributes to 1 when performing multiply functions.
Related violations: <none>

DPOP-2#64 Warning
MREG Output pipelining  
DSP u_core/u_tensor_bf16/row_gen[7].col_gen[7].u_pe/mac_temp0 multiplier stage u_core/u_tensor_bf16/row_gen[7].col_gen[7].u_pe/mac_temp0/P[47:0] is not pipelined (MREG=0). Pipelining the multiplier function will improve performance and will save significant power so it is suggested whenever possible to fully pipeline this function.  If this multiplier was inferred, it is suggested to describe an additional register stage after this function.  If there is no registered adder/accumulator following the multiply function, two pipeline stages are suggested to allow both the MREG and PREG registers to be used.  If the DSP48 was instantiated in the design, it is suggested to set both the MREG and PREG attributes to 1 when performing multiply functions.
Related violations: <none>

REQP-1839#1 Warning
RAMB36 async control check  
The RAMB36E1 u_core/u_l1d_cache/data_ram_reg_0 has an input control pin u_core/u_l1d_cache/data_ram_reg_0/ADDRARDADDR[10] (net: u_core/u_l1d_cache/ADDRARDADDR[4]) which is driven by a register (u_core/u_tensor_arbiter/outstanding_reg) that has an active asychronous set or reset. This may cause corruption of the memory contents and/or read values when the set/reset is asserted and is not analyzed by the default static timing analysis. It is suggested to eliminate the use of a set/reset to registers driving this RAMB pin or else use a synchronous reset in which the assertion of the reset is timed by default.
Related violations: <none>

REQP-1839#2 Warning
RAMB36 async control check  
The RAMB36E1 u_core/u_l1d_cache/data_ram_reg_0 has an input control pin u_core/u_l1d_cache/data_ram_reg_0/ADDRARDADDR[10] (net: u_core/u_l1d_cache/ADDRARDADDR[4]) which is driven by a register (u_core/u_tensor_engine/FSM_sequential_state_r_reg[0]_rep__0) that has an active asychronous set or reset. This may cause corruption of the memory contents and/or read values when the set/reset is asserted and is not analyzed by the default static timing analysis. It is suggested to eliminate the use of a set/reset to registers driving this RAMB pin or else use a synchronous reset in which the assertion of the reset is timed by default.
Related violations: <none>

REQP-1839#3 Warning
RAMB36 async control check  
The RAMB36E1 u_core/u_l1d_cache/data_ram_reg_0 has an input control pin u_core/u_l1d_cache/data_ram_reg_0/ADDRARDADDR[10] (net: u_core/u_l1d_cache/ADDRARDADDR[4]) which is driven by a register (u_core/u_tensor_engine/FSM_sequential_state_r_reg[1]) that has an active asychronous set or reset. This may cause corruption of the memory contents and/or read values when the set/reset is asserted and is not analyzed by the default static timing analysis. It is suggested to eliminate the use of a set/reset to registers driving this RAMB pin or else use a synchronous reset in which the assertion of the reset is timed by default.
Related violations: <none>

REQP-1839#4 Warning
RAMB36 async control check  
The RAMB36E1 u_core/u_l1d_cache/data_ram_reg_0 has an input control pin u_core/u_l1d_cache/data_ram_reg_0/ADDRARDADDR[10] (net: u_core/u_l1d_cache/ADDRARDADDR[4]) which is driven by a register (u_core/u_tensor_engine/FSM_sequential_state_r_reg[2]) that has an active asychronous set or reset. This may cause corruption of the memory contents and/or read values when the set/reset is asserted and is not analyzed by the default static timing analysis. It is suggested to eliminate the use of a set/reset to registers driving this RAMB pin or else use a synchronous reset in which the assertion of the reset is timed by default.
Related violations: <none>

REQP-1839#5 Warning
RAMB36 async control check  
The RAMB36E1 u_core/u_l1d_cache/data_ram_reg_0 has an input control pin u_core/u_l1d_cache/data_ram_reg_0/ADDRARDADDR[10] (net: u_core/u_l1d_cache/ADDRARDADDR[4]) which is driven by a register (u_core/u_tensor_engine/addr_r_reg[10]) that has an active asychronous set or reset. This may cause corruption of the memory contents and/or read values when the set/reset is asserted and is not analyzed by the default static timing analysis. It is suggested to eliminate the use of a set/reset to registers driving this RAMB pin or else use a synchronous reset in which the assertion of the reset is timed by default.
Related violations: <none>

REQP-1839#6 Warning
RAMB36 async control check  
The RAMB36E1 u_core/u_l1d_cache/data_ram_reg_0 has an input control pin u_core/u_l1d_cache/data_ram_reg_0/ADDRARDADDR[11] (net: u_core/u_l1d_cache/ADDRARDADDR[5]) which is driven by a register (u_core/u_tensor_arbiter/outstanding_reg) that has an active asychronous set or reset. This may cause corruption of the memory contents and/or read values when the set/reset is asserted and is not analyzed by the default static timing analysis. It is suggested to eliminate the use of a set/reset to registers driving this RAMB pin or else use a synchronous reset in which the assertion of the reset is timed by default.
Related violations: <none>

REQP-1839#7 Warning
RAMB36 async control check  
The RAMB36E1 u_core/u_l1d_cache/data_ram_reg_0 has an input control pin u_core/u_l1d_cache/data_ram_reg_0/ADDRARDADDR[11] (net: u_core/u_l1d_cache/ADDRARDADDR[5]) which is driven by a register (u_core/u_tensor_engine/FSM_sequential_state_r_reg[0]_rep__0) that has an active asychronous set or reset. This may cause corruption of the memory contents and/or read values when the set/reset is asserted and is not analyzed by the default static timing analysis. It is suggested to eliminate the use of a set/reset to registers driving this RAMB pin or else use a synchronous reset in which the assertion of the reset is timed by default.
Related violations: <none>

REQP-1839#8 Warning
RAMB36 async control check  
The RAMB36E1 u_core/u_l1d_cache/data_ram_reg_0 has an input control pin u_core/u_l1d_cache/data_ram_reg_0/ADDRARDADDR[11] (net: u_core/u_l1d_cache/ADDRARDADDR[5]) which is driven by a register (u_core/u_tensor_engine/FSM_sequential_state_r_reg[1]) that has an active asychronous set or reset. This may cause corruption of the memory contents and/or read values when the set/reset is asserted and is not analyzed by the default static timing analysis. It is suggested to eliminate the use of a set/reset to registers driving this RAMB pin or else use a synchronous reset in which the assertion of the reset is timed by default.
Related violations: <none>

REQP-1839#9 Warning
RAMB36 async control check  
The RAMB36E1 u_core/u_l1d_cache/data_ram_reg_0 has an input control pin u_core/u_l1d_cache/data_ram_reg_0/ADDRARDADDR[11] (net: u_core/u_l1d_cache/ADDRARDADDR[5]) which is driven by a register (u_core/u_tensor_engine/FSM_sequential_state_r_reg[2]) that has an active asychronous set or reset. This may cause corruption of the memory contents and/or read values when the set/reset is asserted and is not analyzed by the default static timing analysis. It is suggested to eliminate the use of a set/reset to registers driving this RAMB pin or else use a synchronous reset in which the assertion of the reset is timed by default.
Related violations: <none>

REQP-1839#10 Warning
RAMB36 async control check  
The RAMB36E1 u_core/u_l1d_cache/data_ram_reg_0 has an input control pin u_core/u_l1d_cache/data_ram_reg_0/ADDRARDADDR[11] (net: u_core/u_l1d_cache/ADDRARDADDR[5]) which is driven by a register (u_core/u_tensor_engine/addr_r_reg[11]) that has an active asychronous set or reset. This may cause corruption of the memory contents and/or read values when the set/reset is asserted and is not analyzed by the default static timing analysis. It is suggested to eliminate the use of a set/reset to registers driving this RAMB pin or else use a synchronous reset in which the assertion of the reset is timed by default.
Related violations: <none>

REQP-1839#11 Warning
RAMB36 async control check  
The RAMB36E1 u_core/u_l1d_cache/data_ram_reg_0 has an input control pin u_core/u_l1d_cache/data_ram_reg_0/ADDRARDADDR[8] (net: u_core/u_l1d_cache/ADDRARDADDR[2]) which is driven by a register (u_core/u_tensor_arbiter/outstanding_reg) that has an active asychronous set or reset. This may cause corruption of the memory contents and/or read values when the set/reset is asserted and is not analyzed by the default static timing analysis. It is suggested to eliminate the use of a set/reset to registers driving this RAMB pin or else use a synchronous reset in which the assertion of the reset is timed by default.
Related violations: <none>

REQP-1839#12 Warning
RAMB36 async control check  
The RAMB36E1 u_core/u_l1d_cache/data_ram_reg_0 has an input control pin u_core/u_l1d_cache/data_ram_reg_0/ADDRARDADDR[8] (net: u_core/u_l1d_cache/ADDRARDADDR[2]) which is driven by a register (u_core/u_tensor_engine/FSM_sequential_state_r_reg[0]_rep__0) that has an active asychronous set or reset. This may cause corruption of the memory contents and/or read values when the set/reset is asserted and is not analyzed by the default static timing analysis. It is suggested to eliminate the use of a set/reset to registers driving this RAMB pin or else use a synchronous reset in which the assertion of the reset is timed by default.
Related violations: <none>

REQP-1839#13 Warning
RAMB36 async control check  
The RAMB36E1 u_core/u_l1d_cache/data_ram_reg_0 has an input control pin u_core/u_l1d_cache/data_ram_reg_0/ADDRARDADDR[8] (net: u_core/u_l1d_cache/ADDRARDADDR[2]) which is driven by a register (u_core/u_tensor_engine/FSM_sequential_state_r_reg[1]) that has an active asychronous set or reset. This may cause corruption of the memory contents and/or read values when the set/reset is asserted and is not analyzed by the default static timing analysis. It is suggested to eliminate the use of a set/reset to registers driving this RAMB pin or else use a synchronous reset in which the assertion of the reset is timed by default.
Related violations: <none>

REQP-1839#14 Warning
RAMB36 async control check  
The RAMB36E1 u_core/u_l1d_cache/data_ram_reg_0 has an input control pin u_core/u_l1d_cache/data_ram_reg_0/ADDRARDADDR[8] (net: u_core/u_l1d_cache/ADDRARDADDR[2]) which is driven by a register (u_core/u_tensor_engine/FSM_sequential_state_r_reg[2]) that has an active asychronous set or reset. This may cause corruption of the memory contents and/or read values when the set/reset is asserted and is not analyzed by the default static timing analysis. It is suggested to eliminate the use of a set/reset to registers driving this RAMB pin or else use a synchronous reset in which the assertion of the reset is timed by default.
Related violations: <none>

REQP-1839#15 Warning
RAMB36 async control check  
The RAMB36E1 u_core/u_l1d_cache/data_ram_reg_0 has an input control pin u_core/u_l1d_cache/data_ram_reg_0/ADDRARDADDR[8] (net: u_core/u_l1d_cache/ADDRARDADDR[2]) which is driven by a register (u_core/u_tensor_engine/addr_r_reg[8]) that has an active asychronous set or reset. This may cause corruption of the memory contents and/or read values when the set/reset is asserted and is not analyzed by the default static timing analysis. It is suggested to eliminate the use of a set/reset to registers driving this RAMB pin or else use a synchronous reset in which the assertion of the reset is timed by default.
Related violations: <none>

REQP-1839#16 Warning
RAMB36 async control check  
The RAMB36E1 u_core/u_l1d_cache/data_ram_reg_0 has an input control pin u_core/u_l1d_cache/data_ram_reg_0/ADDRARDADDR[9] (net: u_core/u_l1d_cache/ADDRARDADDR[3]) which is driven by a register (u_core/u_tensor_arbiter/outstanding_reg) that has an active asychronous set or reset. This may cause corruption of the memory contents and/or read values when the set/reset is asserted and is not analyzed by the default static timing analysis. It is suggested to eliminate the use of a set/reset to registers driving this RAMB pin or else use a synchronous reset in which the assertion of the reset is timed by default.
Related violations: <none>

REQP-1839#17 Warning
RAMB36 async control check  
The RAMB36E1 u_core/u_l1d_cache/data_ram_reg_0 has an input control pin u_core/u_l1d_cache/data_ram_reg_0/ADDRARDADDR[9] (net: u_core/u_l1d_cache/ADDRARDADDR[3]) which is driven by a register (u_core/u_tensor_engine/FSM_sequential_state_r_reg[0]_rep__0) that has an active asychronous set or reset. This may cause corruption of the memory contents and/or read values when the set/reset is asserted and is not analyzed by the default static timing analysis. It is suggested to eliminate the use of a set/reset to registers driving this RAMB pin or else use a synchronous reset in which the assertion of the reset is timed by default.
Related violations: <none>

REQP-1839#18 Warning
RAMB36 async control check  
The RAMB36E1 u_core/u_l1d_cache/data_ram_reg_0 has an input control pin u_core/u_l1d_cache/data_ram_reg_0/ADDRARDADDR[9] (net: u_core/u_l1d_cache/ADDRARDADDR[3]) which is driven by a register (u_core/u_tensor_engine/FSM_sequential_state_r_reg[1]) that has an active asychronous set or reset. This may cause corruption of the memory contents and/or read values when the set/reset is asserted and is not analyzed by the default static timing analysis. It is suggested to eliminate the use of a set/reset to registers driving this RAMB pin or else use a synchronous reset in which the assertion of the reset is timed by default.
Related violations: <none>

REQP-1839#19 Warning
RAMB36 async control check  
The RAMB36E1 u_core/u_l1d_cache/data_ram_reg_0 has an input control pin u_core/u_l1d_cache/data_ram_reg_0/ADDRARDADDR[9] (net: u_core/u_l1d_cache/ADDRARDADDR[3]) which is driven by a register (u_core/u_tensor_engine/FSM_sequential_state_r_reg[2]) that has an active asychronous set or reset. This may cause corruption of the memory contents and/or read values when the set/reset is asserted and is not analyzed by the default static timing analysis. It is suggested to eliminate the use of a set/reset to registers driving this RAMB pin or else use a synchronous reset in which the assertion of the reset is timed by default.
Related violations: <none>

REQP-1839#20 Warning
RAMB36 async control check  
The RAMB36E1 u_core/u_l1d_cache/data_ram_reg_0 has an input control pin u_core/u_l1d_cache/data_ram_reg_0/ADDRARDADDR[9] (net: u_core/u_l1d_cache/ADDRARDADDR[3]) which is driven by a register (u_core/u_tensor_engine/addr_r_reg[9]) that has an active asychronous set or reset. This may cause corruption of the memory contents and/or read values when the set/reset is asserted and is not analyzed by the default static timing analysis. It is suggested to eliminate the use of a set/reset to registers driving this RAMB pin or else use a synchronous reset in which the assertion of the reset is timed by default.
Related violations: <none>

REQP-1840#1 Warning
RAMB18 async control check  
The RAMB18E1 u_core/u_l1d_cache/data_ram_reg_7 has an input control pin u_core/u_l1d_cache/data_ram_reg_7/ADDRARDADDR[10] (net: u_core/u_l1d_cache/ADDRARDADDR[5]) which is driven by a register (u_core/u_tensor_arbiter/outstanding_reg) that has an active asychronous set or reset. This may cause corruption of the memory contents and/or read values when the set/reset is asserted and is not analyzed by the default static timing analysis. It is suggested to eliminate the use of a set/reset to registers driving this RAMB pin or else use a synchronous reset in which the assertion of the reset is timed by default.
Related violations: <none>

REQP-1840#2 Warning
RAMB18 async control check  
The RAMB18E1 u_core/u_l1d_cache/data_ram_reg_7 has an input control pin u_core/u_l1d_cache/data_ram_reg_7/ADDRARDADDR[10] (net: u_core/u_l1d_cache/ADDRARDADDR[5]) which is driven by a register (u_core/u_tensor_engine/FSM_sequential_state_r_reg[0]_rep__0) that has an active asychronous set or reset. This may cause corruption of the memory contents and/or read values when the set/reset is asserted and is not analyzed by the default static timing analysis. It is suggested to eliminate the use of a set/reset to registers driving this RAMB pin or else use a synchronous reset in which the assertion of the reset is timed by default.
Related violations: <none>

REQP-1840#3 Warning
RAMB18 async control check  
The RAMB18E1 u_core/u_l1d_cache/data_ram_reg_7 has an input control pin u_core/u_l1d_cache/data_ram_reg_7/ADDRARDADDR[10] (net: u_core/u_l1d_cache/ADDRARDADDR[5]) which is driven by a register (u_core/u_tensor_engine/FSM_sequential_state_r_reg[1]) that has an active asychronous set or reset. This may cause corruption of the memory contents and/or read values when the set/reset is asserted and is not analyzed by the default static timing analysis. It is suggested to eliminate the use of a set/reset to registers driving this RAMB pin or else use a synchronous reset in which the assertion of the reset is timed by default.
Related violations: <none>

REQP-1840#4 Warning
RAMB18 async control check  
The RAMB18E1 u_core/u_l1d_cache/data_ram_reg_7 has an input control pin u_core/u_l1d_cache/data_ram_reg_7/ADDRARDADDR[10] (net: u_core/u_l1d_cache/ADDRARDADDR[5]) which is driven by a register (u_core/u_tensor_engine/FSM_sequential_state_r_reg[2]) that has an active asychronous set or reset. This may cause corruption of the memory contents and/or read values when the set/reset is asserted and is not analyzed by the default static timing analysis. It is suggested to eliminate the use of a set/reset to registers driving this RAMB pin or else use a synchronous reset in which the assertion of the reset is timed by default.
Related violations: <none>

REQP-1840#5 Warning
RAMB18 async control check  
The RAMB18E1 u_core/u_l1d_cache/data_ram_reg_7 has an input control pin u_core/u_l1d_cache/data_ram_reg_7/ADDRARDADDR[10] (net: u_core/u_l1d_cache/ADDRARDADDR[5]) which is driven by a register (u_core/u_tensor_engine/addr_r_reg[11]) that has an active asychronous set or reset. This may cause corruption of the memory contents and/or read values when the set/reset is asserted and is not analyzed by the default static timing analysis. It is suggested to eliminate the use of a set/reset to registers driving this RAMB pin or else use a synchronous reset in which the assertion of the reset is timed by default.
Related violations: <none>

REQP-1840#6 Warning
RAMB18 async control check  
The RAMB18E1 u_core/u_l1d_cache/data_ram_reg_7 has an input control pin u_core/u_l1d_cache/data_ram_reg_7/ADDRARDADDR[7] (net: u_core/u_l1d_cache/ADDRARDADDR[2]) which is driven by a register (u_core/u_tensor_arbiter/outstanding_reg) that has an active asychronous set or reset. This may cause corruption of the memory contents and/or read values when the set/reset is asserted and is not analyzed by the default static timing analysis. It is suggested to eliminate the use of a set/reset to registers driving this RAMB pin or else use a synchronous reset in which the assertion of the reset is timed by default.
Related violations: <none>

REQP-1840#7 Warning
RAMB18 async control check  
The RAMB18E1 u_core/u_l1d_cache/data_ram_reg_7 has an input control pin u_core/u_l1d_cache/data_ram_reg_7/ADDRARDADDR[7] (net: u_core/u_l1d_cache/ADDRARDADDR[2]) which is driven by a register (u_core/u_tensor_engine/FSM_sequential_state_r_reg[0]_rep__0) that has an active asychronous set or reset. This may cause corruption of the memory contents and/or read values when the set/reset is asserted and is not analyzed by the default static timing analysis. It is suggested to eliminate the use of a set/reset to registers driving this RAMB pin or else use a synchronous reset in which the assertion of the reset is timed by default.
Related violations: <none>

REQP-1840#8 Warning
RAMB18 async control check  
The RAMB18E1 u_core/u_l1d_cache/data_ram_reg_7 has an input control pin u_core/u_l1d_cache/data_ram_reg_7/ADDRARDADDR[7] (net: u_core/u_l1d_cache/ADDRARDADDR[2]) which is driven by a register (u_core/u_tensor_engine/FSM_sequential_state_r_reg[1]) that has an active asychronous set or reset. This may cause corruption of the memory contents and/or read values when the set/reset is asserted and is not analyzed by the default static timing analysis. It is suggested to eliminate the use of a set/reset to registers driving this RAMB pin or else use a synchronous reset in which the assertion of the reset is timed by default.
Related violations: <none>

REQP-1840#9 Warning
RAMB18 async control check  
The RAMB18E1 u_core/u_l1d_cache/data_ram_reg_7 has an input control pin u_core/u_l1d_cache/data_ram_reg_7/ADDRARDADDR[7] (net: u_core/u_l1d_cache/ADDRARDADDR[2]) which is driven by a register (u_core/u_tensor_engine/FSM_sequential_state_r_reg[2]) that has an active asychronous set or reset. This may cause corruption of the memory contents and/or read values when the set/reset is asserted and is not analyzed by the default static timing analysis. It is suggested to eliminate the use of a set/reset to registers driving this RAMB pin or else use a synchronous reset in which the assertion of the reset is timed by default.
Related violations: <none>

REQP-1840#10 Warning
RAMB18 async control check  
The RAMB18E1 u_core/u_l1d_cache/data_ram_reg_7 has an input control pin u_core/u_l1d_cache/data_ram_reg_7/ADDRARDADDR[7] (net: u_core/u_l1d_cache/ADDRARDADDR[2]) which is driven by a register (u_core/u_tensor_engine/addr_r_reg[8]) that has an active asychronous set or reset. This may cause corruption of the memory contents and/or read values when the set/reset is asserted and is not analyzed by the default static timing analysis. It is suggested to eliminate the use of a set/reset to registers driving this RAMB pin or else use a synchronous reset in which the assertion of the reset is timed by default.
Related violations: <none>

REQP-1840#11 Warning
RAMB18 async control check  
The RAMB18E1 u_core/u_l1d_cache/data_ram_reg_7 has an input control pin u_core/u_l1d_cache/data_ram_reg_7/ADDRARDADDR[8] (net: u_core/u_l1d_cache/ADDRARDADDR[3]) which is driven by a register (u_core/u_tensor_arbiter/outstanding_reg) that has an active asychronous set or reset. This may cause corruption of the memory contents and/or read values when the set/reset is asserted and is not analyzed by the default static timing analysis. It is suggested to eliminate the use of a set/reset to registers driving this RAMB pin or else use a synchronous reset in which the assertion of the reset is timed by default.
Related violations: <none>

REQP-1840#12 Warning
RAMB18 async control check  
The RAMB18E1 u_core/u_l1d_cache/data_ram_reg_7 has an input control pin u_core/u_l1d_cache/data_ram_reg_7/ADDRARDADDR[8] (net: u_core/u_l1d_cache/ADDRARDADDR[3]) which is driven by a register (u_core/u_tensor_engine/FSM_sequential_state_r_reg[0]_rep__0) that has an active asychronous set or reset. This may cause corruption of the memory contents and/or read values when the set/reset is asserted and is not analyzed by the default static timing analysis. It is suggested to eliminate the use of a set/reset to registers driving this RAMB pin or else use a synchronous reset in which the assertion of the reset is timed by default.
Related violations: <none>

REQP-1840#13 Warning
RAMB18 async control check  
The RAMB18E1 u_core/u_l1d_cache/data_ram_reg_7 has an input control pin u_core/u_l1d_cache/data_ram_reg_7/ADDRARDADDR[8] (net: u_core/u_l1d_cache/ADDRARDADDR[3]) which is driven by a register (u_core/u_tensor_engine/FSM_sequential_state_r_reg[1]) that has an active asychronous set or reset. This may cause corruption of the memory contents and/or read values when the set/reset is asserted and is not analyzed by the default static timing analysis. It is suggested to eliminate the use of a set/reset to registers driving this RAMB pin or else use a synchronous reset in which the assertion of the reset is timed by default.
Related violations: <none>

REQP-1840#14 Warning
RAMB18 async control check  
The RAMB18E1 u_core/u_l1d_cache/data_ram_reg_7 has an input control pin u_core/u_l1d_cache/data_ram_reg_7/ADDRARDADDR[8] (net: u_core/u_l1d_cache/ADDRARDADDR[3]) which is driven by a register (u_core/u_tensor_engine/FSM_sequential_state_r_reg[2]) that has an active asychronous set or reset. This may cause corruption of the memory contents and/or read values when the set/reset is asserted and is not analyzed by the default static timing analysis. It is suggested to eliminate the use of a set/reset to registers driving this RAMB pin or else use a synchronous reset in which the assertion of the reset is timed by default.
Related violations: <none>

REQP-1840#15 Warning
RAMB18 async control check  
The RAMB18E1 u_core/u_l1d_cache/data_ram_reg_7 has an input control pin u_core/u_l1d_cache/data_ram_reg_7/ADDRARDADDR[8] (net: u_core/u_l1d_cache/ADDRARDADDR[3]) which is driven by a register (u_core/u_tensor_engine/addr_r_reg[9]) that has an active asychronous set or reset. This may cause corruption of the memory contents and/or read values when the set/reset is asserted and is not analyzed by the default static timing analysis. It is suggested to eliminate the use of a set/reset to registers driving this RAMB pin or else use a synchronous reset in which the assertion of the reset is timed by default.
Related violations: <none>

REQP-1840#16 Warning
RAMB18 async control check  
The RAMB18E1 u_core/u_l1d_cache/data_ram_reg_7 has an input control pin u_core/u_l1d_cache/data_ram_reg_7/ADDRARDADDR[9] (net: u_core/u_l1d_cache/ADDRARDADDR[4]) which is driven by a register (u_core/u_tensor_arbiter/outstanding_reg) that has an active asychronous set or reset. This may cause corruption of the memory contents and/or read values when the set/reset is asserted and is not analyzed by the default static timing analysis. It is suggested to eliminate the use of a set/reset to registers driving this RAMB pin or else use a synchronous reset in which the assertion of the reset is timed by default.
Related violations: <none>

REQP-1840#17 Warning
RAMB18 async control check  
The RAMB18E1 u_core/u_l1d_cache/data_ram_reg_7 has an input control pin u_core/u_l1d_cache/data_ram_reg_7/ADDRARDADDR[9] (net: u_core/u_l1d_cache/ADDRARDADDR[4]) which is driven by a register (u_core/u_tensor_engine/FSM_sequential_state_r_reg[0]_rep__0) that has an active asychronous set or reset. This may cause corruption of the memory contents and/or read values when the set/reset is asserted and is not analyzed by the default static timing analysis. It is suggested to eliminate the use of a set/reset to registers driving this RAMB pin or else use a synchronous reset in which the assertion of the reset is timed by default.
Related violations: <none>

REQP-1840#18 Warning
RAMB18 async control check  
The RAMB18E1 u_core/u_l1d_cache/data_ram_reg_7 has an input control pin u_core/u_l1d_cache/data_ram_reg_7/ADDRARDADDR[9] (net: u_core/u_l1d_cache/ADDRARDADDR[4]) which is driven by a register (u_core/u_tensor_engine/FSM_sequential_state_r_reg[1]) that has an active asychronous set or reset. This may cause corruption of the memory contents and/or read values when the set/reset is asserted and is not analyzed by the default static timing analysis. It is suggested to eliminate the use of a set/reset to registers driving this RAMB pin or else use a synchronous reset in which the assertion of the reset is timed by default.
Related violations: <none>

REQP-1840#19 Warning
RAMB18 async control check  
The RAMB18E1 u_core/u_l1d_cache/data_ram_reg_7 has an input control pin u_core/u_l1d_cache/data_ram_reg_7/ADDRARDADDR[9] (net: u_core/u_l1d_cache/ADDRARDADDR[4]) which is driven by a register (u_core/u_tensor_engine/FSM_sequential_state_r_reg[2]) that has an active asychronous set or reset. This may cause corruption of the memory contents and/or read values when the set/reset is asserted and is not analyzed by the default static timing analysis. It is suggested to eliminate the use of a set/reset to registers driving this RAMB pin or else use a synchronous reset in which the assertion of the reset is timed by default.
Related violations: <none>

REQP-1840#20 Warning
RAMB18 async control check  
The RAMB18E1 u_core/u_l1d_cache/data_ram_reg_7 has an input control pin u_core/u_l1d_cache/data_ram_reg_7/ADDRARDADDR[9] (net: u_core/u_l1d_cache/ADDRARDADDR[4]) which is driven by a register (u_core/u_tensor_engine/addr_r_reg[10]) that has an active asychronous set or reset. This may cause corruption of the memory contents and/or read values when the set/reset is asserted and is not analyzed by the default static timing analysis. It is suggested to eliminate the use of a set/reset to registers driving this RAMB pin or else use a synchronous reset in which the assertion of the reset is timed by default.
Related violations: <none>


