Copyright 1986-2022 Xilinx, Inc. All Rights Reserved. Copyright 2022-2025 Advanced Micro Devices, Inc. All Rights Reserved.
-----------------------------------------------------------------------------------------------------------------------------------------------------------------------------------------------------------------------------------------------
| Tool Version : Vivado v.2025.2 (win64) Build 6299465 Fri Nov 14 19:35:11 GMT 2025
| Date         : Fri Aug 21 11:59:13 2026
| Host         : SanukaPCs running 64-bit major release  (build 9200)
| Command      : report_timing_summary -max_paths 10 -routable_nets -report_unconstrained -file lotus_axi4_wrapper_timing_summary_routed.rpt -pb lotus_axi4_wrapper_timing_summary_routed.pb -rpx lotus_axi4_wrapper_timing_summary_routed.rpx
| Design       : lotus_axi4_wrapper
| Device       : 7a200tl-ffv1156
| Speed File   : -2L  PRODUCTION 1.14 2018-01-25
| Design State : Routed
-----------------------------------------------------------------------------------------------------------------------------------------------------------------------------------------------------------------------------------------------

Timing Summary Report

------------------------------------------------------------------------------------------------
| Timer Settings
| --------------
------------------------------------------------------------------------------------------------

  Enable Multi Corner Analysis               :  Yes
  Enable Pessimism Removal                   :  Yes
  Pessimism Removal Resolution               :  Nearest Common Node
  Enable Input Delay Default Clock           :  No
  Enable Preset / Clear Arcs                 :  No
  Disable Flight Delays                      :  No
  Ignore I/O Paths                           :  No
  Timing Early Launch at Borrowing Latches   :  No
  Borrow Time for Max Delay Exceptions       :  Yes
  Merge Timing Exceptions                    :  Yes
  Inter-SLR Compensation                     :  Conservative

  Corner  Analyze    Analyze    
  Name    Max Paths  Min Paths  
  ------  ---------  ---------  
  Slow    Yes        Yes        
  Fast    Yes        Yes        


------------------------------------------------------------------------------------------------
| Report Methodology
| ------------------
------------------------------------------------------------------------------------------------

Rule     Severity  Description                                                Violations  
-------  --------  ---------------------------------------------------------  ----------  
LUTAR-1  Warning   LUT drives async reset alert                               1           
SYNTH-5  Warning   Mapped onto distributed RAM because of timing constraints  16          
SYNTH-6  Warning   Timing of a RAM block might be sub-optimal                 9           

Note: This report is based on the most recent report_methodology run and may not be up-to-date. Run report_methodology on the current design for the latest report.



check_timing report

Table of Contents
-----------------
1. checking no_clock (0)
2. checking constant_clock (0)
3. checking pulse_width_clock (0)
4. checking unconstrained_internal_endpoints (0)
5. checking no_input_delay (1)
6. checking no_output_delay (0)
7. checking multiple_clock (0)
8. checking generated_clocks (0)
9. checking loops (0)
10. checking partial_input_delay (0)
11. checking partial_output_delay (0)
12. checking latch_loops (0)

1. checking no_clock (0)
------------------------
 There are 0 register/latch pins with no clock.


2. checking constant_clock (0)
------------------------------
 There are 0 register/latch pins with constant_clock.


3. checking pulse_width_clock (0)
---------------------------------
 There are 0 register/latch pins which need pulse_width check


4. checking unconstrained_internal_endpoints (0)
------------------------------------------------
 There are 0 pins that are not constrained for maximum delay.

 There are 0 pins that are not constrained for maximum delay due to constant clock.


5. checking no_input_delay (1)
------------------------------
 There are 0 input ports with no input delay specified.

 There is 1 input port with no input delay but user has a false path constraint. (MEDIUM)


6. checking no_output_delay (0)
-------------------------------
 There are 0 ports with no output delay specified.

 There are 0 ports with no output delay but user has a false path constraint

 There are 0 ports with no output delay but with a timing clock defined on it or propagating through it


7. checking multiple_clock (0)
------------------------------
 There are 0 register/latch pins with multiple clocks.


8. checking generated_clocks (0)
--------------------------------
 There are 0 generated clocks that are not connected to a clock source.


9. checking loops (0)
---------------------
 There are 0 combinational loops in the design.


10. checking partial_input_delay (0)
------------------------------------
 There are 0 input ports with partial input delay specified.


11. checking partial_output_delay (0)
-------------------------------------
 There are 0 ports with partial output delay specified.


12. checking latch_loops (0)
----------------------------
 There are 0 combinational latch loops in the design through latch input



------------------------------------------------------------------------------------------------
| Design Timing Summary
| ---------------------
------------------------------------------------------------------------------------------------

    WNS(ns)      TNS(ns)  TNS Failing Endpoints  TNS Total Endpoints      WHS(ns)      THS(ns)  THS Failing Endpoints  THS Total Endpoints     WPWS(ns)     TPWS(ns)  TPWS Failing Endpoints  TPWS Total Endpoints  
    -------      -------  ---------------------  -------------------      -------      -------  ---------------------  -------------------     --------     --------  ----------------------  --------------------  
      0.252        0.000                      0               166090        0.019        0.000                      0               166090        4.646        0.000                       0                 52866  


All user specified timing constraints are met.


------------------------------------------------------------------------------------------------
| Clock Summary
| -------------
------------------------------------------------------------------------------------------------

Clock  Waveform(ns)       Period(ns)      Frequency(MHz)
-----  ------------       ----------      --------------
clk    {0.000 6.250}      12.500          80.000          


------------------------------------------------------------------------------------------------
| Intra Clock Table
| -----------------
------------------------------------------------------------------------------------------------

Clock             WNS(ns)      TNS(ns)  TNS Failing Endpoints  TNS Total Endpoints      WHS(ns)      THS(ns)  THS Failing Endpoints  THS Total Endpoints     WPWS(ns)     TPWS(ns)  TPWS Failing Endpoints  TPWS Total Endpoints  
-----             -------      -------  ---------------------  -------------------      -------      -------  ---------------------  -------------------     --------     --------  ----------------------  --------------------  
clk                 0.252        0.000                      0               158645        0.019        0.000                      0               158645        4.646        0.000                       0                 52866  


------------------------------------------------------------------------------------------------
| Inter Clock Table
| -----------------
------------------------------------------------------------------------------------------------

From Clock    To Clock          WNS(ns)      TNS(ns)  TNS Failing Endpoints  TNS Total Endpoints      WHS(ns)      THS(ns)  THS Failing Endpoints  THS Total Endpoints  
----------    --------          -------      -------  ---------------------  -------------------      -------      -------  ---------------------  -------------------  


------------------------------------------------------------------------------------------------
| Other Path Groups Table
| -----------------------
------------------------------------------------------------------------------------------------

Path Group         From Clock         To Clock               WNS(ns)      TNS(ns)  TNS Failing Endpoints  TNS Total Endpoints      WHS(ns)      THS(ns)  THS Failing Endpoints  THS Total Endpoints  
----------         ----------         --------               -------      -------  ---------------------  -------------------      -------      -------  ---------------------  -------------------  
**async_default**  clk                clk                      1.341        0.000                      0                 7445        1.591        0.000                      0                 7445  


------------------------------------------------------------------------------------------------
| User Ignored Path Table
| -----------------------
------------------------------------------------------------------------------------------------

Path Group    From Clock    To Clock    
----------    ----------    --------    
(none)                      clk           
(none)        clk           clk           


------------------------------------------------------------------------------------------------
| Unconstrained Path Table
| ------------------------
------------------------------------------------------------------------------------------------

Path Group    From Clock    To Clock    
----------    ----------    --------    


------------------------------------------------------------------------------------------------
| Timing Details
| --------------
------------------------------------------------------------------------------------------------


---------------------------------------------------------------------------------------------------
From Clock:  clk
  To Clock:  clk

Setup :            0  Failing Endpoints,  Worst Slack        0.252ns,  Total Violation        0.000ns
Hold  :            0  Failing Endpoints,  Worst Slack        0.019ns,  Total Violation        0.000ns
PW    :            0  Failing Endpoints,  Worst Slack        4.646ns,  Total Violation        0.000ns
---------------------------------------------------------------------------------------------------


Max Delay Paths
--------------------------------------------------------------------------------------
Slack (MET) :             0.252ns  (required time - arrival time)
  Source:                 u_core/u_rs/issue_uop_reg[2][opcode][2]/C
                            (rising edge-triggered cell FDRE clocked by clk  {rise@0.000ns fall@6.250ns period=12.500ns})
  Destination:            u_core/u_lsq/l1d_req_data_reg[5]/R
                            (rising edge-triggered cell FDRE clocked by clk  {rise@0.000ns fall@6.250ns period=12.500ns})
  Path Group:             clk
  Path Type:              Setup (Max at Slow Process Corner)
  Requirement:            12.500ns  (clk rise@12.500ns - clk rise@0.000ns)
  Data Path Delay:        11.543ns  (logic 2.839ns (24.594%)  route 8.704ns (75.406%))
  Logic Levels:           12  (LUT2=1 LUT4=2 LUT6=7 MUXF7=1 MUXF8=1)
  Clock Path Skew:        -0.052ns (DCD - SCD + CPR)
    Destination Clock Delay (DCD):    0.986ns = ( 13.486 - 12.500 ) 
    Source Clock Delay      (SCD):    1.038ns
    Clock Pessimism Removal (CPR):    0.000ns
  Clock Uncertainty:      0.035ns  ((TSJ^2 + TIJ^2)^1/2 + DJ) / 2 + PE
    Total System Jitter     (TSJ):    0.071ns
    Total Input Jitter      (TIJ):    0.000ns
    Discrete Jitter          (DJ):    0.000ns
    Phase Error              (PE):    0.000ns

    Location             Delay type                Incr(ns)  Path(ns)    Netlist Resource(s)
  -------------------------------------------------------------------    -------------------
                         (clock clk rise edge)        0.000     0.000 r  
                                                      0.000     0.000 r  aclk (IN)
                         net (fo=52865, unset)        1.038     1.038    u_core/u_rs/aclk
    SLICE_X52Y141        FDRE                                         r  u_core/u_rs/issue_uop_reg[2][opcode][2]/C
  -------------------------------------------------------------------    -------------------
    SLICE_X52Y141        FDRE (Prop_fdre_C_Q)         0.567     1.605 f  u_core/u_rs/issue_uop_reg[2][opcode][2]/Q
                         net (fo=2, routed)           1.078     2.683    u_core/u_rs/rs_issue_uops[2][opcode][2]
    SLICE_X49Y142        LUT6 (Prop_lut6_I4_O)        0.302     2.985 f  u_core/u_rs/sq_array[1][rob_idx][4]_i_4/O
                         net (fo=1, routed)           0.255     3.241    u_core/u_rs/sq_array[1][rob_idx][4]_i_4_n_0
    SLICE_X49Y142        LUT6 (Prop_lut6_I3_O)        0.148     3.389 r  u_core/u_rs/sq_array[1][rob_idx][4]_i_3/O
                         net (fo=297, routed)         1.219     4.608    u_core/u_rs/n_sq_array1125_out
    SLICE_X53Y142        LUT4 (Prop_lut4_I3_O)        0.148     4.756 r  u_core/u_rs/sq_array[3][addr_valid]_i_8/O
                         net (fo=5, routed)           0.790     5.547    u_core/u_rs/u_lsq/n_sq_array[3][rob_idx][2]
    SLICE_X51Y143        LUT6 (Prop_lut6_I3_O)        0.148     5.695 f  u_core/u_rs/sq_array[3][committed]_i_22/O
                         net (fo=1, routed)           0.543     6.237    u_core/u_rs/sq_array[3][committed]_i_22_n_0
    SLICE_X51Y142        LUT4 (Prop_lut4_I3_O)        0.148     6.385 f  u_core/u_rs/sq_array[3][committed]_i_14/O
                         net (fo=1, routed)           0.429     6.814    u_core/u_rs/sq_array[3][committed]_i_14_n_0
    SLICE_X51Y144        LUT6 (Prop_lut6_I0_O)        0.148     6.962 f  u_core/u_rs/sq_array[3][committed]_i_6/O
                         net (fo=1, routed)           0.438     7.399    u_core/u_rs/sq_array[3][committed]_i_6_n_0
    SLICE_X49Y144        LUT6 (Prop_lut6_I5_O)        0.148     7.547 f  u_core/u_rs/sq_array[3][committed]_i_2/O
                         net (fo=2, routed)           0.928     8.475    u_core/u_rs/n_sq_array[3][committed]
    SLICE_X45Y148        LUT6 (Prop_lut6_I0_O)        0.148     8.623 f  u_core/u_rs/sq_array[1][valid]_i_24/O
                         net (fo=1, routed)           0.000     8.623    u_core/u_rs/sq_array[1][valid]_i_24_n_0
    SLICE_X45Y148        MUXF7 (Prop_muxf7_I0_O)      0.291     8.914 f  u_core/u_rs/sq_array_reg[1][valid]_i_14/O
                         net (fo=1, routed)           0.000     8.914    u_core/u_rs/sq_array_reg[1][valid]_i_14_n_0
    SLICE_X45Y148        MUXF8 (Prop_muxf8_I0_O)      0.124     9.038 f  u_core/u_rs/sq_array_reg[1][valid]_i_7/O
                         net (fo=2, routed)           0.879     9.917    u_core/u_lsq/l1d_req_addr_reg[63]_1
    SLICE_X39Y141        LUT6 (Prop_lut6_I1_O)        0.371    10.288 r  u_core/u_lsq/l1d_req_valid_i_2/O
                         net (fo=68, routed)          0.680    10.968    u_core/u_lsq/n_l1d_req_valid1
    SLICE_X41Y134        LUT2 (Prop_lut2_I0_O)        0.148    11.116 r  u_core/u_lsq/l1d_req_data[63]_i_1/O
                         net (fo=72, routed)          1.466    12.581    u_core/u_lsq/l1d_req_data[63]_i_1_n_0
    SLICE_X20Y123        FDRE                                         r  u_core/u_lsq/l1d_req_data_reg[5]/R
  -------------------------------------------------------------------    -------------------

                         (clock clk rise edge)       12.500    12.500 r  
                                                      0.000    12.500 r  aclk (IN)
                         net (fo=52865, unset)        0.986    13.486    u_core/u_lsq/aclk
    SLICE_X20Y123        FDRE                                         r  u_core/u_lsq/l1d_req_data_reg[5]/C
                         clock pessimism              0.000    13.486    
                         clock uncertainty           -0.035    13.451    
    SLICE_X20Y123        FDRE (Setup_fdre_C_R)       -0.617    12.834    u_core/u_lsq/l1d_req_data_reg[5]
  -------------------------------------------------------------------
                         required time                         12.834    
                         arrival time                         -12.581    
  -------------------------------------------------------------------
                         slack                                  0.252    

Slack (MET) :             0.297ns  (required time - arrival time)
  Source:                 u_core/u_rs/issue_uop_reg[2][opcode][2]/C
                            (rising edge-triggered cell FDRE clocked by clk  {rise@0.000ns fall@6.250ns period=12.500ns})
  Destination:            u_core/u_lsq/l1d_req_data_reg[30]/R
                            (rising edge-triggered cell FDRE clocked by clk  {rise@0.000ns fall@6.250ns period=12.500ns})
  Path Group:             clk
  Path Type:              Setup (Max at Slow Process Corner)
  Requirement:            12.500ns  (clk rise@12.500ns - clk rise@0.000ns)
  Data Path Delay:        11.499ns  (logic 2.839ns (24.690%)  route 8.660ns (75.310%))
  Logic Levels:           12  (LUT2=1 LUT4=2 LUT6=7 MUXF7=1 MUXF8=1)
  Clock Path Skew:        -0.052ns (DCD - SCD + CPR)
    Destination Clock Delay (DCD):    0.986ns = ( 13.486 - 12.500 ) 
    Source Clock Delay      (SCD):    1.038ns
    Clock Pessimism Removal (CPR):    0.000ns
  Clock Uncertainty:      0.035ns  ((TSJ^2 + TIJ^2)^1/2 + DJ) / 2 + PE
    Total System Jitter     (TSJ):    0.071ns
    Total Input Jitter      (TIJ):    0.000ns
    Discrete Jitter          (DJ):    0.000ns
    Phase Error              (PE):    0.000ns

    Location             Delay type                Incr(ns)  Path(ns)    Netlist Resource(s)
  -------------------------------------------------------------------    -------------------
                         (clock clk rise edge)        0.000     0.000 r  
                                                      0.000     0.000 r  aclk (IN)
                         net (fo=52865, unset)        1.038     1.038    u_core/u_rs/aclk
    SLICE_X52Y141        FDRE                                         r  u_core/u_rs/issue_uop_reg[2][opcode][2]/C
  -------------------------------------------------------------------    -------------------
    SLICE_X52Y141        FDRE (Prop_fdre_C_Q)         0.567     1.605 f  u_core/u_rs/issue_uop_reg[2][opcode][2]/Q
                         net (fo=2, routed)           1.078     2.683    u_core/u_rs/rs_issue_uops[2][opcode][2]
    SLICE_X49Y142        LUT6 (Prop_lut6_I4_O)        0.302     2.985 f  u_core/u_rs/sq_array[1][rob_idx][4]_i_4/O
                         net (fo=1, routed)           0.255     3.241    u_core/u_rs/sq_array[1][rob_idx][4]_i_4_n_0
    SLICE_X49Y142        LUT6 (Prop_lut6_I3_O)        0.148     3.389 r  u_core/u_rs/sq_array[1][rob_idx][4]_i_3/O
                         net (fo=297, routed)         1.219     4.608    u_core/u_rs/n_sq_array1125_out
    SLICE_X53Y142        LUT4 (Prop_lut4_I3_O)        0.148     4.756 r  u_core/u_rs/sq_array[3][addr_valid]_i_8/O
                         net (fo=5, routed)           0.790     5.547    u_core/u_rs/u_lsq/n_sq_array[3][rob_idx][2]
    SLICE_X51Y143        LUT6 (Prop_lut6_I3_O)        0.148     5.695 f  u_core/u_rs/sq_array[3][committed]_i_22/O
                         net (fo=1, routed)           0.543     6.237    u_core/u_rs/sq_array[3][committed]_i_22_n_0
    SLICE_X51Y142        LUT4 (Prop_lut4_I3_O)        0.148     6.385 f  u_core/u_rs/sq_array[3][committed]_i_14/O
                         net (fo=1, routed)           0.429     6.814    u_core/u_rs/sq_array[3][committed]_i_14_n_0
    SLICE_X51Y144        LUT6 (Prop_lut6_I0_O)        0.148     6.962 f  u_core/u_rs/sq_array[3][committed]_i_6/O
                         net (fo=1, routed)           0.438     7.399    u_core/u_rs/sq_array[3][committed]_i_6_n_0
    SLICE_X49Y144        LUT6 (Prop_lut6_I5_O)        0.148     7.547 f  u_core/u_rs/sq_array[3][committed]_i_2/O
                         net (fo=2, routed)           0.928     8.475    u_core/u_rs/n_sq_array[3][committed]
    SLICE_X45Y148        LUT6 (Prop_lut6_I0_O)        0.148     8.623 f  u_core/u_rs/sq_array[1][valid]_i_24/O
                         net (fo=1, routed)           0.000     8.623    u_core/u_rs/sq_array[1][valid]_i_24_n_0
    SLICE_X45Y148        MUXF7 (Prop_muxf7_I0_O)      0.291     8.914 f  u_core/u_rs/sq_array_reg[1][valid]_i_14/O
                         net (fo=1, routed)           0.000     8.914    u_core/u_rs/sq_array_reg[1][valid]_i_14_n_0
    SLICE_X45Y148        MUXF8 (Prop_muxf8_I0_O)      0.124     9.038 f  u_core/u_rs/sq_array_reg[1][valid]_i_7/O
                         net (fo=2, routed)           0.879     9.917    u_core/u_lsq/l1d_req_addr_reg[63]_1
    SLICE_X39Y141        LUT6 (Prop_lut6_I1_O)        0.371    10.288 r  u_core/u_lsq/l1d_req_valid_i_2/O
                         net (fo=68, routed)          0.680    10.968    u_core/u_lsq/n_l1d_req_valid1
    SLICE_X41Y134        LUT2 (Prop_lut2_I0_O)        0.148    11.116 r  u_core/u_lsq/l1d_req_data[63]_i_1/O
                         net (fo=72, routed)          1.421    12.537    u_core/u_lsq/l1d_req_data[63]_i_1_n_0
    SLICE_X18Y127        FDRE                                         r  u_core/u_lsq/l1d_req_data_reg[30]/R
  -------------------------------------------------------------------    -------------------

                         (clock clk rise edge)       12.500    12.500 r  
                                                      0.000    12.500 r  aclk (IN)
                         net (fo=52865, unset)        0.986    13.486    u_core/u_lsq/aclk
    SLICE_X18Y127        FDRE                                         r  u_core/u_lsq/l1d_req_data_reg[30]/C
                         clock pessimism              0.000    13.486    
                         clock uncertainty           -0.035    13.451    
    SLICE_X18Y127        FDRE (Setup_fdre_C_R)       -0.617    12.834    u_core/u_lsq/l1d_req_data_reg[30]
  -------------------------------------------------------------------
                         required time                         12.834    
                         arrival time                         -12.537    
  -------------------------------------------------------------------
                         slack                                  0.297    

Slack (MET) :             0.300ns  (required time - arrival time)
  Source:                 u_core/u_rs/issue_uop_reg[2][opcode][2]/C
                            (rising edge-triggered cell FDRE clocked by clk  {rise@0.000ns fall@6.250ns period=12.500ns})
  Destination:            u_core/u_lsq/l1d_req_data_reg[13]/R
                            (rising edge-triggered cell FDRE clocked by clk  {rise@0.000ns fall@6.250ns period=12.500ns})
  Path Group:             clk
  Path Type:              Setup (Max at Slow Process Corner)
  Requirement:            12.500ns  (clk rise@12.500ns - clk rise@0.000ns)
  Data Path Delay:        11.595ns  (logic 2.839ns (24.485%)  route 8.756ns (75.515%))
  Logic Levels:           12  (LUT2=1 LUT4=2 LUT6=7 MUXF7=1 MUXF8=1)
  Clock Path Skew:        -0.052ns (DCD - SCD + CPR)
    Destination Clock Delay (DCD):    0.986ns = ( 13.486 - 12.500 ) 
    Source Clock Delay      (SCD):    1.038ns
    Clock Pessimism Removal (CPR):    0.000ns
  Clock Uncertainty:      0.035ns  ((TSJ^2 + TIJ^2)^1/2 + DJ) / 2 + PE
    Total System Jitter     (TSJ):    0.071ns
    Total Input Jitter      (TIJ):    0.000ns
    Discrete Jitter          (DJ):    0.000ns
    Phase Error              (PE):    0.000ns

    Location             Delay type                Incr(ns)  Path(ns)    Netlist Resource(s)
  -------------------------------------------------------------------    -------------------
                         (clock clk rise edge)        0.000     0.000 r  
                                                      0.000     0.000 r  aclk (IN)
                         net (fo=52865, unset)        1.038     1.038    u_core/u_rs/aclk
    SLICE_X52Y141        FDRE                                         r  u_core/u_rs/issue_uop_reg[2][opcode][2]/C
  -------------------------------------------------------------------    -------------------
    SLICE_X52Y141        FDRE (Prop_fdre_C_Q)         0.567     1.605 f  u_core/u_rs/issue_uop_reg[2][opcode][2]/Q
                         net (fo=2, routed)           1.078     2.683    u_core/u_rs/rs_issue_uops[2][opcode][2]
    SLICE_X49Y142        LUT6 (Prop_lut6_I4_O)        0.302     2.985 f  u_core/u_rs/sq_array[1][rob_idx][4]_i_4/O
                         net (fo=1, routed)           0.255     3.241    u_core/u_rs/sq_array[1][rob_idx][4]_i_4_n_0
    SLICE_X49Y142        LUT6 (Prop_lut6_I3_O)        0.148     3.389 r  u_core/u_rs/sq_array[1][rob_idx][4]_i_3/O
                         net (fo=297, routed)         1.219     4.608    u_core/u_rs/n_sq_array1125_out
    SLICE_X53Y142        LUT4 (Prop_lut4_I3_O)        0.148     4.756 r  u_core/u_rs/sq_array[3][addr_valid]_i_8/O
                         net (fo=5, routed)           0.790     5.547    u_core/u_rs/u_lsq/n_sq_array[3][rob_idx][2]
    SLICE_X51Y143        LUT6 (Prop_lut6_I3_O)        0.148     5.695 f  u_core/u_rs/sq_array[3][committed]_i_22/O
                         net (fo=1, routed)           0.543     6.237    u_core/u_rs/sq_array[3][committed]_i_22_n_0
    SLICE_X51Y142        LUT4 (Prop_lut4_I3_O)        0.148     6.385 f  u_core/u_rs/sq_array[3][committed]_i_14/O
                         net (fo=1, routed)           0.429     6.814    u_core/u_rs/sq_array[3][committed]_i_14_n_0
    SLICE_X51Y144        LUT6 (Prop_lut6_I0_O)        0.148     6.962 f  u_core/u_rs/sq_array[3][committed]_i_6/O
                         net (fo=1, routed)           0.438     7.399    u_core/u_rs/sq_array[3][committed]_i_6_n_0
    SLICE_X49Y144        LUT6 (Prop_lut6_I5_O)        0.148     7.547 f  u_core/u_rs/sq_array[3][committed]_i_2/O
                         net (fo=2, routed)           0.928     8.475    u_core/u_rs/n_sq_array[3][committed]
    SLICE_X45Y148        LUT6 (Prop_lut6_I0_O)        0.148     8.623 f  u_core/u_rs/sq_array[1][valid]_i_24/O
                         net (fo=1, routed)           0.000     8.623    u_core/u_rs/sq_array[1][valid]_i_24_n_0
    SLICE_X45Y148        MUXF7 (Prop_muxf7_I0_O)      0.291     8.914 f  u_core/u_rs/sq_array_reg[1][valid]_i_14/O
                         net (fo=1, routed)           0.000     8.914    u_core/u_rs/sq_array_reg[1][valid]_i_14_n_0
    SLICE_X45Y148        MUXF8 (Prop_muxf8_I0_O)      0.124     9.038 f  u_core/u_rs/sq_array_reg[1][valid]_i_7/O
                         net (fo=2, routed)           0.879     9.917    u_core/u_lsq/l1d_req_addr_reg[63]_1
    SLICE_X39Y141        LUT6 (Prop_lut6_I1_O)        0.371    10.288 r  u_core/u_lsq/l1d_req_valid_i_2/O
                         net (fo=68, routed)          0.680    10.968    u_core/u_lsq/n_l1d_req_valid1
    SLICE_X41Y134        LUT2 (Prop_lut2_I0_O)        0.148    11.116 r  u_core/u_lsq/l1d_req_data[63]_i_1/O
                         net (fo=72, routed)          1.517    12.633    u_core/u_lsq/l1d_req_data[63]_i_1_n_0
    SLICE_X19Y121        FDRE                                         r  u_core/u_lsq/l1d_req_data_reg[13]/R
  -------------------------------------------------------------------    -------------------

                         (clock clk rise edge)       12.500    12.500 r  
                                                      0.000    12.500 r  aclk (IN)
                         net (fo=52865, unset)        0.986    13.486    u_core/u_lsq/aclk
    SLICE_X19Y121        FDRE                                         r  u_core/u_lsq/l1d_req_data_reg[13]/C
                         clock pessimism              0.000    13.486    
                         clock uncertainty           -0.035    13.451    
    SLICE_X19Y121        FDRE (Setup_fdre_C_R)       -0.518    12.933    u_core/u_lsq/l1d_req_data_reg[13]
  -------------------------------------------------------------------
                         required time                         12.933    
                         arrival time                         -12.633    
  -------------------------------------------------------------------
                         slack                                  0.300    

Slack (MET) :             0.328ns  (required time - arrival time)
  Source:                 u_core/u_rs/issue_ready_q_reg[1]/C
                            (rising edge-triggered cell FDRE clocked by clk  {rise@0.000ns fall@6.250ns period=12.500ns})
  Destination:            u_core/u_rs/src1_val_reg[4][25]/CE
                            (rising edge-triggered cell FDRE clocked by clk  {rise@0.000ns fall@6.250ns period=12.500ns})
  Path Group:             clk
  Path Type:              Setup (Max at Slow Process Corner)
  Requirement:            12.500ns  (clk rise@12.500ns - clk rise@0.000ns)
  Data Path Delay:        11.783ns  (logic 2.535ns (21.514%)  route 9.248ns (78.486%))
  Logic Levels:           12  (LUT2=2 LUT3=1 LUT4=2 LUT5=1 LUT6=6)
  Clock Path Skew:        -0.052ns (DCD - SCD + CPR)
    Destination Clock Delay (DCD):    0.986ns = ( 13.486 - 12.500 ) 
    Source Clock Delay      (SCD):    1.038ns
    Clock Pessimism Removal (CPR):    0.000ns
  Clock Uncertainty:      0.035ns  ((TSJ^2 + TIJ^2)^1/2 + DJ) / 2 + PE
    Total System Jitter     (TSJ):    0.071ns
    Total Input Jitter      (TIJ):    0.000ns
    Discrete Jitter          (DJ):    0.000ns
    Phase Error              (PE):    0.000ns

    Location             Delay type                Incr(ns)  Path(ns)    Netlist Resource(s)
  -------------------------------------------------------------------    -------------------
                         (clock clk rise edge)        0.000     0.000 r  
                                                      0.000     0.000 r  aclk (IN)
                         net (fo=52865, unset)        1.038     1.038    u_core/u_rs/aclk
    SLICE_X75Y128        FDRE                                         r  u_core/u_rs/issue_ready_q_reg[1]/C
  -------------------------------------------------------------------    -------------------
    SLICE_X75Y128        FDRE (Prop_fdre_C_Q)         0.536     1.574 r  u_core/u_rs/issue_ready_q_reg[1]/Q
                         net (fo=2, routed)           0.571     2.145    u_core/u_rs/p_0_in311_in
    SLICE_X75Y127        LUT2 (Prop_lut2_I0_O)        0.148     2.293 f  u_core/u_rs/i___14_i_1/O
                         net (fo=292, routed)         0.756     3.050    u_core/u_rs/i___14_i_1_n_0
    SLICE_X75Y128        LUT4 (Prop_lut4_I2_O)        0.148     3.198 r  u_core/u_rs/i___54_i_7/O
                         net (fo=1, routed)           0.711     3.909    u_core/u_rs/i___54_i_7_n_0
    SLICE_X74Y127        LUT6 (Prop_lut6_I5_O)        0.148     4.057 r  u_core/u_rs/i___54_i_1/O
                         net (fo=8, routed)           0.871     4.928    u_core/u_rs/i___54_i_1_n_0
    SLICE_X71Y128        LUT6 (Prop_lut6_I0_O)        0.148     5.076 f  u_core/u_rs/i___27_i_4/O
                         net (fo=2, routed)           0.419     5.496    u_core/u_rs/i___27_i_4_n_0
    SLICE_X69Y129        LUT6 (Prop_lut6_I2_O)        0.148     5.644 f  u_core/u_rs/i___46_i_2/O
                         net (fo=1, routed)           0.285     5.928    u_core/u_rs/i___46_i_2_n_0
    SLICE_X70Y129        LUT6 (Prop_lut6_I3_O)        0.148     6.076 r  u_core/u_rs/i___46/O
                         net (fo=125, routed)         0.727     6.803    u_core/u_rs/rs_tail_reg[2]_2
    SLICE_X68Y129        LUT6 (Prop_lut6_I1_O)        0.148     6.951 r  u_core/u_rs/i___36_i_1/O
                         net (fo=3, routed)           0.656     7.607    u_core/u_rs/i___36_i_1_n_0
    SLICE_X69Y129        LUT6 (Prop_lut6_I3_O)        0.148     7.755 f  u_core/u_rs/i___40/O
                         net (fo=130, routed)         0.706     8.462    u_core/u_rs/rs_tail_reg[2]_1
    SLICE_X66Y130        LUT2 (Prop_lut2_I1_O)        0.148     8.610 f  u_core/u_rs/i___26_i_2/O
                         net (fo=19, routed)          0.707     9.317    u_core/u_rs/i___26_i_2_n_0
    SLICE_X66Y132        LUT4 (Prop_lut4_I3_O)        0.151     9.468 r  u_core/u_rs/i___690_i_1/O
                         net (fo=33, routed)          0.837    10.305    u_core/u_rs/rs_tail_reg[0]_4
    SLICE_X65Y134        LUT3 (Prop_lut3_I2_O)        0.368    10.673 f  u_core/u_rs/i___37_i_2/O
                         net (fo=133, routed)         0.901    11.574    u_core/u_rs/i___37_i_2_n_0
    SLICE_X66Y127        LUT5 (Prop_lut5_I4_O)        0.148    11.722 r  u_core/u_rs/i___38/O
                         net (fo=66, routed)          1.099    12.821    u_core/u_rs/i___38_n_0
    SLICE_X60Y121        FDRE                                         r  u_core/u_rs/src1_val_reg[4][25]/CE
  -------------------------------------------------------------------    -------------------

                         (clock clk rise edge)       12.500    12.500 r  
                                                      0.000    12.500 r  aclk (IN)
                         net (fo=52865, unset)        0.986    13.486    u_core/u_rs/aclk
    SLICE_X60Y121        FDRE                                         r  u_core/u_rs/src1_val_reg[4][25]/C
                         clock pessimism              0.000    13.486    
                         clock uncertainty           -0.035    13.451    
    SLICE_X60Y121        FDRE (Setup_fdre_C_CE)      -0.302    13.149    u_core/u_rs/src1_val_reg[4][25]
  -------------------------------------------------------------------
                         required time                         13.149    
                         arrival time                         -12.821    
  -------------------------------------------------------------------
                         slack                                  0.328    

Slack (MET) :             0.328ns  (required time - arrival time)
  Source:                 u_core/u_rs/issue_ready_q_reg[1]/C
                            (rising edge-triggered cell FDRE clocked by clk  {rise@0.000ns fall@6.250ns period=12.500ns})
  Destination:            u_core/u_rs/src1_val_reg[4][28]/CE
                            (rising edge-triggered cell FDRE clocked by clk  {rise@0.000ns fall@6.250ns period=12.500ns})
  Path Group:             clk
  Path Type:              Setup (Max at Slow Process Corner)
  Requirement:            12.500ns  (clk rise@12.500ns - clk rise@0.000ns)
  Data Path Delay:        11.783ns  (logic 2.535ns (21.514%)  route 9.248ns (78.486%))
  Logic Levels:           12  (LUT2=2 LUT3=1 LUT4=2 LUT5=1 LUT6=6)
  Clock Path Skew:        -0.052ns (DCD - SCD + CPR)
    Destination Clock Delay (DCD):    0.986ns = ( 13.486 - 12.500 ) 
    Source Clock Delay      (SCD):    1.038ns
    Clock Pessimism Removal (CPR):    0.000ns
  Clock Uncertainty:      0.035ns  ((TSJ^2 + TIJ^2)^1/2 + DJ) / 2 + PE
    Total System Jitter     (TSJ):    0.071ns
    Total Input Jitter      (TIJ):    0.000ns
    Discrete Jitter          (DJ):    0.000ns
    Phase Error              (PE):    0.000ns

    Location             Delay type                Incr(ns)  Path(ns)    Netlist Resource(s)
  -------------------------------------------------------------------    -------------------
                         (clock clk rise edge)        0.000     0.000 r  
                                                      0.000     0.000 r  aclk (IN)
                         net (fo=52865, unset)        1.038     1.038    u_core/u_rs/aclk
    SLICE_X75Y128        FDRE                                         r  u_core/u_rs/issue_ready_q_reg[1]/C
  -------------------------------------------------------------------    -------------------
    SLICE_X75Y128        FDRE (Prop_fdre_C_Q)         0.536     1.574 r  u_core/u_rs/issue_ready_q_reg[1]/Q
                         net (fo=2, routed)           0.571     2.145    u_core/u_rs/p_0_in311_in
    SLICE_X75Y127        LUT2 (Prop_lut2_I0_O)        0.148     2.293 f  u_core/u_rs/i___14_i_1/O
                         net (fo=292, routed)         0.756     3.050    u_core/u_rs/i___14_i_1_n_0
    SLICE_X75Y128        LUT4 (Prop_lut4_I2_O)        0.148     3.198 r  u_core/u_rs/i___54_i_7/O
                         net (fo=1, routed)           0.711     3.909    u_core/u_rs/i___54_i_7_n_0
    SLICE_X74Y127        LUT6 (Prop_lut6_I5_O)        0.148     4.057 r  u_core/u_rs/i___54_i_1/O
                         net (fo=8, routed)           0.871     4.928    u_core/u_rs/i___54_i_1_n_0
    SLICE_X71Y128        LUT6 (Prop_lut6_I0_O)        0.148     5.076 f  u_core/u_rs/i___27_i_4/O
                         net (fo=2, routed)           0.419     5.496    u_core/u_rs/i___27_i_4_n_0
    SLICE_X69Y129        LUT6 (Prop_lut6_I2_O)        0.148     5.644 f  u_core/u_rs/i___46_i_2/O
                         net (fo=1, routed)           0.285     5.928    u_core/u_rs/i___46_i_2_n_0
    SLICE_X70Y129        LUT6 (Prop_lut6_I3_O)        0.148     6.076 r  u_core/u_rs/i___46/O
                         net (fo=125, routed)         0.727     6.803    u_core/u_rs/rs_tail_reg[2]_2
    SLICE_X68Y129        LUT6 (Prop_lut6_I1_O)        0.148     6.951 r  u_core/u_rs/i___36_i_1/O
                         net (fo=3, routed)           0.656     7.607    u_core/u_rs/i___36_i_1_n_0
    SLICE_X69Y129        LUT6 (Prop_lut6_I3_O)        0.148     7.755 f  u_core/u_rs/i___40/O
                         net (fo=130, routed)         0.706     8.462    u_core/u_rs/rs_tail_reg[2]_1
    SLICE_X66Y130        LUT2 (Prop_lut2_I1_O)        0.148     8.610 f  u_core/u_rs/i___26_i_2/O
                         net (fo=19, routed)          0.707     9.317    u_core/u_rs/i___26_i_2_n_0
    SLICE_X66Y132        LUT4 (Prop_lut4_I3_O)        0.151     9.468 r  u_core/u_rs/i___690_i_1/O
                         net (fo=33, routed)          0.837    10.305    u_core/u_rs/rs_tail_reg[0]_4
    SLICE_X65Y134        LUT3 (Prop_lut3_I2_O)        0.368    10.673 f  u_core/u_rs/i___37_i_2/O
                         net (fo=133, routed)         0.901    11.574    u_core/u_rs/i___37_i_2_n_0
    SLICE_X66Y127        LUT5 (Prop_lut5_I4_O)        0.148    11.722 r  u_core/u_rs/i___38/O
                         net (fo=66, routed)          1.099    12.821    u_core/u_rs/i___38_n_0
    SLICE_X60Y121        FDRE                                         r  u_core/u_rs/src1_val_reg[4][28]/CE
  -------------------------------------------------------------------    -------------------

                         (clock clk rise edge)       12.500    12.500 r  
                                                      0.000    12.500 r  aclk (IN)
                         net (fo=52865, unset)        0.986    13.486    u_core/u_rs/aclk
    SLICE_X60Y121        FDRE                                         r  u_core/u_rs/src1_val_reg[4][28]/C
                         clock pessimism              0.000    13.486    
                         clock uncertainty           -0.035    13.451    
    SLICE_X60Y121        FDRE (Setup_fdre_C_CE)      -0.302    13.149    u_core/u_rs/src1_val_reg[4][28]
  -------------------------------------------------------------------
                         required time                         13.149    
                         arrival time                         -12.821    
  -------------------------------------------------------------------
                         slack                                  0.328    

Slack (MET) :             0.328ns  (required time - arrival time)
  Source:                 u_core/u_rs/issue_ready_q_reg[1]/C
                            (rising edge-triggered cell FDRE clocked by clk  {rise@0.000ns fall@6.250ns period=12.500ns})
  Destination:            u_core/u_rs/src1_val_reg[4][6]/CE
                            (rising edge-triggered cell FDRE clocked by clk  {rise@0.000ns fall@6.250ns period=12.500ns})
  Path Group:             clk
  Path Type:              Setup (Max at Slow Process Corner)
  Requirement:            12.500ns  (clk rise@12.500ns - clk rise@0.000ns)
  Data Path Delay:        11.783ns  (logic 2.535ns (21.514%)  route 9.248ns (78.486%))
  Logic Levels:           12  (LUT2=2 LUT3=1 LUT4=2 LUT5=1 LUT6=6)
  Clock Path Skew:        -0.052ns (DCD - SCD + CPR)
    Destination Clock Delay (DCD):    0.986ns = ( 13.486 - 12.500 ) 
    Source Clock Delay      (SCD):    1.038ns
    Clock Pessimism Removal (CPR):    0.000ns
  Clock Uncertainty:      0.035ns  ((TSJ^2 + TIJ^2)^1/2 + DJ) / 2 + PE
    Total System Jitter     (TSJ):    0.071ns
    Total Input Jitter      (TIJ):    0.000ns
    Discrete Jitter          (DJ):    0.000ns
    Phase Error              (PE):    0.000ns

    Location             Delay type                Incr(ns)  Path(ns)    Netlist Resource(s)
  -------------------------------------------------------------------    -------------------
                         (clock clk rise edge)        0.000     0.000 r  
                                                      0.000     0.000 r  aclk (IN)
                         net (fo=52865, unset)        1.038     1.038    u_core/u_rs/aclk
    SLICE_X75Y128        FDRE                                         r  u_core/u_rs/issue_ready_q_reg[1]/C
  -------------------------------------------------------------------    -------------------
    SLICE_X75Y128        FDRE (Prop_fdre_C_Q)         0.536     1.574 r  u_core/u_rs/issue_ready_q_reg[1]/Q
                         net (fo=2, routed)           0.571     2.145    u_core/u_rs/p_0_in311_in
    SLICE_X75Y127        LUT2 (Prop_lut2_I0_O)        0.148     2.293 f  u_core/u_rs/i___14_i_1/O
                         net (fo=292, routed)         0.756     3.050    u_core/u_rs/i___14_i_1_n_0
    SLICE_X75Y128        LUT4 (Prop_lut4_I2_O)        0.148     3.198 r  u_core/u_rs/i___54_i_7/O
                         net (fo=1, routed)           0.711     3.909    u_core/u_rs/i___54_i_7_n_0
    SLICE_X74Y127        LUT6 (Prop_lut6_I5_O)        0.148     4.057 r  u_core/u_rs/i___54_i_1/O
                         net (fo=8, routed)           0.871     4.928    u_core/u_rs/i___54_i_1_n_0
    SLICE_X71Y128        LUT6 (Prop_lut6_I0_O)        0.148     5.076 f  u_core/u_rs/i___27_i_4/O
                         net (fo=2, routed)           0.419     5.496    u_core/u_rs/i___27_i_4_n_0
    SLICE_X69Y129        LUT6 (Prop_lut6_I2_O)        0.148     5.644 f  u_core/u_rs/i___46_i_2/O
                         net (fo=1, routed)           0.285     5.928    u_core/u_rs/i___46_i_2_n_0
    SLICE_X70Y129        LUT6 (Prop_lut6_I3_O)        0.148     6.076 r  u_core/u_rs/i___46/O
                         net (fo=125, routed)         0.727     6.803    u_core/u_rs/rs_tail_reg[2]_2
    SLICE_X68Y129        LUT6 (Prop_lut6_I1_O)        0.148     6.951 r  u_core/u_rs/i___36_i_1/O
                         net (fo=3, routed)           0.656     7.607    u_core/u_rs/i___36_i_1_n_0
    SLICE_X69Y129        LUT6 (Prop_lut6_I3_O)        0.148     7.755 f  u_core/u_rs/i___40/O
                         net (fo=130, routed)         0.706     8.462    u_core/u_rs/rs_tail_reg[2]_1
    SLICE_X66Y130        LUT2 (Prop_lut2_I1_O)        0.148     8.610 f  u_core/u_rs/i___26_i_2/O
                         net (fo=19, routed)          0.707     9.317    u_core/u_rs/i___26_i_2_n_0
    SLICE_X66Y132        LUT4 (Prop_lut4_I3_O)        0.151     9.468 r  u_core/u_rs/i___690_i_1/O
                         net (fo=33, routed)          0.837    10.305    u_core/u_rs/rs_tail_reg[0]_4
    SLICE_X65Y134        LUT3 (Prop_lut3_I2_O)        0.368    10.673 f  u_core/u_rs/i___37_i_2/O
                         net (fo=133, routed)         0.901    11.574    u_core/u_rs/i___37_i_2_n_0
    SLICE_X66Y127        LUT5 (Prop_lut5_I4_O)        0.148    11.722 r  u_core/u_rs/i___38/O
                         net (fo=66, routed)          1.099    12.821    u_core/u_rs/i___38_n_0
    SLICE_X60Y121        FDRE                                         r  u_core/u_rs/src1_val_reg[4][6]/CE
  -------------------------------------------------------------------    -------------------

                         (clock clk rise edge)       12.500    12.500 r  
                                                      0.000    12.500 r  aclk (IN)
                         net (fo=52865, unset)        0.986    13.486    u_core/u_rs/aclk
    SLICE_X60Y121        FDRE                                         r  u_core/u_rs/src1_val_reg[4][6]/C
                         clock pessimism              0.000    13.486    
                         clock uncertainty           -0.035    13.451    
    SLICE_X60Y121        FDRE (Setup_fdre_C_CE)      -0.302    13.149    u_core/u_rs/src1_val_reg[4][6]
  -------------------------------------------------------------------
                         required time                         13.149    
                         arrival time                         -12.821    
  -------------------------------------------------------------------
                         slack                                  0.328    

Slack (MET) :             0.335ns  (required time - arrival time)
  Source:                 u_core/u_rs/issue_uop_reg[2][opcode][2]/C
                            (rising edge-triggered cell FDRE clocked by clk  {rise@0.000ns fall@6.250ns period=12.500ns})
  Destination:            u_core/u_lsq/l1d_req_data_reg[16]/R
                            (rising edge-triggered cell FDRE clocked by clk  {rise@0.000ns fall@6.250ns period=12.500ns})
  Path Group:             clk
  Path Type:              Setup (Max at Slow Process Corner)
  Requirement:            12.500ns  (clk rise@12.500ns - clk rise@0.000ns)
  Data Path Delay:        11.461ns  (logic 2.839ns (24.771%)  route 8.622ns (75.229%))
  Logic Levels:           12  (LUT2=1 LUT4=2 LUT6=7 MUXF7=1 MUXF8=1)
  Clock Path Skew:        -0.052ns (DCD - SCD + CPR)
    Destination Clock Delay (DCD):    0.986ns = ( 13.486 - 12.500 ) 
    Source Clock Delay      (SCD):    1.038ns
    Clock Pessimism Removal (CPR):    0.000ns
  Clock Uncertainty:      0.035ns  ((TSJ^2 + TIJ^2)^1/2 + DJ) / 2 + PE
    Total System Jitter     (TSJ):    0.071ns
    Total Input Jitter      (TIJ):    0.000ns
    Discrete Jitter          (DJ):    0.000ns
    Phase Error              (PE):    0.000ns

    Location             Delay type                Incr(ns)  Path(ns)    Netlist Resource(s)
  -------------------------------------------------------------------    -------------------
                         (clock clk rise edge)        0.000     0.000 r  
                                                      0.000     0.000 r  aclk (IN)
                         net (fo=52865, unset)        1.038     1.038    u_core/u_rs/aclk
    SLICE_X52Y141        FDRE                                         r  u_core/u_rs/issue_uop_reg[2][opcode][2]/C
  -------------------------------------------------------------------    -------------------
    SLICE_X52Y141        FDRE (Prop_fdre_C_Q)         0.567     1.605 f  u_core/u_rs/issue_uop_reg[2][opcode][2]/Q
                         net (fo=2, routed)           1.078     2.683    u_core/u_rs/rs_issue_uops[2][opcode][2]
    SLICE_X49Y142        LUT6 (Prop_lut6_I4_O)        0.302     2.985 f  u_core/u_rs/sq_array[1][rob_idx][4]_i_4/O
                         net (fo=1, routed)           0.255     3.241    u_core/u_rs/sq_array[1][rob_idx][4]_i_4_n_0
    SLICE_X49Y142        LUT6 (Prop_lut6_I3_O)        0.148     3.389 r  u_core/u_rs/sq_array[1][rob_idx][4]_i_3/O
                         net (fo=297, routed)         1.219     4.608    u_core/u_rs/n_sq_array1125_out
    SLICE_X53Y142        LUT4 (Prop_lut4_I3_O)        0.148     4.756 r  u_core/u_rs/sq_array[3][addr_valid]_i_8/O
                         net (fo=5, routed)           0.790     5.547    u_core/u_rs/u_lsq/n_sq_array[3][rob_idx][2]
    SLICE_X51Y143        LUT6 (Prop_lut6_I3_O)        0.148     5.695 f  u_core/u_rs/sq_array[3][committed]_i_22/O
                         net (fo=1, routed)           0.543     6.237    u_core/u_rs/sq_array[3][committed]_i_22_n_0
    SLICE_X51Y142        LUT4 (Prop_lut4_I3_O)        0.148     6.385 f  u_core/u_rs/sq_array[3][committed]_i_14/O
                         net (fo=1, routed)           0.429     6.814    u_core/u_rs/sq_array[3][committed]_i_14_n_0
    SLICE_X51Y144        LUT6 (Prop_lut6_I0_O)        0.148     6.962 f  u_core/u_rs/sq_array[3][committed]_i_6/O
                         net (fo=1, routed)           0.438     7.399    u_core/u_rs/sq_array[3][committed]_i_6_n_0
    SLICE_X49Y144        LUT6 (Prop_lut6_I5_O)        0.148     7.547 f  u_core/u_rs/sq_array[3][committed]_i_2/O
                         net (fo=2, routed)           0.928     8.475    u_core/u_rs/n_sq_array[3][committed]
    SLICE_X45Y148        LUT6 (Prop_lut6_I0_O)        0.148     8.623 f  u_core/u_rs/sq_array[1][valid]_i_24/O
                         net (fo=1, routed)           0.000     8.623    u_core/u_rs/sq_array[1][valid]_i_24_n_0
    SLICE_X45Y148        MUXF7 (Prop_muxf7_I0_O)      0.291     8.914 f  u_core/u_rs/sq_array_reg[1][valid]_i_14/O
                         net (fo=1, routed)           0.000     8.914    u_core/u_rs/sq_array_reg[1][valid]_i_14_n_0
    SLICE_X45Y148        MUXF8 (Prop_muxf8_I0_O)      0.124     9.038 f  u_core/u_rs/sq_array_reg[1][valid]_i_7/O
                         net (fo=2, routed)           0.879     9.917    u_core/u_lsq/l1d_req_addr_reg[63]_1
    SLICE_X39Y141        LUT6 (Prop_lut6_I1_O)        0.371    10.288 r  u_core/u_lsq/l1d_req_valid_i_2/O
                         net (fo=68, routed)          0.680    10.968    u_core/u_lsq/n_l1d_req_valid1
    SLICE_X41Y134        LUT2 (Prop_lut2_I0_O)        0.148    11.116 r  u_core/u_lsq/l1d_req_data[63]_i_1/O
                         net (fo=72, routed)          1.383    12.499    u_core/u_lsq/l1d_req_data[63]_i_1_n_0
    SLICE_X18Y123        FDRE                                         r  u_core/u_lsq/l1d_req_data_reg[16]/R
  -------------------------------------------------------------------    -------------------

                         (clock clk rise edge)       12.500    12.500 r  
                                                      0.000    12.500 r  aclk (IN)
                         net (fo=52865, unset)        0.986    13.486    u_core/u_lsq/aclk
    SLICE_X18Y123        FDRE                                         r  u_core/u_lsq/l1d_req_data_reg[16]/C
                         clock pessimism              0.000    13.486    
                         clock uncertainty           -0.035    13.451    
    SLICE_X18Y123        FDRE (Setup_fdre_C_R)       -0.617    12.834    u_core/u_lsq/l1d_req_data_reg[16]
  -------------------------------------------------------------------
                         required time                         12.834    
                         arrival time                         -12.499    
  -------------------------------------------------------------------
                         slack                                  0.335    

Slack (MET) :             0.344ns  (required time - arrival time)
  Source:                 u_core/u_rs/issue_ready_q_reg[1]/C
                            (rising edge-triggered cell FDRE clocked by clk  {rise@0.000ns fall@6.250ns period=12.500ns})
  Destination:            u_core/u_rs/occupancy_reg[3]/R
                            (rising edge-triggered cell FDRE clocked by clk  {rise@0.000ns fall@6.250ns period=12.500ns})
  Path Group:             clk
  Path Type:              Setup (Max at Slow Process Corner)
  Requirement:            12.500ns  (clk rise@12.500ns - clk rise@0.000ns)
  Data Path Delay:        11.551ns  (logic 2.608ns (22.579%)  route 8.943ns (77.421%))
  Logic Levels:           14  (LUT2=1 LUT3=1 LUT4=1 LUT5=2 LUT6=9)
  Clock Path Skew:        -0.052ns (DCD - SCD + CPR)
    Destination Clock Delay (DCD):    0.986ns = ( 13.486 - 12.500 ) 
    Source Clock Delay      (SCD):    1.038ns
    Clock Pessimism Removal (CPR):    0.000ns
  Clock Uncertainty:      0.035ns  ((TSJ^2 + TIJ^2)^1/2 + DJ) / 2 + PE
    Total System Jitter     (TSJ):    0.071ns
    Total Input Jitter      (TIJ):    0.000ns
    Discrete Jitter          (DJ):    0.000ns
    Phase Error              (PE):    0.000ns

    Location             Delay type                Incr(ns)  Path(ns)    Netlist Resource(s)
  -------------------------------------------------------------------    -------------------
                         (clock clk rise edge)        0.000     0.000 r  
                                                      0.000     0.000 r  aclk (IN)
                         net (fo=52865, unset)        1.038     1.038    u_core/u_rs/aclk
    SLICE_X75Y128        FDRE                                         r  u_core/u_rs/issue_ready_q_reg[1]/C
  -------------------------------------------------------------------    -------------------
    SLICE_X75Y128        FDRE (Prop_fdre_C_Q)         0.536     1.574 r  u_core/u_rs/issue_ready_q_reg[1]/Q
                         net (fo=2, routed)           0.571     2.145    u_core/u_rs/p_0_in311_in
    SLICE_X75Y127        LUT2 (Prop_lut2_I0_O)        0.148     2.293 f  u_core/u_rs/i___14_i_1/O
                         net (fo=292, routed)         0.756     3.050    u_core/u_rs/i___14_i_1_n_0
    SLICE_X75Y128        LUT4 (Prop_lut4_I2_O)        0.148     3.198 r  u_core/u_rs/i___54_i_7/O
                         net (fo=1, routed)           0.711     3.909    u_core/u_rs/i___54_i_7_n_0
    SLICE_X74Y127        LUT6 (Prop_lut6_I5_O)        0.148     4.057 r  u_core/u_rs/i___54_i_1/O
                         net (fo=8, routed)           0.871     4.928    u_core/u_rs/i___54_i_1_n_0
    SLICE_X71Y128        LUT6 (Prop_lut6_I0_O)        0.148     5.076 f  u_core/u_rs/i___27_i_4/O
                         net (fo=2, routed)           0.419     5.496    u_core/u_rs/i___27_i_4_n_0
    SLICE_X69Y129        LUT6 (Prop_lut6_I2_O)        0.148     5.644 f  u_core/u_rs/i___46_i_2/O
                         net (fo=1, routed)           0.285     5.928    u_core/u_rs/i___46_i_2_n_0
    SLICE_X70Y129        LUT6 (Prop_lut6_I3_O)        0.148     6.076 r  u_core/u_rs/i___46/O
                         net (fo=125, routed)         0.727     6.803    u_core/u_rs/rs_tail_reg[2]_2
    SLICE_X68Y129        LUT6 (Prop_lut6_I1_O)        0.148     6.951 r  u_core/u_rs/i___36_i_1/O
                         net (fo=3, routed)           0.656     7.607    u_core/u_rs/i___36_i_1_n_0
    SLICE_X69Y129        LUT6 (Prop_lut6_I3_O)        0.148     7.755 f  u_core/u_rs/i___40/O
                         net (fo=130, routed)         0.515     8.270    u_core/u_rs/rs_tail_reg[2]_1
    SLICE_X68Y131        LUT6 (Prop_lut6_I1_O)        0.148     8.418 f  u_core/u_rs/i___34_i_1/O
                         net (fo=4, routed)           0.916     9.334    u_core/u_rs/i___34_i_1_n_0
    SLICE_X65Y132        LUT6 (Prop_lut6_I3_O)        0.148     9.482 f  u_core/u_rs/i___26_i_3/O
                         net (fo=1, routed)           0.253     9.735    u_core/u_rs/i___26_i_3_n_0
    SLICE_X65Y131        LUT3 (Prop_lut3_I1_O)        0.148     9.883 r  u_core/u_rs/i___26_i_1/O
                         net (fo=18, routed)          0.584    10.467    u_core/u_rs/i___26_i_1_n_0
    SLICE_X66Y131        LUT5 (Prop_lut5_I3_O)        0.148    10.615 r  u_core/u_rs/i___27/O
                         net (fo=2, routed)           0.605    11.219    u_core/u_rs/i___27_n_0
    SLICE_X69Y131        LUT5 (Prop_lut5_I4_O)        0.148    11.367 r  u_core/u_rs/i___16_i_4/O
                         net (fo=1, routed)           0.609    11.977    u_core/u_rs/i___16_i_4_n_0
    SLICE_X66Y131        LUT6 (Prop_lut6_I4_O)        0.148    12.125 r  u_core/u_rs/i___16/O
                         net (fo=7, routed)           0.464    12.589    u_core/u_rs/i___16_n_0
    SLICE_X67Y129        FDRE                                         r  u_core/u_rs/occupancy_reg[3]/R
  -------------------------------------------------------------------    -------------------

                         (clock clk rise edge)       12.500    12.500 r  
                                                      0.000    12.500 r  aclk (IN)
                         net (fo=52865, unset)        0.986    13.486    u_core/u_rs/aclk
    SLICE_X67Y129        FDRE                                         r  u_core/u_rs/occupancy_reg[3]/C
                         clock pessimism              0.000    13.486    
                         clock uncertainty           -0.035    13.451    
    SLICE_X67Y129        FDRE (Setup_fdre_C_R)       -0.518    12.933    u_core/u_rs/occupancy_reg[3]
  -------------------------------------------------------------------
                         required time                         12.933    
                         arrival time                         -12.589    
  -------------------------------------------------------------------
                         slack                                  0.344    

Slack (MET) :             0.348ns  (required time - arrival time)
  Source:                 u_core/u_rs/issue_uop_reg[2][opcode][2]/C
                            (rising edge-triggered cell FDRE clocked by clk  {rise@0.000ns fall@6.250ns period=12.500ns})
  Destination:            u_core/u_lsq/l1d_req_data_reg[37]/R
                            (rising edge-triggered cell FDRE clocked by clk  {rise@0.000ns fall@6.250ns period=12.500ns})
  Path Group:             clk
  Path Type:              Setup (Max at Slow Process Corner)
  Requirement:            12.500ns  (clk rise@12.500ns - clk rise@0.000ns)
  Data Path Delay:        11.448ns  (logic 2.839ns (24.800%)  route 8.609ns (75.200%))
  Logic Levels:           12  (LUT2=1 LUT4=2 LUT6=7 MUXF7=1 MUXF8=1)
  Clock Path Skew:        -0.052ns (DCD - SCD + CPR)
    Destination Clock Delay (DCD):    0.986ns = ( 13.486 - 12.500 ) 
    Source Clock Delay      (SCD):    1.038ns
    Clock Pessimism Removal (CPR):    0.000ns
  Clock Uncertainty:      0.035ns  ((TSJ^2 + TIJ^2)^1/2 + DJ) / 2 + PE
    Total System Jitter     (TSJ):    0.071ns
    Total Input Jitter      (TIJ):    0.000ns
    Discrete Jitter          (DJ):    0.000ns
    Phase Error              (PE):    0.000ns

    Location             Delay type                Incr(ns)  Path(ns)    Netlist Resource(s)
  -------------------------------------------------------------------    -------------------
                         (clock clk rise edge)        0.000     0.000 r  
                                                      0.000     0.000 r  aclk (IN)
                         net (fo=52865, unset)        1.038     1.038    u_core/u_rs/aclk
    SLICE_X52Y141        FDRE                                         r  u_core/u_rs/issue_uop_reg[2][opcode][2]/C
  -------------------------------------------------------------------    -------------------
    SLICE_X52Y141        FDRE (Prop_fdre_C_Q)         0.567     1.605 f  u_core/u_rs/issue_uop_reg[2][opcode][2]/Q
                         net (fo=2, routed)           1.078     2.683    u_core/u_rs/rs_issue_uops[2][opcode][2]
    SLICE_X49Y142        LUT6 (Prop_lut6_I4_O)        0.302     2.985 f  u_core/u_rs/sq_array[1][rob_idx][4]_i_4/O
                         net (fo=1, routed)           0.255     3.241    u_core/u_rs/sq_array[1][rob_idx][4]_i_4_n_0
    SLICE_X49Y142        LUT6 (Prop_lut6_I3_O)        0.148     3.389 r  u_core/u_rs/sq_array[1][rob_idx][4]_i_3/O
                         net (fo=297, routed)         1.219     4.608    u_core/u_rs/n_sq_array1125_out
    SLICE_X53Y142        LUT4 (Prop_lut4_I3_O)        0.148     4.756 r  u_core/u_rs/sq_array[3][addr_valid]_i_8/O
                         net (fo=5, routed)           0.790     5.547    u_core/u_rs/u_lsq/n_sq_array[3][rob_idx][2]
    SLICE_X51Y143        LUT6 (Prop_lut6_I3_O)        0.148     5.695 f  u_core/u_rs/sq_array[3][committed]_i_22/O
                         net (fo=1, routed)           0.543     6.237    u_core/u_rs/sq_array[3][committed]_i_22_n_0
    SLICE_X51Y142        LUT4 (Prop_lut4_I3_O)        0.148     6.385 f  u_core/u_rs/sq_array[3][committed]_i_14/O
                         net (fo=1, routed)           0.429     6.814    u_core/u_rs/sq_array[3][committed]_i_14_n_0
    SLICE_X51Y144        LUT6 (Prop_lut6_I0_O)        0.148     6.962 f  u_core/u_rs/sq_array[3][committed]_i_6/O
                         net (fo=1, routed)           0.438     7.399    u_core/u_rs/sq_array[3][committed]_i_6_n_0
    SLICE_X49Y144        LUT6 (Prop_lut6_I5_O)        0.148     7.547 f  u_core/u_rs/sq_array[3][committed]_i_2/O
                         net (fo=2, routed)           0.928     8.475    u_core/u_rs/n_sq_array[3][committed]
    SLICE_X45Y148        LUT6 (Prop_lut6_I0_O)        0.148     8.623 f  u_core/u_rs/sq_array[1][valid]_i_24/O
                         net (fo=1, routed)           0.000     8.623    u_core/u_rs/sq_array[1][valid]_i_24_n_0
    SLICE_X45Y148        MUXF7 (Prop_muxf7_I0_O)      0.291     8.914 f  u_core/u_rs/sq_array_reg[1][valid]_i_14/O
                         net (fo=1, routed)           0.000     8.914    u_core/u_rs/sq_array_reg[1][valid]_i_14_n_0
    SLICE_X45Y148        MUXF8 (Prop_muxf8_I0_O)      0.124     9.038 f  u_core/u_rs/sq_array_reg[1][valid]_i_7/O
                         net (fo=2, routed)           0.879     9.917    u_core/u_lsq/l1d_req_addr_reg[63]_1
    SLICE_X39Y141        LUT6 (Prop_lut6_I1_O)        0.371    10.288 r  u_core/u_lsq/l1d_req_valid_i_2/O
                         net (fo=68, routed)          0.680    10.968    u_core/u_lsq/n_l1d_req_valid1
    SLICE_X41Y134        LUT2 (Prop_lut2_I0_O)        0.148    11.116 r  u_core/u_lsq/l1d_req_data[63]_i_1/O
                         net (fo=72, routed)          1.370    12.486    u_core/u_lsq/l1d_req_data[63]_i_1_n_0
    SLICE_X22Y121        FDRE                                         r  u_core/u_lsq/l1d_req_data_reg[37]/R
  -------------------------------------------------------------------    -------------------

                         (clock clk rise edge)       12.500    12.500 r  
                                                      0.000    12.500 r  aclk (IN)
                         net (fo=52865, unset)        0.986    13.486    u_core/u_lsq/aclk
    SLICE_X22Y121        FDRE                                         r  u_core/u_lsq/l1d_req_data_reg[37]/C
                         clock pessimism              0.000    13.486    
                         clock uncertainty           -0.035    13.451    
    SLICE_X22Y121        FDRE (Setup_fdre_C_R)       -0.617    12.834    u_core/u_lsq/l1d_req_data_reg[37]
  -------------------------------------------------------------------
                         required time                         12.834    
                         arrival time                         -12.486    
  -------------------------------------------------------------------
                         slack                                  0.348    

Slack (MET) :             0.351ns  (required time - arrival time)
  Source:                 u_core/u_rs/issue_uop_reg[2][opcode][2]/C
                            (rising edge-triggered cell FDRE clocked by clk  {rise@0.000ns fall@6.250ns period=12.500ns})
  Destination:            u_core/u_lsq/l1d_req_data_reg[60]/R
                            (rising edge-triggered cell FDRE clocked by clk  {rise@0.000ns fall@6.250ns period=12.500ns})
  Path Group:             clk
  Path Type:              Setup (Max at Slow Process Corner)
  Requirement:            12.500ns  (clk rise@12.500ns - clk rise@0.000ns)
  Data Path Delay:        11.543ns  (logic 2.839ns (24.594%)  route 8.704ns (75.406%))
  Logic Levels:           12  (LUT2=1 LUT4=2 LUT6=7 MUXF7=1 MUXF8=1)
  Clock Path Skew:        -0.052ns (DCD - SCD + CPR)
    Destination Clock Delay (DCD):    0.986ns = ( 13.486 - 12.500 ) 
    Source Clock Delay      (SCD):    1.038ns
    Clock Pessimism Removal (CPR):    0.000ns
  Clock Uncertainty:      0.035ns  ((TSJ^2 + TIJ^2)^1/2 + DJ) / 2 + PE
    Total System Jitter     (TSJ):    0.071ns
    Total Input Jitter      (TIJ):    0.000ns
    Discrete Jitter          (DJ):    0.000ns
    Phase Error              (PE):    0.000ns

    Location             Delay type                Incr(ns)  Path(ns)    Netlist Resource(s)
  -------------------------------------------------------------------    -------------------
                         (clock clk rise edge)        0.000     0.000 r  
                                                      0.000     0.000 r  aclk (IN)
                         net (fo=52865, unset)        1.038     1.038    u_core/u_rs/aclk
    SLICE_X52Y141        FDRE                                         r  u_core/u_rs/issue_uop_reg[2][opcode][2]/C
  -------------------------------------------------------------------    -------------------
    SLICE_X52Y141        FDRE (Prop_fdre_C_Q)         0.567     1.605 f  u_core/u_rs/issue_uop_reg[2][opcode][2]/Q
                         net (fo=2, routed)           1.078     2.683    u_core/u_rs/rs_issue_uops[2][opcode][2]
    SLICE_X49Y142        LUT6 (Prop_lut6_I4_O)        0.302     2.985 f  u_core/u_rs/sq_array[1][rob_idx][4]_i_4/O
                         net (fo=1, routed)           0.255     3.241    u_core/u_rs/sq_array[1][rob_idx][4]_i_4_n_0
    SLICE_X49Y142        LUT6 (Prop_lut6_I3_O)        0.148     3.389 r  u_core/u_rs/sq_array[1][rob_idx][4]_i_3/O
                         net (fo=297, routed)         1.219     4.608    u_core/u_rs/n_sq_array1125_out
    SLICE_X53Y142        LUT4 (Prop_lut4_I3_O)        0.148     4.756 r  u_core/u_rs/sq_array[3][addr_valid]_i_8/O
                         net (fo=5, routed)           0.790     5.547    u_core/u_rs/u_lsq/n_sq_array[3][rob_idx][2]
    SLICE_X51Y143        LUT6 (Prop_lut6_I3_O)        0.148     5.695 f  u_core/u_rs/sq_array[3][committed]_i_22/O
                         net (fo=1, routed)           0.543     6.237    u_core/u_rs/sq_array[3][committed]_i_22_n_0
    SLICE_X51Y142        LUT4 (Prop_lut4_I3_O)        0.148     6.385 f  u_core/u_rs/sq_array[3][committed]_i_14/O
                         net (fo=1, routed)           0.429     6.814    u_core/u_rs/sq_array[3][committed]_i_14_n_0
    SLICE_X51Y144        LUT6 (Prop_lut6_I0_O)        0.148     6.962 f  u_core/u_rs/sq_array[3][committed]_i_6/O
                         net (fo=1, routed)           0.438     7.399    u_core/u_rs/sq_array[3][committed]_i_6_n_0
    SLICE_X49Y144        LUT6 (Prop_lut6_I5_O)        0.148     7.547 f  u_core/u_rs/sq_array[3][committed]_i_2/O
                         net (fo=2, routed)           0.928     8.475    u_core/u_rs/n_sq_array[3][committed]
    SLICE_X45Y148        LUT6 (Prop_lut6_I0_O)        0.148     8.623 f  u_core/u_rs/sq_array[1][valid]_i_24/O
                         net (fo=1, routed)           0.000     8.623    u_core/u_rs/sq_array[1][valid]_i_24_n_0
    SLICE_X45Y148        MUXF7 (Prop_muxf7_I0_O)      0.291     8.914 f  u_core/u_rs/sq_array_reg[1][valid]_i_14/O
                         net (fo=1, routed)           0.000     8.914    u_core/u_rs/sq_array_reg[1][valid]_i_14_n_0
    SLICE_X45Y148        MUXF8 (Prop_muxf8_I0_O)      0.124     9.038 f  u_core/u_rs/sq_array_reg[1][valid]_i_7/O
                         net (fo=2, routed)           0.879     9.917    u_core/u_lsq/l1d_req_addr_reg[63]_1
    SLICE_X39Y141        LUT6 (Prop_lut6_I1_O)        0.371    10.288 r  u_core/u_lsq/l1d_req_valid_i_2/O
                         net (fo=68, routed)          0.680    10.968    u_core/u_lsq/n_l1d_req_valid1
    SLICE_X41Y134        LUT2 (Prop_lut2_I0_O)        0.148    11.116 r  u_core/u_lsq/l1d_req_data[63]_i_1/O
                         net (fo=72, routed)          1.466    12.581    u_core/u_lsq/l1d_req_data[63]_i_1_n_0
    SLICE_X21Y123        FDRE                                         r  u_core/u_lsq/l1d_req_data_reg[60]/R
  -------------------------------------------------------------------    -------------------

                         (clock clk rise edge)       12.500    12.500 r  
                                                      0.000    12.500 r  aclk (IN)
                         net (fo=52865, unset)        0.986    13.486    u_core/u_lsq/aclk
    SLICE_X21Y123        FDRE                                         r  u_core/u_lsq/l1d_req_data_reg[60]/C
                         clock pessimism              0.000    13.486    
                         clock uncertainty           -0.035    13.451    
    SLICE_X21Y123        FDRE (Setup_fdre_C_R)       -0.518    12.933    u_core/u_lsq/l1d_req_data_reg[60]
  -------------------------------------------------------------------
                         required time                         12.933    
                         arrival time                         -12.581    
  -------------------------------------------------------------------
                         slack                                  0.351    





Min Delay Paths
--------------------------------------------------------------------------------------
Slack (MET) :             0.019ns  (arrival time - required time)
  Source:                 u_core/u_l1d_cache/data_to_write_reg[452]/C
                            (rising edge-triggered cell FDRE clocked by clk  {rise@0.000ns fall@6.250ns period=12.500ns})
  Destination:            u_core/u_l1d_cache/data_ram_reg_6/DIADI[20]
                            (rising edge-triggered cell RAMB36E1 clocked by clk  {rise@0.000ns fall@6.250ns period=12.500ns})
  Path Group:             clk
  Path Type:              Hold (Min at Fast Process Corner)
  Requirement:            0.000ns  (clk rise@0.000ns - clk rise@0.000ns)
  Data Path Delay:        0.412ns  (logic 0.223ns (54.136%)  route 0.189ns (45.864%))
  Logic Levels:           0  
  Clock Path Skew:        0.027ns (DCD - SCD - CPR)
    Destination Clock Delay (DCD):    0.542ns
    Source Clock Delay      (SCD):    0.515ns
    Clock Pessimism Removal (CPR):    -0.000ns

    Location             Delay type                Incr(ns)  Path(ns)    Netlist Resource(s)
  -------------------------------------------------------------------    -------------------
                         (clock clk rise edge)        0.000     0.000 r  
                                                      0.000     0.000 r  aclk (IN)
                         net (fo=52865, unset)        0.515     0.515    u_core/u_l1d_cache/aclk
    SLICE_X42Y45         FDRE                                         r  u_core/u_l1d_cache/data_to_write_reg[452]/C
  -------------------------------------------------------------------    -------------------
    SLICE_X42Y45         FDRE (Prop_fdre_C_Q)         0.223     0.738 r  u_core/u_l1d_cache/data_to_write_reg[452]/Q
                         net (fo=1, routed)           0.189     0.927    u_core/u_l1d_cache/data_to_write[452]
    RAMB36_X2Y9          RAMB36E1                                     r  u_core/u_l1d_cache/data_ram_reg_6/DIADI[20]
  -------------------------------------------------------------------    -------------------

                         (clock clk rise edge)        0.000     0.000 r  
                                                      0.000     0.000 r  aclk (IN)
                         net (fo=52865, unset)        0.542     0.542    u_core/u_l1d_cache/aclk
    RAMB36_X2Y9          RAMB36E1                                     r  u_core/u_l1d_cache/data_ram_reg_6/CLKBWRCLK
                         clock pessimism              0.000     0.542    
    RAMB36_X2Y9          RAMB36E1 (Hold_ramb36e1_CLKBWRCLK_DIADI[20])
                                                      0.366     0.908    u_core/u_l1d_cache/data_ram_reg_6
  -------------------------------------------------------------------
                         required time                         -0.908    
                         arrival time                           0.927    
  -------------------------------------------------------------------
                         slack                                  0.019    

Slack (MET) :             0.019ns  (arrival time - required time)
  Source:                 u_core/u_l1i_cache/tag_wdata_reg[13]/C
                            (rising edge-triggered cell FDRE clocked by clk  {rise@0.000ns fall@6.250ns period=12.500ns})
  Destination:            u_core/u_l1i_cache/tag_ram_reg/DIADI[13]
                            (rising edge-triggered cell RAMB36E1 clocked by clk  {rise@0.000ns fall@6.250ns period=12.500ns})
  Path Group:             clk
  Path Type:              Hold (Min at Fast Process Corner)
  Requirement:            0.000ns  (clk rise@0.000ns - clk rise@0.000ns)
  Data Path Delay:        0.412ns  (logic 0.223ns (54.136%)  route 0.189ns (45.864%))
  Logic Levels:           0  
  Clock Path Skew:        0.027ns (DCD - SCD - CPR)
    Destination Clock Delay (DCD):    0.542ns
    Source Clock Delay      (SCD):    0.515ns
    Clock Pessimism Removal (CPR):    -0.000ns

    Location             Delay type                Incr(ns)  Path(ns)    Netlist Resource(s)
  -------------------------------------------------------------------    -------------------
                         (clock clk rise edge)        0.000     0.000 r  
                                                      0.000     0.000 r  aclk (IN)
                         net (fo=52865, unset)        0.515     0.515    u_core/u_l1i_cache/aclk
    SLICE_X102Y74        FDRE                                         r  u_core/u_l1i_cache/tag_wdata_reg[13]/C
  -------------------------------------------------------------------    -------------------
    SLICE_X102Y74        FDRE (Prop_fdre_C_Q)         0.223     0.738 r  u_core/u_l1i_cache/tag_wdata_reg[13]/Q
                         net (fo=1, routed)           0.189     0.927    u_core/u_l1i_cache/tag_wdata[13]
    RAMB36_X6Y14         RAMB36E1                                     r  u_core/u_l1i_cache/tag_ram_reg/DIADI[13]
  -------------------------------------------------------------------    -------------------

                         (clock clk rise edge)        0.000     0.000 r  
                                                      0.000     0.000 r  aclk (IN)
                         net (fo=52865, unset)        0.542     0.542    u_core/u_l1i_cache/aclk
    RAMB36_X6Y14         RAMB36E1                                     r  u_core/u_l1i_cache/tag_ram_reg/CLKBWRCLK
                         clock pessimism              0.000     0.542    
    RAMB36_X6Y14         RAMB36E1 (Hold_ramb36e1_CLKBWRCLK_DIADI[13])
                                                      0.366     0.908    u_core/u_l1i_cache/tag_ram_reg
  -------------------------------------------------------------------
                         required time                         -0.908    
                         arrival time                           0.927    
  -------------------------------------------------------------------
                         slack                                  0.019    

Slack (MET) :             0.029ns  (arrival time - required time)
  Source:                 u_core/u_rs/pload_we_ptr_reg_reg[1][0]/C
                            (rising edge-triggered cell FDRE clocked by clk  {rise@0.000ns fall@6.250ns period=12.500ns})
  Destination:            u_core/u_rs/gen_rs_banks[1].u_bank/mem_imm_data_reg_0_7_6_11/RAMA/WADR0
                            (rising edge-triggered cell RAMD32 clocked by clk  {rise@0.000ns fall@6.250ns period=12.500ns})
  Path Group:             clk
  Path Type:              Hold (Min at Fast Process Corner)
  Requirement:            0.000ns  (clk rise@0.000ns - clk rise@0.000ns)
  Data Path Delay:        0.527ns  (logic 0.193ns (36.605%)  route 0.334ns (63.395%))
  Logic Levels:           0  
  Clock Path Skew:        0.027ns (DCD - SCD - CPR)
    Destination Clock Delay (DCD):    0.542ns
    Source Clock Delay      (SCD):    0.515ns
    Clock Pessimism Removal (CPR):    -0.000ns

    Location             Delay type                Incr(ns)  Path(ns)    Netlist Resource(s)
  -------------------------------------------------------------------    -------------------
                         (clock clk rise edge)        0.000     0.000 r  
                                                      0.000     0.000 r  aclk (IN)
                         net (fo=52865, unset)        0.515     0.515    u_core/u_rs/aclk
    SLICE_X81Y101        FDRE                                         r  u_core/u_rs/pload_we_ptr_reg_reg[1][0]/C
  -------------------------------------------------------------------    -------------------
    SLICE_X81Y101        FDRE (Prop_fdre_C_Q)         0.193     0.708 r  u_core/u_rs/pload_we_ptr_reg_reg[1][0]/Q
                         net (fo=192, routed)         0.334     1.042    u_core/u_rs/gen_rs_banks[1].u_bank/mem_imm_data_reg_0_7_6_11/ADDRD0
    SLICE_X80Y101        RAMD32                                       r  u_core/u_rs/gen_rs_banks[1].u_bank/mem_imm_data_reg_0_7_6_11/RAMA/WADR0
  -------------------------------------------------------------------    -------------------

                         (clock clk rise edge)        0.000     0.000 r  
                                                      0.000     0.000 r  aclk (IN)
                         net (fo=52865, unset)        0.542     0.542    u_core/u_rs/gen_rs_banks[1].u_bank/mem_imm_data_reg_0_7_6_11/WCLK
    SLICE_X80Y101        RAMD32                                       r  u_core/u_rs/gen_rs_banks[1].u_bank/mem_imm_data_reg_0_7_6_11/RAMA/CLK
                         clock pessimism              0.000     0.542    
    SLICE_X80Y101        RAMD32 (Hold_ramd32_CLK_WADR0)
                                                      0.471     1.013    u_core/u_rs/gen_rs_banks[1].u_bank/mem_imm_data_reg_0_7_6_11/RAMA
  -------------------------------------------------------------------
                         required time                         -1.013    
                         arrival time                           1.042    
  -------------------------------------------------------------------
                         slack                                  0.029    

Slack (MET) :             0.029ns  (arrival time - required time)
  Source:                 u_core/u_rs/pload_we_ptr_reg_reg[1][0]/C
                            (rising edge-triggered cell FDRE clocked by clk  {rise@0.000ns fall@6.250ns period=12.500ns})
  Destination:            u_core/u_rs/gen_rs_banks[1].u_bank/mem_imm_data_reg_0_7_6_11/RAMA_D1/WADR0
                            (rising edge-triggered cell RAMD32 clocked by clk  {rise@0.000ns fall@6.250ns period=12.500ns})
  Path Group:             clk
  Path Type:              Hold (Min at Fast Process Corner)
  Requirement:            0.000ns  (clk rise@0.000ns - clk rise@0.000ns)
  Data Path Delay:        0.527ns  (logic 0.193ns (36.605%)  route 0.334ns (63.395%))
  Logic Levels:           0  
  Clock Path Skew:        0.027ns (DCD - SCD - CPR)
    Destination Clock Delay (DCD):    0.542ns
    Source Clock Delay      (SCD):    0.515ns
    Clock Pessimism Removal (CPR):    -0.000ns

    Location             Delay type                Incr(ns)  Path(ns)    Netlist Resource(s)
  -------------------------------------------------------------------    -------------------
                         (clock clk rise edge)        0.000     0.000 r  
                                                      0.000     0.000 r  aclk (IN)
                         net (fo=52865, unset)        0.515     0.515    u_core/u_rs/aclk
    SLICE_X81Y101        FDRE                                         r  u_core/u_rs/pload_we_ptr_reg_reg[1][0]/C
  -------------------------------------------------------------------    -------------------
    SLICE_X81Y101        FDRE (Prop_fdre_C_Q)         0.193     0.708 r  u_core/u_rs/pload_we_ptr_reg_reg[1][0]/Q
                         net (fo=192, routed)         0.334     1.042    u_core/u_rs/gen_rs_banks[1].u_bank/mem_imm_data_reg_0_7_6_11/ADDRD0
    SLICE_X80Y101        RAMD32                                       r  u_core/u_rs/gen_rs_banks[1].u_bank/mem_imm_data_reg_0_7_6_11/RAMA_D1/WADR0
  -------------------------------------------------------------------    -------------------

                         (clock clk rise edge)        0.000     0.000 r  
                                                      0.000     0.000 r  aclk (IN)
                         net (fo=52865, unset)        0.542     0.542    u_core/u_rs/gen_rs_banks[1].u_bank/mem_imm_data_reg_0_7_6_11/WCLK
    SLICE_X80Y101        RAMD32                                       r  u_core/u_rs/gen_rs_banks[1].u_bank/mem_imm_data_reg_0_7_6_11/RAMA_D1/CLK
                         clock pessimism              0.000     0.542    
    SLICE_X80Y101        RAMD32 (Hold_ramd32_CLK_WADR0)
                                                      0.471     1.013    u_core/u_rs/gen_rs_banks[1].u_bank/mem_imm_data_reg_0_7_6_11/RAMA_D1
  -------------------------------------------------------------------
                         required time                         -1.013    
                         arrival time                           1.042    
  -------------------------------------------------------------------
                         slack                                  0.029    

Slack (MET) :             0.029ns  (arrival time - required time)
  Source:                 u_core/u_rs/pload_we_ptr_reg_reg[1][0]/C
                            (rising edge-triggered cell FDRE clocked by clk  {rise@0.000ns fall@6.250ns period=12.500ns})
  Destination:            u_core/u_rs/gen_rs_banks[1].u_bank/mem_imm_data_reg_0_7_6_11/RAMB/WADR0
                            (rising edge-triggered cell RAMD32 clocked by clk  {rise@0.000ns fall@6.250ns period=12.500ns})
  Path Group:             clk
  Path Type:              Hold (Min at Fast Process Corner)
  Requirement:            0.000ns  (clk rise@0.000ns - clk rise@0.000ns)
  Data Path Delay:        0.527ns  (logic 0.193ns (36.605%)  route 0.334ns (63.395%))
  Logic Levels:           0  
  Clock Path Skew:        0.027ns (DCD - SCD - CPR)
    Destination Clock Delay (DCD):    0.542ns
    Source Clock Delay      (SCD):    0.515ns
    Clock Pessimism Removal (CPR):    -0.000ns

    Location             Delay type                Incr(ns)  Path(ns)    Netlist Resource(s)
  -------------------------------------------------------------------    -------------------
                         (clock clk rise edge)        0.000     0.000 r  
                                                      0.000     0.000 r  aclk (IN)
                         net (fo=52865, unset)        0.515     0.515    u_core/u_rs/aclk
    SLICE_X81Y101        FDRE                                         r  u_core/u_rs/pload_we_ptr_reg_reg[1][0]/C
  -------------------------------------------------------------------    -------------------
    SLICE_X81Y101        FDRE (Prop_fdre_C_Q)         0.193     0.708 r  u_core/u_rs/pload_we_ptr_reg_reg[1][0]/Q
                         net (fo=192, routed)         0.334     1.042    u_core/u_rs/gen_rs_banks[1].u_bank/mem_imm_data_reg_0_7_6_11/ADDRD0
    SLICE_X80Y101        RAMD32                                       r  u_core/u_rs/gen_rs_banks[1].u_bank/mem_imm_data_reg_0_7_6_11/RAMB/WADR0
  -------------------------------------------------------------------    -------------------

                         (clock clk rise edge)        0.000     0.000 r  
                                                      0.000     0.000 r  aclk (IN)
                         net (fo=52865, unset)        0.542     0.542    u_core/u_rs/gen_rs_banks[1].u_bank/mem_imm_data_reg_0_7_6_11/WCLK
    SLICE_X80Y101        RAMD32                                       r  u_core/u_rs/gen_rs_banks[1].u_bank/mem_imm_data_reg_0_7_6_11/RAMB/CLK
                         clock pessimism              0.000     0.542    
    SLICE_X80Y101        RAMD32 (Hold_ramd32_CLK_WADR0)
                                                      0.471     1.013    u_core/u_rs/gen_rs_banks[1].u_bank/mem_imm_data_reg_0_7_6_11/RAMB
  -------------------------------------------------------------------
                         required time                         -1.013    
                         arrival time                           1.042    
  -------------------------------------------------------------------
                         slack                                  0.029    

Slack (MET) :             0.029ns  (arrival time - required time)
  Source:                 u_core/u_rs/pload_we_ptr_reg_reg[1][0]/C
                            (rising edge-triggered cell FDRE clocked by clk  {rise@0.000ns fall@6.250ns period=12.500ns})
  Destination:            u_core/u_rs/gen_rs_banks[1].u_bank/mem_imm_data_reg_0_7_6_11/RAMB_D1/WADR0
                            (rising edge-triggered cell RAMD32 clocked by clk  {rise@0.000ns fall@6.250ns period=12.500ns})
  Path Group:             clk
  Path Type:              Hold (Min at Fast Process Corner)
  Requirement:            0.000ns  (clk rise@0.000ns - clk rise@0.000ns)
  Data Path Delay:        0.527ns  (logic 0.193ns (36.605%)  route 0.334ns (63.395%))
  Logic Levels:           0  
  Clock Path Skew:        0.027ns (DCD - SCD - CPR)
    Destination Clock Delay (DCD):    0.542ns
    Source Clock Delay      (SCD):    0.515ns
    Clock Pessimism Removal (CPR):    -0.000ns

    Location             Delay type                Incr(ns)  Path(ns)    Netlist Resource(s)
  -------------------------------------------------------------------    -------------------
                         (clock clk rise edge)        0.000     0.000 r  
                                                      0.000     0.000 r  aclk (IN)
                         net (fo=52865, unset)        0.515     0.515    u_core/u_rs/aclk
    SLICE_X81Y101        FDRE                                         r  u_core/u_rs/pload_we_ptr_reg_reg[1][0]/C
  -------------------------------------------------------------------    -------------------
    SLICE_X81Y101        FDRE (Prop_fdre_C_Q)         0.193     0.708 r  u_core/u_rs/pload_we_ptr_reg_reg[1][0]/Q
                         net (fo=192, routed)         0.334     1.042    u_core/u_rs/gen_rs_banks[1].u_bank/mem_imm_data_reg_0_7_6_11/ADDRD0
    SLICE_X80Y101        RAMD32                                       r  u_core/u_rs/gen_rs_banks[1].u_bank/mem_imm_data_reg_0_7_6_11/RAMB_D1/WADR0
  -------------------------------------------------------------------    -------------------

                         (clock clk rise edge)        0.000     0.000 r  
                                                      0.000     0.000 r  aclk (IN)
                         net (fo=52865, unset)        0.542     0.542    u_core/u_rs/gen_rs_banks[1].u_bank/mem_imm_data_reg_0_7_6_11/WCLK
    SLICE_X80Y101        RAMD32                                       r  u_core/u_rs/gen_rs_banks[1].u_bank/mem_imm_data_reg_0_7_6_11/RAMB_D1/CLK
                         clock pessimism              0.000     0.542    
    SLICE_X80Y101        RAMD32 (Hold_ramd32_CLK_WADR0)
                                                      0.471     1.013    u_core/u_rs/gen_rs_banks[1].u_bank/mem_imm_data_reg_0_7_6_11/RAMB_D1
  -------------------------------------------------------------------
                         required time                         -1.013    
                         arrival time                           1.042    
  -------------------------------------------------------------------
                         slack                                  0.029    

Slack (MET) :             0.029ns  (arrival time - required time)
  Source:                 u_core/u_rs/pload_we_ptr_reg_reg[1][0]/C
                            (rising edge-triggered cell FDRE clocked by clk  {rise@0.000ns fall@6.250ns period=12.500ns})
  Destination:            u_core/u_rs/gen_rs_banks[1].u_bank/mem_imm_data_reg_0_7_6_11/RAMC/WADR0
                            (rising edge-triggered cell RAMD32 clocked by clk  {rise@0.000ns fall@6.250ns period=12.500ns})
  Path Group:             clk
  Path Type:              Hold (Min at Fast Process Corner)
  Requirement:            0.000ns  (clk rise@0.000ns - clk rise@0.000ns)
  Data Path Delay:        0.527ns  (logic 0.193ns (36.605%)  route 0.334ns (63.395%))
  Logic Levels:           0  
  Clock Path Skew:        0.027ns (DCD - SCD - CPR)
    Destination Clock Delay (DCD):    0.542ns
    Source Clock Delay      (SCD):    0.515ns
    Clock Pessimism Removal (CPR):    -0.000ns

    Location             Delay type                Incr(ns)  Path(ns)    Netlist Resource(s)
  -------------------------------------------------------------------    -------------------
                         (clock clk rise edge)        0.000     0.000 r  
                                                      0.000     0.000 r  aclk (IN)
                         net (fo=52865, unset)        0.515     0.515    u_core/u_rs/aclk
    SLICE_X81Y101        FDRE                                         r  u_core/u_rs/pload_we_ptr_reg_reg[1][0]/C
  -------------------------------------------------------------------    -------------------
    SLICE_X81Y101        FDRE (Prop_fdre_C_Q)         0.193     0.708 r  u_core/u_rs/pload_we_ptr_reg_reg[1][0]/Q
                         net (fo=192, routed)         0.334     1.042    u_core/u_rs/gen_rs_banks[1].u_bank/mem_imm_data_reg_0_7_6_11/ADDRD0
    SLICE_X80Y101        RAMD32                                       r  u_core/u_rs/gen_rs_banks[1].u_bank/mem_imm_data_reg_0_7_6_11/RAMC/WADR0
  -------------------------------------------------------------------    -------------------

                         (clock clk rise edge)        0.000     0.000 r  
                                                      0.000     0.000 r  aclk (IN)
                         net (fo=52865, unset)        0.542     0.542    u_core/u_rs/gen_rs_banks[1].u_bank/mem_imm_data_reg_0_7_6_11/WCLK
    SLICE_X80Y101        RAMD32                                       r  u_core/u_rs/gen_rs_banks[1].u_bank/mem_imm_data_reg_0_7_6_11/RAMC/CLK
                         clock pessimism              0.000     0.542    
    SLICE_X80Y101        RAMD32 (Hold_ramd32_CLK_WADR0)
                                                      0.471     1.013    u_core/u_rs/gen_rs_banks[1].u_bank/mem_imm_data_reg_0_7_6_11/RAMC
  -------------------------------------------------------------------
                         required time                         -1.013    
                         arrival time                           1.042    
  -------------------------------------------------------------------
                         slack                                  0.029    

Slack (MET) :             0.029ns  (arrival time - required time)
  Source:                 u_core/u_rs/pload_we_ptr_reg_reg[1][0]/C
                            (rising edge-triggered cell FDRE clocked by clk  {rise@0.000ns fall@6.250ns period=12.500ns})
  Destination:            u_core/u_rs/gen_rs_banks[1].u_bank/mem_imm_data_reg_0_7_6_11/RAMC_D1/WADR0
                            (rising edge-triggered cell RAMD32 clocked by clk  {rise@0.000ns fall@6.250ns period=12.500ns})
  Path Group:             clk
  Path Type:              Hold (Min at Fast Process Corner)
  Requirement:            0.000ns  (clk rise@0.000ns - clk rise@0.000ns)
  Data Path Delay:        0.527ns  (logic 0.193ns (36.605%)  route 0.334ns (63.395%))
  Logic Levels:           0  
  Clock Path Skew:        0.027ns (DCD - SCD - CPR)
    Destination Clock Delay (DCD):    0.542ns
    Source Clock Delay      (SCD):    0.515ns
    Clock Pessimism Removal (CPR):    -0.000ns

    Location             Delay type                Incr(ns)  Path(ns)    Netlist Resource(s)
  -------------------------------------------------------------------    -------------------
                         (clock clk rise edge)        0.000     0.000 r  
                                                      0.000     0.000 r  aclk (IN)
                         net (fo=52865, unset)        0.515     0.515    u_core/u_rs/aclk
    SLICE_X81Y101        FDRE                                         r  u_core/u_rs/pload_we_ptr_reg_reg[1][0]/C
  -------------------------------------------------------------------    -------------------
    SLICE_X81Y101        FDRE (Prop_fdre_C_Q)         0.193     0.708 r  u_core/u_rs/pload_we_ptr_reg_reg[1][0]/Q
                         net (fo=192, routed)         0.334     1.042    u_core/u_rs/gen_rs_banks[1].u_bank/mem_imm_data_reg_0_7_6_11/ADDRD0
    SLICE_X80Y101        RAMD32                                       r  u_core/u_rs/gen_rs_banks[1].u_bank/mem_imm_data_reg_0_7_6_11/RAMC_D1/WADR0
  -------------------------------------------------------------------    -------------------

                         (clock clk rise edge)        0.000     0.000 r  
                                                      0.000     0.000 r  aclk (IN)
                         net (fo=52865, unset)        0.542     0.542    u_core/u_rs/gen_rs_banks[1].u_bank/mem_imm_data_reg_0_7_6_11/WCLK
    SLICE_X80Y101        RAMD32                                       r  u_core/u_rs/gen_rs_banks[1].u_bank/mem_imm_data_reg_0_7_6_11/RAMC_D1/CLK
                         clock pessimism              0.000     0.542    
    SLICE_X80Y101        RAMD32 (Hold_ramd32_CLK_WADR0)
                                                      0.471     1.013    u_core/u_rs/gen_rs_banks[1].u_bank/mem_imm_data_reg_0_7_6_11/RAMC_D1
  -------------------------------------------------------------------
                         required time                         -1.013    
                         arrival time                           1.042    
  -------------------------------------------------------------------
                         slack                                  0.029    

Slack (MET) :             0.029ns  (arrival time - required time)
  Source:                 u_core/u_rs/pload_we_ptr_reg_reg[1][0]/C
                            (rising edge-triggered cell FDRE clocked by clk  {rise@0.000ns fall@6.250ns period=12.500ns})
  Destination:            u_core/u_rs/gen_rs_banks[1].u_bank/mem_imm_data_reg_0_7_6_11/RAMD/ADR0
                            (rising edge-triggered cell RAMS32 clocked by clk  {rise@0.000ns fall@6.250ns period=12.500ns})
  Path Group:             clk
  Path Type:              Hold (Min at Fast Process Corner)
  Requirement:            0.000ns  (clk rise@0.000ns - clk rise@0.000ns)
  Data Path Delay:        0.527ns  (logic 0.193ns (36.605%)  route 0.334ns (63.395%))
  Logic Levels:           0  
  Clock Path Skew:        0.027ns (DCD - SCD - CPR)
    Destination Clock Delay (DCD):    0.542ns
    Source Clock Delay      (SCD):    0.515ns
    Clock Pessimism Removal (CPR):    -0.000ns

    Location             Delay type                Incr(ns)  Path(ns)    Netlist Resource(s)
  -------------------------------------------------------------------    -------------------
                         (clock clk rise edge)        0.000     0.000 r  
                                                      0.000     0.000 r  aclk (IN)
                         net (fo=52865, unset)        0.515     0.515    u_core/u_rs/aclk
    SLICE_X81Y101        FDRE                                         r  u_core/u_rs/pload_we_ptr_reg_reg[1][0]/C
  -------------------------------------------------------------------    -------------------
    SLICE_X81Y101        FDRE (Prop_fdre_C_Q)         0.193     0.708 r  u_core/u_rs/pload_we_ptr_reg_reg[1][0]/Q
                         net (fo=192, routed)         0.334     1.042    u_core/u_rs/gen_rs_banks[1].u_bank/mem_imm_data_reg_0_7_6_11/ADDRD0
    SLICE_X80Y101        RAMS32                                       r  u_core/u_rs/gen_rs_banks[1].u_bank/mem_imm_data_reg_0_7_6_11/RAMD/ADR0
  -------------------------------------------------------------------    -------------------

                         (clock clk rise edge)        0.000     0.000 r  
                                                      0.000     0.000 r  aclk (IN)
                         net (fo=52865, unset)        0.542     0.542    u_core/u_rs/gen_rs_banks[1].u_bank/mem_imm_data_reg_0_7_6_11/WCLK
    SLICE_X80Y101        RAMS32                                       r  u_core/u_rs/gen_rs_banks[1].u_bank/mem_imm_data_reg_0_7_6_11/RAMD/CLK
                         clock pessimism              0.000     0.542    
    SLICE_X80Y101        RAMS32 (Hold_rams32_CLK_ADR0)
                                                      0.471     1.013    u_core/u_rs/gen_rs_banks[1].u_bank/mem_imm_data_reg_0_7_6_11/RAMD
  -------------------------------------------------------------------
                         required time                         -1.013    
                         arrival time                           1.042    
  -------------------------------------------------------------------
                         slack                                  0.029    

Slack (MET) :             0.029ns  (arrival time - required time)
  Source:                 u_core/u_rs/pload_we_ptr_reg_reg[1][0]/C
                            (rising edge-triggered cell FDRE clocked by clk  {rise@0.000ns fall@6.250ns period=12.500ns})
  Destination:            u_core/u_rs/gen_rs_banks[1].u_bank/mem_imm_data_reg_0_7_6_11/RAMD_D1/ADR0
                            (rising edge-triggered cell RAMS32 clocked by clk  {rise@0.000ns fall@6.250ns period=12.500ns})
  Path Group:             clk
  Path Type:              Hold (Min at Fast Process Corner)
  Requirement:            0.000ns  (clk rise@0.000ns - clk rise@0.000ns)
  Data Path Delay:        0.527ns  (logic 0.193ns (36.605%)  route 0.334ns (63.395%))
  Logic Levels:           0  
  Clock Path Skew:        0.027ns (DCD - SCD - CPR)
    Destination Clock Delay (DCD):    0.542ns
    Source Clock Delay      (SCD):    0.515ns
    Clock Pessimism Removal (CPR):    -0.000ns

    Location             Delay type                Incr(ns)  Path(ns)    Netlist Resource(s)
  -------------------------------------------------------------------    -------------------
                         (clock clk rise edge)        0.000     0.000 r  
                                                      0.000     0.000 r  aclk (IN)
                         net (fo=52865, unset)        0.515     0.515    u_core/u_rs/aclk
    SLICE_X81Y101        FDRE                                         r  u_core/u_rs/pload_we_ptr_reg_reg[1][0]/C
  -------------------------------------------------------------------    -------------------
    SLICE_X81Y101        FDRE (Prop_fdre_C_Q)         0.193     0.708 r  u_core/u_rs/pload_we_ptr_reg_reg[1][0]/Q
                         net (fo=192, routed)         0.334     1.042    u_core/u_rs/gen_rs_banks[1].u_bank/mem_imm_data_reg_0_7_6_11/ADDRD0
    SLICE_X80Y101        RAMS32                                       r  u_core/u_rs/gen_rs_banks[1].u_bank/mem_imm_data_reg_0_7_6_11/RAMD_D1/ADR0
  -------------------------------------------------------------------    -------------------

                         (clock clk rise edge)        0.000     0.000 r  
                                                      0.000     0.000 r  aclk (IN)
                         net (fo=52865, unset)        0.542     0.542    u_core/u_rs/gen_rs_banks[1].u_bank/mem_imm_data_reg_0_7_6_11/WCLK
    SLICE_X80Y101        RAMS32                                       r  u_core/u_rs/gen_rs_banks[1].u_bank/mem_imm_data_reg_0_7_6_11/RAMD_D1/CLK
                         clock pessimism              0.000     0.542    
    SLICE_X80Y101        RAMS32 (Hold_rams32_CLK_ADR0)
                                                      0.471     1.013    u_core/u_rs/gen_rs_banks[1].u_bank/mem_imm_data_reg_0_7_6_11/RAMD_D1
  -------------------------------------------------------------------
                         required time                         -1.013    
                         arrival time                           1.042    
  -------------------------------------------------------------------
                         slack                                  0.029    





Pulse Width Checks
--------------------------------------------------------------------------------------
Clock Name:         clk
Waveform(ns):       { 0.000 6.250 }
Period(ns):         12.500
Sources:            { aclk }

Check Type        Corner  Lib Pin      Reference Pin  Required(ns)  Actual(ns)  Slack(ns)  Location        Pin
Min Period        n/a     DSP48E1/CLK  n/a            4.752         12.500      7.748      DSP48_X0Y4      u_core/u_tensor_bf16/row_gen[0].col_gen[0].u_pe/mac_temp0/CLK
Min Period        n/a     DSP48E1/CLK  n/a            4.752         12.500      7.748      DSP48_X2Y4      u_core/u_tensor_bf16/row_gen[0].col_gen[1].u_pe/mac_temp0/CLK
Min Period        n/a     DSP48E1/CLK  n/a            4.752         12.500      7.748      DSP48_X1Y17     u_core/u_tensor_bf16/row_gen[0].col_gen[2].u_pe/mac_temp0/CLK
Min Period        n/a     DSP48E1/CLK  n/a            4.752         12.500      7.748      DSP48_X2Y10     u_core/u_tensor_bf16/row_gen[0].col_gen[3].u_pe/mac_temp0/CLK
Min Period        n/a     DSP48E1/CLK  n/a            4.752         12.500      7.748      DSP48_X1Y7      u_core/u_tensor_bf16/row_gen[0].col_gen[4].u_pe/mac_temp0/CLK
Min Period        n/a     DSP48E1/CLK  n/a            4.752         12.500      7.748      DSP48_X2Y15     u_core/u_tensor_bf16/row_gen[0].col_gen[5].u_pe/mac_temp0/CLK
Min Period        n/a     DSP48E1/CLK  n/a            4.752         12.500      7.748      DSP48_X0Y18     u_core/u_tensor_bf16/row_gen[0].col_gen[6].u_pe/mac_temp0/CLK
Min Period        n/a     DSP48E1/CLK  n/a            4.752         12.500      7.748      DSP48_X0Y17     u_core/u_tensor_bf16/row_gen[0].col_gen[7].u_pe/mac_temp0/CLK
Min Period        n/a     DSP48E1/CLK  n/a            4.752         12.500      7.748      DSP48_X1Y11     u_core/u_tensor_bf16/row_gen[1].col_gen[0].u_pe/mac_temp0/CLK
Min Period        n/a     DSP48E1/CLK  n/a            4.752         12.500      7.748      DSP48_X2Y8      u_core/u_tensor_bf16/row_gen[1].col_gen[1].u_pe/mac_temp0/CLK
Low Pulse Width   Slow    RAMD32/CLK   n/a            1.604         6.250       4.646      SLICE_X108Y110  u_core/u_decoder/gen_diq_bank[0].u_bank/mem_dest_reg_reg_0_7_0_5/RAMA/CLK
Low Pulse Width   Fast    RAMD32/CLK   n/a            1.604         6.250       4.646      SLICE_X108Y110  u_core/u_decoder/gen_diq_bank[0].u_bank/mem_dest_reg_reg_0_7_0_5/RAMA/CLK
Low Pulse Width   Slow    RAMD32/CLK   n/a            1.604         6.250       4.646      SLICE_X108Y110  u_core/u_decoder/gen_diq_bank[0].u_bank/mem_dest_reg_reg_0_7_0_5/RAMA_D1/CLK
Low Pulse Width   Fast    RAMD32/CLK   n/a            1.604         6.250       4.646      SLICE_X108Y110  u_core/u_decoder/gen_diq_bank[0].u_bank/mem_dest_reg_reg_0_7_0_5/RAMA_D1/CLK
Low Pulse Width   Slow    RAMD32/CLK   n/a            1.604         6.250       4.646      SLICE_X108Y110  u_core/u_decoder/gen_diq_bank[0].u_bank/mem_dest_reg_reg_0_7_0_5/RAMB/CLK
Low Pulse Width   Fast    RAMD32/CLK   n/a            1.604         6.250       4.646      SLICE_X108Y110  u_core/u_decoder/gen_diq_bank[0].u_bank/mem_dest_reg_reg_0_7_0_5/RAMB/CLK
Low Pulse Width   Slow    RAMD32/CLK   n/a            1.604         6.250       4.646      SLICE_X108Y110  u_core/u_decoder/gen_diq_bank[0].u_bank/mem_dest_reg_reg_0_7_0_5/RAMB_D1/CLK
Low Pulse Width   Fast    RAMD32/CLK   n/a            1.604         6.250       4.646      SLICE_X108Y110  u_core/u_decoder/gen_diq_bank[0].u_bank/mem_dest_reg_reg_0_7_0_5/RAMB_D1/CLK
Low Pulse Width   Slow    RAMD32/CLK   n/a            1.604         6.250       4.646      SLICE_X108Y110  u_core/u_decoder/gen_diq_bank[0].u_bank/mem_dest_reg_reg_0_7_0_5/RAMC/CLK
Low Pulse Width   Fast    RAMD32/CLK   n/a            1.604         6.250       4.646      SLICE_X108Y110  u_core/u_decoder/gen_diq_bank[0].u_bank/mem_dest_reg_reg_0_7_0_5/RAMC/CLK
High Pulse Width  Slow    RAMD32/CLK   n/a            1.604         6.250       4.646      SLICE_X108Y110  u_core/u_decoder/gen_diq_bank[0].u_bank/mem_dest_reg_reg_0_7_0_5/RAMA/CLK
High Pulse Width  Fast    RAMD32/CLK   n/a            1.604         6.250       4.646      SLICE_X108Y110  u_core/u_decoder/gen_diq_bank[0].u_bank/mem_dest_reg_reg_0_7_0_5/RAMA/CLK
High Pulse Width  Slow    RAMD32/CLK   n/a            1.604         6.250       4.646      SLICE_X108Y110  u_core/u_decoder/gen_diq_bank[0].u_bank/mem_dest_reg_reg_0_7_0_5/RAMA_D1/CLK
High Pulse Width  Fast    RAMD32/CLK   n/a            1.604         6.250       4.646      SLICE_X108Y110  u_core/u_decoder/gen_diq_bank[0].u_bank/mem_dest_reg_reg_0_7_0_5/RAMA_D1/CLK
High Pulse Width  Slow    RAMD32/CLK   n/a            1.604         6.250       4.646      SLICE_X108Y110  u_core/u_decoder/gen_diq_bank[0].u_bank/mem_dest_reg_reg_0_7_0_5/RAMB/CLK
High Pulse Width  Fast    RAMD32/CLK   n/a            1.604         6.250       4.646      SLICE_X108Y110  u_core/u_decoder/gen_diq_bank[0].u_bank/mem_dest_reg_reg_0_7_0_5/RAMB/CLK
High Pulse Width  Slow    RAMD32/CLK   n/a            1.604         6.250       4.646      SLICE_X108Y110  u_core/u_decoder/gen_diq_bank[0].u_bank/mem_dest_reg_reg_0_7_0_5/RAMB_D1/CLK
High Pulse Width  Fast    RAMD32/CLK   n/a            1.604         6.250       4.646      SLICE_X108Y110  u_core/u_decoder/gen_diq_bank[0].u_bank/mem_dest_reg_reg_0_7_0_5/RAMB_D1/CLK
High Pulse Width  Slow    RAMD32/CLK   n/a            1.604         6.250       4.646      SLICE_X108Y110  u_core/u_decoder/gen_diq_bank[0].u_bank/mem_dest_reg_reg_0_7_0_5/RAMC/CLK
High Pulse Width  Fast    RAMD32/CLK   n/a            1.604         6.250       4.646      SLICE_X108Y110  u_core/u_decoder/gen_diq_bank[0].u_bank/mem_dest_reg_reg_0_7_0_5/RAMC/CLK



---------------------------------------------------------------------------------------------------
Path Group:  **async_default**
From Clock:  clk
  To Clock:  clk

Setup :            0  Failing Endpoints,  Worst Slack        1.341ns,  Total Violation        0.000ns
Hold  :            0  Failing Endpoints,  Worst Slack        1.591ns,  Total Violation        0.000ns
---------------------------------------------------------------------------------------------------


Max Delay Paths
--------------------------------------------------------------------------------------
Slack (MET) :             1.341ns  (required time - arrival time)
  Source:                 rst_sync_2_reg_rep__0/C
                            (rising edge-triggered cell FDCE clocked by clk  {rise@0.000ns fall@6.250ns period=12.500ns})
  Destination:            u_core/u_tensor_engine/weight_buf_reg[4][74]/CLR
                            (recovery check against rising-edge clock clk  {rise@0.000ns fall@6.250ns period=12.500ns})
  Path Group:             **async_default**
  Path Type:              Recovery (Max at Slow Process Corner)
  Requirement:            12.500ns  (clk rise@12.500ns - clk rise@0.000ns)
  Data Path Delay:        10.594ns  (logic 0.684ns (6.457%)  route 9.910ns (93.543%))
  Logic Levels:           1  (LUT1=1)
  Clock Path Skew:        -0.052ns (DCD - SCD + CPR)
    Destination Clock Delay (DCD):    0.986ns = ( 13.486 - 12.500 ) 
    Source Clock Delay      (SCD):    1.038ns
    Clock Pessimism Removal (CPR):    0.000ns
  Clock Uncertainty:      0.035ns  ((TSJ^2 + TIJ^2)^1/2 + DJ) / 2 + PE
    Total System Jitter     (TSJ):    0.071ns
    Total Input Jitter      (TIJ):    0.000ns
    Discrete Jitter          (DJ):    0.000ns
    Phase Error              (PE):    0.000ns

    Location             Delay type                Incr(ns)  Path(ns)    Netlist Resource(s)
  -------------------------------------------------------------------    -------------------
                         (clock clk rise edge)        0.000     0.000 r  
                                                      0.000     0.000 r  aclk (IN)
                         net (fo=52865, unset)        1.038     1.038    aclk
    SLICE_X61Y83         FDCE                                         r  rst_sync_2_reg_rep__0/C
  -------------------------------------------------------------------    -------------------
    SLICE_X61Y83         FDCE (Prop_fdce_C_Q)         0.536     1.574 r  rst_sync_2_reg_rep__0/Q
                         net (fo=102, routed)         1.725     3.299    u_core/u_lsq/load_addr_q_reg[0]_0
    SLICE_X79Y98         LUT1 (Prop_lut1_I0_O)        0.148     3.447 f  u_core/u_lsq/noc_tx_data[63]_i_1/O
                         net (fo=16650, routed)       8.184    11.632    u_core/u_tensor_engine/RSTM
    SLICE_X19Y18         FDCE                                         f  u_core/u_tensor_engine/weight_buf_reg[4][74]/CLR
  -------------------------------------------------------------------    -------------------

                         (clock clk rise edge)       12.500    12.500 r  
                                                      0.000    12.500 r  aclk (IN)
                         net (fo=52865, unset)        0.986    13.486    u_core/u_tensor_engine/aclk
    SLICE_X19Y18         FDCE                                         r  u_core/u_tensor_engine/weight_buf_reg[4][74]/C
                         clock pessimism              0.000    13.486    
                         clock uncertainty           -0.035    13.451    
    SLICE_X19Y18         FDCE (Recov_fdce_C_CLR)     -0.478    12.973    u_core/u_tensor_engine/weight_buf_reg[4][74]
  -------------------------------------------------------------------
                         required time                         12.973    
                         arrival time                         -11.632    
  -------------------------------------------------------------------
                         slack                                  1.341    

Slack (MET) :             1.341ns  (required time - arrival time)
  Source:                 rst_sync_2_reg_rep__0/C
                            (rising edge-triggered cell FDCE clocked by clk  {rise@0.000ns fall@6.250ns period=12.500ns})
  Destination:            u_core/u_tensor_engine/weight_buf_reg[5][74]/CLR
                            (recovery check against rising-edge clock clk  {rise@0.000ns fall@6.250ns period=12.500ns})
  Path Group:             **async_default**
  Path Type:              Recovery (Max at Slow Process Corner)
  Requirement:            12.500ns  (clk rise@12.500ns - clk rise@0.000ns)
  Data Path Delay:        10.594ns  (logic 0.684ns (6.457%)  route 9.910ns (93.543%))
  Logic Levels:           1  (LUT1=1)
  Clock Path Skew:        -0.052ns (DCD - SCD + CPR)
    Destination Clock Delay (DCD):    0.986ns = ( 13.486 - 12.500 ) 
    Source Clock Delay      (SCD):    1.038ns
    Clock Pessimism Removal (CPR):    0.000ns
  Clock Uncertainty:      0.035ns  ((TSJ^2 + TIJ^2)^1/2 + DJ) / 2 + PE
    Total System Jitter     (TSJ):    0.071ns
    Total Input Jitter      (TIJ):    0.000ns
    Discrete Jitter          (DJ):    0.000ns
    Phase Error              (PE):    0.000ns

    Location             Delay type                Incr(ns)  Path(ns)    Netlist Resource(s)
  -------------------------------------------------------------------    -------------------
                         (clock clk rise edge)        0.000     0.000 r  
                                                      0.000     0.000 r  aclk (IN)
                         net (fo=52865, unset)        1.038     1.038    aclk
    SLICE_X61Y83         FDCE                                         r  rst_sync_2_reg_rep__0/C
  -------------------------------------------------------------------    -------------------
    SLICE_X61Y83         FDCE (Prop_fdce_C_Q)         0.536     1.574 r  rst_sync_2_reg_rep__0/Q
                         net (fo=102, routed)         1.725     3.299    u_core/u_lsq/load_addr_q_reg[0]_0
    SLICE_X79Y98         LUT1 (Prop_lut1_I0_O)        0.148     3.447 f  u_core/u_lsq/noc_tx_data[63]_i_1/O
                         net (fo=16650, routed)       8.184    11.632    u_core/u_tensor_engine/RSTM
    SLICE_X19Y18         FDCE                                         f  u_core/u_tensor_engine/weight_buf_reg[5][74]/CLR
  -------------------------------------------------------------------    -------------------

                         (clock clk rise edge)       12.500    12.500 r  
                                                      0.000    12.500 r  aclk (IN)
                         net (fo=52865, unset)        0.986    13.486    u_core/u_tensor_engine/aclk
    SLICE_X19Y18         FDCE                                         r  u_core/u_tensor_engine/weight_buf_reg[5][74]/C
                         clock pessimism              0.000    13.486    
                         clock uncertainty           -0.035    13.451    
    SLICE_X19Y18         FDCE (Recov_fdce_C_CLR)     -0.478    12.973    u_core/u_tensor_engine/weight_buf_reg[5][74]
  -------------------------------------------------------------------
                         required time                         12.973    
                         arrival time                         -11.632    
  -------------------------------------------------------------------
                         slack                                  1.341    

Slack (MET) :             1.341ns  (required time - arrival time)
  Source:                 rst_sync_2_reg_rep__0/C
                            (rising edge-triggered cell FDCE clocked by clk  {rise@0.000ns fall@6.250ns period=12.500ns})
  Destination:            u_core/u_tensor_engine/weight_buf_reg[6][74]/CLR
                            (recovery check against rising-edge clock clk  {rise@0.000ns fall@6.250ns period=12.500ns})
  Path Group:             **async_default**
  Path Type:              Recovery (Max at Slow Process Corner)
  Requirement:            12.500ns  (clk rise@12.500ns - clk rise@0.000ns)
  Data Path Delay:        10.594ns  (logic 0.684ns (6.457%)  route 9.910ns (93.543%))
  Logic Levels:           1  (LUT1=1)
  Clock Path Skew:        -0.052ns (DCD - SCD + CPR)
    Destination Clock Delay (DCD):    0.986ns = ( 13.486 - 12.500 ) 
    Source Clock Delay      (SCD):    1.038ns
    Clock Pessimism Removal (CPR):    0.000ns
  Clock Uncertainty:      0.035ns  ((TSJ^2 + TIJ^2)^1/2 + DJ) / 2 + PE
    Total System Jitter     (TSJ):    0.071ns
    Total Input Jitter      (TIJ):    0.000ns
    Discrete Jitter          (DJ):    0.000ns
    Phase Error              (PE):    0.000ns

    Location             Delay type                Incr(ns)  Path(ns)    Netlist Resource(s)
  -------------------------------------------------------------------    -------------------
                         (clock clk rise edge)        0.000     0.000 r  
                                                      0.000     0.000 r  aclk (IN)
                         net (fo=52865, unset)        1.038     1.038    aclk
    SLICE_X61Y83         FDCE                                         r  rst_sync_2_reg_rep__0/C
  -------------------------------------------------------------------    -------------------
    SLICE_X61Y83         FDCE (Prop_fdce_C_Q)         0.536     1.574 r  rst_sync_2_reg_rep__0/Q
                         net (fo=102, routed)         1.725     3.299    u_core/u_lsq/load_addr_q_reg[0]_0
    SLICE_X79Y98         LUT1 (Prop_lut1_I0_O)        0.148     3.447 f  u_core/u_lsq/noc_tx_data[63]_i_1/O
                         net (fo=16650, routed)       8.184    11.632    u_core/u_tensor_engine/RSTM
    SLICE_X19Y18         FDCE                                         f  u_core/u_tensor_engine/weight_buf_reg[6][74]/CLR
  -------------------------------------------------------------------    -------------------

                         (clock clk rise edge)       12.500    12.500 r  
                                                      0.000    12.500 r  aclk (IN)
                         net (fo=52865, unset)        0.986    13.486    u_core/u_tensor_engine/aclk
    SLICE_X19Y18         FDCE                                         r  u_core/u_tensor_engine/weight_buf_reg[6][74]/C
                         clock pessimism              0.000    13.486    
                         clock uncertainty           -0.035    13.451    
    SLICE_X19Y18         FDCE (Recov_fdce_C_CLR)     -0.478    12.973    u_core/u_tensor_engine/weight_buf_reg[6][74]
  -------------------------------------------------------------------
                         required time                         12.973    
                         arrival time                         -11.632    
  -------------------------------------------------------------------
                         slack                                  1.341    

Slack (MET) :             1.341ns  (required time - arrival time)
  Source:                 rst_sync_2_reg_rep__0/C
                            (rising edge-triggered cell FDCE clocked by clk  {rise@0.000ns fall@6.250ns period=12.500ns})
  Destination:            u_core/u_tensor_engine/weight_buf_reg[7][74]/CLR
                            (recovery check against rising-edge clock clk  {rise@0.000ns fall@6.250ns period=12.500ns})
  Path Group:             **async_default**
  Path Type:              Recovery (Max at Slow Process Corner)
  Requirement:            12.500ns  (clk rise@12.500ns - clk rise@0.000ns)
  Data Path Delay:        10.594ns  (logic 0.684ns (6.457%)  route 9.910ns (93.543%))
  Logic Levels:           1  (LUT1=1)
  Clock Path Skew:        -0.052ns (DCD - SCD + CPR)
    Destination Clock Delay (DCD):    0.986ns = ( 13.486 - 12.500 ) 
    Source Clock Delay      (SCD):    1.038ns
    Clock Pessimism Removal (CPR):    0.000ns
  Clock Uncertainty:      0.035ns  ((TSJ^2 + TIJ^2)^1/2 + DJ) / 2 + PE
    Total System Jitter     (TSJ):    0.071ns
    Total Input Jitter      (TIJ):    0.000ns
    Discrete Jitter          (DJ):    0.000ns
    Phase Error              (PE):    0.000ns

    Location             Delay type                Incr(ns)  Path(ns)    Netlist Resource(s)
  -------------------------------------------------------------------    -------------------
                         (clock clk rise edge)        0.000     0.000 r  
                                                      0.000     0.000 r  aclk (IN)
                         net (fo=52865, unset)        1.038     1.038    aclk
    SLICE_X61Y83         FDCE                                         r  rst_sync_2_reg_rep__0/C
  -------------------------------------------------------------------    -------------------
    SLICE_X61Y83         FDCE (Prop_fdce_C_Q)         0.536     1.574 r  rst_sync_2_reg_rep__0/Q
                         net (fo=102, routed)         1.725     3.299    u_core/u_lsq/load_addr_q_reg[0]_0
    SLICE_X79Y98         LUT1 (Prop_lut1_I0_O)        0.148     3.447 f  u_core/u_lsq/noc_tx_data[63]_i_1/O
                         net (fo=16650, routed)       8.184    11.632    u_core/u_tensor_engine/RSTM
    SLICE_X19Y18         FDCE                                         f  u_core/u_tensor_engine/weight_buf_reg[7][74]/CLR
  -------------------------------------------------------------------    -------------------

                         (clock clk rise edge)       12.500    12.500 r  
                                                      0.000    12.500 r  aclk (IN)
                         net (fo=52865, unset)        0.986    13.486    u_core/u_tensor_engine/aclk
    SLICE_X19Y18         FDCE                                         r  u_core/u_tensor_engine/weight_buf_reg[7][74]/C
                         clock pessimism              0.000    13.486    
                         clock uncertainty           -0.035    13.451    
    SLICE_X19Y18         FDCE (Recov_fdce_C_CLR)     -0.478    12.973    u_core/u_tensor_engine/weight_buf_reg[7][74]
  -------------------------------------------------------------------
                         required time                         12.973    
                         arrival time                         -11.632    
  -------------------------------------------------------------------
                         slack                                  1.341    

Slack (MET) :             1.428ns  (required time - arrival time)
  Source:                 rst_sync_2_reg_rep__0/C
                            (rising edge-triggered cell FDCE clocked by clk  {rise@0.000ns fall@6.250ns period=12.500ns})
  Destination:            u_core/u_tensor_engine/weight_buf_reg[4][39]/CLR
                            (recovery check against rising-edge clock clk  {rise@0.000ns fall@6.250ns period=12.500ns})
  Path Group:             **async_default**
  Path Type:              Recovery (Max at Slow Process Corner)
  Requirement:            12.500ns  (clk rise@12.500ns - clk rise@0.000ns)
  Data Path Delay:        10.507ns  (logic 0.684ns (6.510%)  route 9.823ns (93.490%))
  Logic Levels:           1  (LUT1=1)
  Clock Path Skew:        -0.052ns (DCD - SCD + CPR)
    Destination Clock Delay (DCD):    0.986ns = ( 13.486 - 12.500 ) 
    Source Clock Delay      (SCD):    1.038ns
    Clock Pessimism Removal (CPR):    0.000ns
  Clock Uncertainty:      0.035ns  ((TSJ^2 + TIJ^2)^1/2 + DJ) / 2 + PE
    Total System Jitter     (TSJ):    0.071ns
    Total Input Jitter      (TIJ):    0.000ns
    Discrete Jitter          (DJ):    0.000ns
    Phase Error              (PE):    0.000ns

    Location             Delay type                Incr(ns)  Path(ns)    Netlist Resource(s)
  -------------------------------------------------------------------    -------------------
                         (clock clk rise edge)        0.000     0.000 r  
                                                      0.000     0.000 r  aclk (IN)
                         net (fo=52865, unset)        1.038     1.038    aclk
    SLICE_X61Y83         FDCE                                         r  rst_sync_2_reg_rep__0/C
  -------------------------------------------------------------------    -------------------
    SLICE_X61Y83         FDCE (Prop_fdce_C_Q)         0.536     1.574 r  rst_sync_2_reg_rep__0/Q
                         net (fo=102, routed)         1.725     3.299    u_core/u_lsq/load_addr_q_reg[0]_0
    SLICE_X79Y98         LUT1 (Prop_lut1_I0_O)        0.148     3.447 f  u_core/u_lsq/noc_tx_data[63]_i_1/O
                         net (fo=16650, routed)       8.098    11.545    u_core/u_tensor_engine/RSTM
    SLICE_X15Y23         FDCE                                         f  u_core/u_tensor_engine/weight_buf_reg[4][39]/CLR
  -------------------------------------------------------------------    -------------------

                         (clock clk rise edge)       12.500    12.500 r  
                                                      0.000    12.500 r  aclk (IN)
                         net (fo=52865, unset)        0.986    13.486    u_core/u_tensor_engine/aclk
    SLICE_X15Y23         FDCE                                         r  u_core/u_tensor_engine/weight_buf_reg[4][39]/C
                         clock pessimism              0.000    13.486    
                         clock uncertainty           -0.035    13.451    
    SLICE_X15Y23         FDCE (Recov_fdce_C_CLR)     -0.478    12.973    u_core/u_tensor_engine/weight_buf_reg[4][39]
  -------------------------------------------------------------------
                         required time                         12.973    
                         arrival time                         -11.545    
  -------------------------------------------------------------------
                         slack                                  1.428    

Slack (MET) :             1.428ns  (required time - arrival time)
  Source:                 rst_sync_2_reg_rep__0/C
                            (rising edge-triggered cell FDCE clocked by clk  {rise@0.000ns fall@6.250ns period=12.500ns})
  Destination:            u_core/u_tensor_engine/weight_buf_reg[5][100]/CLR
                            (recovery check against rising-edge clock clk  {rise@0.000ns fall@6.250ns period=12.500ns})
  Path Group:             **async_default**
  Path Type:              Recovery (Max at Slow Process Corner)
  Requirement:            12.500ns  (clk rise@12.500ns - clk rise@0.000ns)
  Data Path Delay:        10.507ns  (logic 0.684ns (6.510%)  route 9.823ns (93.490%))
  Logic Levels:           1  (LUT1=1)
  Clock Path Skew:        -0.052ns (DCD - SCD + CPR)
    Destination Clock Delay (DCD):    0.986ns = ( 13.486 - 12.500 ) 
    Source Clock Delay      (SCD):    1.038ns
    Clock Pessimism Removal (CPR):    0.000ns
  Clock Uncertainty:      0.035ns  ((TSJ^2 + TIJ^2)^1/2 + DJ) / 2 + PE
    Total System Jitter     (TSJ):    0.071ns
    Total Input Jitter      (TIJ):    0.000ns
    Discrete Jitter          (DJ):    0.000ns
    Phase Error              (PE):    0.000ns

    Location             Delay type                Incr(ns)  Path(ns)    Netlist Resource(s)
  -------------------------------------------------------------------    -------------------
                         (clock clk rise edge)        0.000     0.000 r  
                                                      0.000     0.000 r  aclk (IN)
                         net (fo=52865, unset)        1.038     1.038    aclk
    SLICE_X61Y83         FDCE                                         r  rst_sync_2_reg_rep__0/C
  -------------------------------------------------------------------    -------------------
    SLICE_X61Y83         FDCE (Prop_fdce_C_Q)         0.536     1.574 r  rst_sync_2_reg_rep__0/Q
                         net (fo=102, routed)         1.725     3.299    u_core/u_lsq/load_addr_q_reg[0]_0
    SLICE_X79Y98         LUT1 (Prop_lut1_I0_O)        0.148     3.447 f  u_core/u_lsq/noc_tx_data[63]_i_1/O
                         net (fo=16650, routed)       8.098    11.545    u_core/u_tensor_engine/RSTM
    SLICE_X15Y23         FDCE                                         f  u_core/u_tensor_engine/weight_buf_reg[5][100]/CLR
  -------------------------------------------------------------------    -------------------

                         (clock clk rise edge)       12.500    12.500 r  
                                                      0.000    12.500 r  aclk (IN)
                         net (fo=52865, unset)        0.986    13.486    u_core/u_tensor_engine/aclk
    SLICE_X15Y23         FDCE                                         r  u_core/u_tensor_engine/weight_buf_reg[5][100]/C
                         clock pessimism              0.000    13.486    
                         clock uncertainty           -0.035    13.451    
    SLICE_X15Y23         FDCE (Recov_fdce_C_CLR)     -0.478    12.973    u_core/u_tensor_engine/weight_buf_reg[5][100]
  -------------------------------------------------------------------
                         required time                         12.973    
                         arrival time                         -11.545    
  -------------------------------------------------------------------
                         slack                                  1.428    

Slack (MET) :             1.428ns  (required time - arrival time)
  Source:                 rst_sync_2_reg_rep__0/C
                            (rising edge-triggered cell FDCE clocked by clk  {rise@0.000ns fall@6.250ns period=12.500ns})
  Destination:            u_core/u_tensor_engine/weight_buf_reg[5][39]/CLR
                            (recovery check against rising-edge clock clk  {rise@0.000ns fall@6.250ns period=12.500ns})
  Path Group:             **async_default**
  Path Type:              Recovery (Max at Slow Process Corner)
  Requirement:            12.500ns  (clk rise@12.500ns - clk rise@0.000ns)
  Data Path Delay:        10.507ns  (logic 0.684ns (6.510%)  route 9.823ns (93.490%))
  Logic Levels:           1  (LUT1=1)
  Clock Path Skew:        -0.052ns (DCD - SCD + CPR)
    Destination Clock Delay (DCD):    0.986ns = ( 13.486 - 12.500 ) 
    Source Clock Delay      (SCD):    1.038ns
    Clock Pessimism Removal (CPR):    0.000ns
  Clock Uncertainty:      0.035ns  ((TSJ^2 + TIJ^2)^1/2 + DJ) / 2 + PE
    Total System Jitter     (TSJ):    0.071ns
    Total Input Jitter      (TIJ):    0.000ns
    Discrete Jitter          (DJ):    0.000ns
    Phase Error              (PE):    0.000ns

    Location             Delay type                Incr(ns)  Path(ns)    Netlist Resource(s)
  -------------------------------------------------------------------    -------------------
                         (clock clk rise edge)        0.000     0.000 r  
                                                      0.000     0.000 r  aclk (IN)
                         net (fo=52865, unset)        1.038     1.038    aclk
    SLICE_X61Y83         FDCE                                         r  rst_sync_2_reg_rep__0/C
  -------------------------------------------------------------------    -------------------
    SLICE_X61Y83         FDCE (Prop_fdce_C_Q)         0.536     1.574 r  rst_sync_2_reg_rep__0/Q
                         net (fo=102, routed)         1.725     3.299    u_core/u_lsq/load_addr_q_reg[0]_0
    SLICE_X79Y98         LUT1 (Prop_lut1_I0_O)        0.148     3.447 f  u_core/u_lsq/noc_tx_data[63]_i_1/O
                         net (fo=16650, routed)       8.098    11.545    u_core/u_tensor_engine/RSTM
    SLICE_X15Y23         FDCE                                         f  u_core/u_tensor_engine/weight_buf_reg[5][39]/CLR
  -------------------------------------------------------------------    -------------------

                         (clock clk rise edge)       12.500    12.500 r  
                                                      0.000    12.500 r  aclk (IN)
                         net (fo=52865, unset)        0.986    13.486    u_core/u_tensor_engine/aclk
    SLICE_X15Y23         FDCE                                         r  u_core/u_tensor_engine/weight_buf_reg[5][39]/C
                         clock pessimism              0.000    13.486    
                         clock uncertainty           -0.035    13.451    
    SLICE_X15Y23         FDCE (Recov_fdce_C_CLR)     -0.478    12.973    u_core/u_tensor_engine/weight_buf_reg[5][39]
  -------------------------------------------------------------------
                         required time                         12.973    
                         arrival time                         -11.545    
  -------------------------------------------------------------------
                         slack                                  1.428    

Slack (MET) :             1.428ns  (required time - arrival time)
  Source:                 rst_sync_2_reg_rep__0/C
                            (rising edge-triggered cell FDCE clocked by clk  {rise@0.000ns fall@6.250ns period=12.500ns})
  Destination:            u_core/u_tensor_engine/weight_buf_reg[5][68]/CLR
                            (recovery check against rising-edge clock clk  {rise@0.000ns fall@6.250ns period=12.500ns})
  Path Group:             **async_default**
  Path Type:              Recovery (Max at Slow Process Corner)
  Requirement:            12.500ns  (clk rise@12.500ns - clk rise@0.000ns)
  Data Path Delay:        10.507ns  (logic 0.684ns (6.510%)  route 9.823ns (93.490%))
  Logic Levels:           1  (LUT1=1)
  Clock Path Skew:        -0.052ns (DCD - SCD + CPR)
    Destination Clock Delay (DCD):    0.986ns = ( 13.486 - 12.500 ) 
    Source Clock Delay      (SCD):    1.038ns
    Clock Pessimism Removal (CPR):    0.000ns
  Clock Uncertainty:      0.035ns  ((TSJ^2 + TIJ^2)^1/2 + DJ) / 2 + PE
    Total System Jitter     (TSJ):    0.071ns
    Total Input Jitter      (TIJ):    0.000ns
    Discrete Jitter          (DJ):    0.000ns
    Phase Error              (PE):    0.000ns

    Location             Delay type                Incr(ns)  Path(ns)    Netlist Resource(s)
  -------------------------------------------------------------------    -------------------
                         (clock clk rise edge)        0.000     0.000 r  
                                                      0.000     0.000 r  aclk (IN)
                         net (fo=52865, unset)        1.038     1.038    aclk
    SLICE_X61Y83         FDCE                                         r  rst_sync_2_reg_rep__0/C
  -------------------------------------------------------------------    -------------------
    SLICE_X61Y83         FDCE (Prop_fdce_C_Q)         0.536     1.574 r  rst_sync_2_reg_rep__0/Q
                         net (fo=102, routed)         1.725     3.299    u_core/u_lsq/load_addr_q_reg[0]_0
    SLICE_X79Y98         LUT1 (Prop_lut1_I0_O)        0.148     3.447 f  u_core/u_lsq/noc_tx_data[63]_i_1/O
                         net (fo=16650, routed)       8.098    11.545    u_core/u_tensor_engine/RSTM
    SLICE_X15Y23         FDCE                                         f  u_core/u_tensor_engine/weight_buf_reg[5][68]/CLR
  -------------------------------------------------------------------    -------------------

                         (clock clk rise edge)       12.500    12.500 r  
                                                      0.000    12.500 r  aclk (IN)
                         net (fo=52865, unset)        0.986    13.486    u_core/u_tensor_engine/aclk
    SLICE_X15Y23         FDCE                                         r  u_core/u_tensor_engine/weight_buf_reg[5][68]/C
                         clock pessimism              0.000    13.486    
                         clock uncertainty           -0.035    13.451    
    SLICE_X15Y23         FDCE (Recov_fdce_C_CLR)     -0.478    12.973    u_core/u_tensor_engine/weight_buf_reg[5][68]
  -------------------------------------------------------------------
                         required time                         12.973    
                         arrival time                         -11.545    
  -------------------------------------------------------------------
                         slack                                  1.428    

Slack (MET) :             1.446ns  (required time - arrival time)
  Source:                 rst_sync_2_reg_rep__0/C
                            (rising edge-triggered cell FDCE clocked by clk  {rise@0.000ns fall@6.250ns period=12.500ns})
  Destination:            u_core/u_tensor_bf16/b_in_reg_reg[4][10]/CLR
                            (recovery check against rising-edge clock clk  {rise@0.000ns fall@6.250ns period=12.500ns})
  Path Group:             **async_default**
  Path Type:              Recovery (Max at Slow Process Corner)
  Requirement:            12.500ns  (clk rise@12.500ns - clk rise@0.000ns)
  Data Path Delay:        10.594ns  (logic 0.684ns (6.457%)  route 9.910ns (93.543%))
  Logic Levels:           1  (LUT1=1)
  Clock Path Skew:        -0.052ns (DCD - SCD + CPR)
    Destination Clock Delay (DCD):    0.986ns = ( 13.486 - 12.500 ) 
    Source Clock Delay      (SCD):    1.038ns
    Clock Pessimism Removal (CPR):    0.000ns
  Clock Uncertainty:      0.035ns  ((TSJ^2 + TIJ^2)^1/2 + DJ) / 2 + PE
    Total System Jitter     (TSJ):    0.071ns
    Total Input Jitter      (TIJ):    0.000ns
    Discrete Jitter          (DJ):    0.000ns
    Phase Error              (PE):    0.000ns

    Location             Delay type                Incr(ns)  Path(ns)    Netlist Resource(s)
  -------------------------------------------------------------------    -------------------
                         (clock clk rise edge)        0.000     0.000 r  
                                                      0.000     0.000 r  aclk (IN)
                         net (fo=52865, unset)        1.038     1.038    aclk
    SLICE_X61Y83         FDCE                                         r  rst_sync_2_reg_rep__0/C
  -------------------------------------------------------------------    -------------------
    SLICE_X61Y83         FDCE (Prop_fdce_C_Q)         0.536     1.574 r  rst_sync_2_reg_rep__0/Q
                         net (fo=102, routed)         1.725     3.299    u_core/u_lsq/load_addr_q_reg[0]_0
    SLICE_X79Y98         LUT1 (Prop_lut1_I0_O)        0.148     3.447 f  u_core/u_lsq/noc_tx_data[63]_i_1/O
                         net (fo=16650, routed)       8.184    11.632    u_core/u_tensor_bf16/RSTM
    SLICE_X18Y18         FDCE                                         f  u_core/u_tensor_bf16/b_in_reg_reg[4][10]/CLR
  -------------------------------------------------------------------    -------------------

                         (clock clk rise edge)       12.500    12.500 r  
                                                      0.000    12.500 r  aclk (IN)
                         net (fo=52865, unset)        0.986    13.486    u_core/u_tensor_bf16/aclk
    SLICE_X18Y18         FDCE                                         r  u_core/u_tensor_bf16/b_in_reg_reg[4][10]/C
                         clock pessimism              0.000    13.486    
                         clock uncertainty           -0.035    13.451    
    SLICE_X18Y18         FDCE (Recov_fdce_C_CLR)     -0.373    13.078    u_core/u_tensor_bf16/b_in_reg_reg[4][10]
  -------------------------------------------------------------------
                         required time                         13.078    
                         arrival time                         -11.632    
  -------------------------------------------------------------------
                         slack                                  1.446    

Slack (MET) :             1.448ns  (required time - arrival time)
  Source:                 rst_sync_2_reg_rep__0/C
                            (rising edge-triggered cell FDCE clocked by clk  {rise@0.000ns fall@6.250ns period=12.500ns})
  Destination:            u_core/u_noc_router/tx_payload_reg[1][11]/CLR
                            (recovery check against rising-edge clock clk  {rise@0.000ns fall@6.250ns period=12.500ns})
  Path Group:             **async_default**
  Path Type:              Recovery (Max at Slow Process Corner)
  Requirement:            12.500ns  (clk rise@12.500ns - clk rise@0.000ns)
  Data Path Delay:        10.486ns  (logic 0.684ns (6.523%)  route 9.802ns (93.477%))
  Logic Levels:           1  (LUT1=1)
  Clock Path Skew:        -0.052ns (DCD - SCD + CPR)
    Destination Clock Delay (DCD):    0.986ns = ( 13.486 - 12.500 ) 
    Source Clock Delay      (SCD):    1.038ns
    Clock Pessimism Removal (CPR):    0.000ns
  Clock Uncertainty:      0.035ns  ((TSJ^2 + TIJ^2)^1/2 + DJ) / 2 + PE
    Total System Jitter     (TSJ):    0.071ns
    Total Input Jitter      (TIJ):    0.000ns
    Discrete Jitter          (DJ):    0.000ns
    Phase Error              (PE):    0.000ns

    Location             Delay type                Incr(ns)  Path(ns)    Netlist Resource(s)
  -------------------------------------------------------------------    -------------------
                         (clock clk rise edge)        0.000     0.000 r  
                                                      0.000     0.000 r  aclk (IN)
                         net (fo=52865, unset)        1.038     1.038    aclk
    SLICE_X61Y83         FDCE                                         r  rst_sync_2_reg_rep__0/C
  -------------------------------------------------------------------    -------------------
    SLICE_X61Y83         FDCE (Prop_fdce_C_Q)         0.536     1.574 r  rst_sync_2_reg_rep__0/Q
                         net (fo=102, routed)         1.725     3.299    u_core/u_lsq/load_addr_q_reg[0]_0
    SLICE_X79Y98         LUT1 (Prop_lut1_I0_O)        0.148     3.447 f  u_core/u_lsq/noc_tx_data[63]_i_1/O
                         net (fo=16650, routed)       8.077    11.524    u_core/u_noc_router/RSTM
    SLICE_X138Y196       FDCE                                         f  u_core/u_noc_router/tx_payload_reg[1][11]/CLR
  -------------------------------------------------------------------    -------------------

                         (clock clk rise edge)       12.500    12.500 r  
                                                      0.000    12.500 r  aclk (IN)
                         net (fo=52865, unset)        0.986    13.486    u_core/u_noc_router/aclk
    SLICE_X138Y196       FDCE                                         r  u_core/u_noc_router/tx_payload_reg[1][11]/C
                         clock pessimism              0.000    13.486    
                         clock uncertainty           -0.035    13.451    
    SLICE_X138Y196       FDCE (Recov_fdce_C_CLR)     -0.478    12.973    u_core/u_noc_router/tx_payload_reg[1][11]
  -------------------------------------------------------------------
                         required time                         12.973    
                         arrival time                         -11.524    
  -------------------------------------------------------------------
                         slack                                  1.448    





Min Delay Paths
--------------------------------------------------------------------------------------
Slack (MET) :             1.591ns  (arrival time - required time)
  Source:                 rst_sync_2_reg_rep__0/C
                            (rising edge-triggered cell FDCE clocked by clk  {rise@0.000ns fall@6.250ns period=12.500ns})
  Destination:            u_core/u_alu/valid_q_reg/CLR
                            (removal check against rising-edge clock clk  {rise@0.000ns fall@6.250ns period=12.500ns})
  Path Group:             **async_default**
  Path Type:              Removal (Min at Fast Process Corner)
  Requirement:            0.000ns  (clk rise@0.000ns - clk rise@0.000ns)
  Data Path Delay:        1.505ns  (logic 0.255ns (16.942%)  route 1.250ns (83.058%))
  Logic Levels:           1  (LUT1=1)
  Clock Path Skew:        0.027ns (DCD - SCD - CPR)
    Destination Clock Delay (DCD):    0.542ns
    Source Clock Delay      (SCD):    0.515ns
    Clock Pessimism Removal (CPR):    -0.000ns

    Location             Delay type                Incr(ns)  Path(ns)    Netlist Resource(s)
  -------------------------------------------------------------------    -------------------
                         (clock clk rise edge)        0.000     0.000 r  
                                                      0.000     0.000 r  aclk (IN)
                         net (fo=52865, unset)        0.515     0.515    aclk
    SLICE_X61Y83         FDCE                                         r  rst_sync_2_reg_rep__0/C
  -------------------------------------------------------------------    -------------------
    SLICE_X61Y83         FDCE (Prop_fdce_C_Q)         0.193     0.708 r  rst_sync_2_reg_rep__0/Q
                         net (fo=102, routed)         0.956     1.664    u_core/u_lsq/load_addr_q_reg[0]_0
    SLICE_X79Y98         LUT1 (Prop_lut1_I0_O)        0.062     1.726 f  u_core/u_lsq/noc_tx_data[63]_i_1/O
                         net (fo=16650, routed)       0.294     2.020    u_core/u_alu/RSTM
    SLICE_X79Y97         FDCE                                         f  u_core/u_alu/valid_q_reg/CLR
  -------------------------------------------------------------------    -------------------

                         (clock clk rise edge)        0.000     0.000 r  
                                                      0.000     0.000 r  aclk (IN)
                         net (fo=52865, unset)        0.542     0.542    u_core/u_alu/aclk
    SLICE_X79Y97         FDCE                                         r  u_core/u_alu/valid_q_reg/C
                         clock pessimism              0.000     0.542    
    SLICE_X79Y97         FDCE (Remov_fdce_C_CLR)     -0.113     0.429    u_core/u_alu/valid_q_reg
  -------------------------------------------------------------------
                         required time                         -0.429    
                         arrival time                           2.020    
  -------------------------------------------------------------------
                         slack                                  1.591    

Slack (MET) :             1.594ns  (arrival time - required time)
  Source:                 rst_sync_2_reg_rep__0/C
                            (rising edge-triggered cell FDCE clocked by clk  {rise@0.000ns fall@6.250ns period=12.500ns})
  Destination:            u_core/u_alu/cdb_data_out_reg[36]/CLR
                            (removal check against rising-edge clock clk  {rise@0.000ns fall@6.250ns period=12.500ns})
  Path Group:             **async_default**
  Path Type:              Removal (Min at Fast Process Corner)
  Requirement:            0.000ns  (clk rise@0.000ns - clk rise@0.000ns)
  Data Path Delay:        1.508ns  (logic 0.255ns (16.907%)  route 1.253ns (83.093%))
  Logic Levels:           1  (LUT1=1)
  Clock Path Skew:        0.027ns (DCD - SCD - CPR)
    Destination Clock Delay (DCD):    0.542ns
    Source Clock Delay      (SCD):    0.515ns
    Clock Pessimism Removal (CPR):    -0.000ns

    Location             Delay type                Incr(ns)  Path(ns)    Netlist Resource(s)
  -------------------------------------------------------------------    -------------------
                         (clock clk rise edge)        0.000     0.000 r  
                                                      0.000     0.000 r  aclk (IN)
                         net (fo=52865, unset)        0.515     0.515    aclk
    SLICE_X61Y83         FDCE                                         r  rst_sync_2_reg_rep__0/C
  -------------------------------------------------------------------    -------------------
    SLICE_X61Y83         FDCE (Prop_fdce_C_Q)         0.193     0.708 r  rst_sync_2_reg_rep__0/Q
                         net (fo=102, routed)         0.956     1.664    u_core/u_lsq/load_addr_q_reg[0]_0
    SLICE_X79Y98         LUT1 (Prop_lut1_I0_O)        0.062     1.726 f  u_core/u_lsq/noc_tx_data[63]_i_1/O
                         net (fo=16650, routed)       0.297     2.023    u_core/u_alu/RSTM
    SLICE_X78Y97         FDCE                                         f  u_core/u_alu/cdb_data_out_reg[36]/CLR
  -------------------------------------------------------------------    -------------------

                         (clock clk rise edge)        0.000     0.000 r  
                                                      0.000     0.000 r  aclk (IN)
                         net (fo=52865, unset)        0.542     0.542    u_core/u_alu/aclk
    SLICE_X78Y97         FDCE                                         r  u_core/u_alu/cdb_data_out_reg[36]/C
                         clock pessimism              0.000     0.542    
    SLICE_X78Y97         FDCE (Remov_fdce_C_CLR)     -0.113     0.429    u_core/u_alu/cdb_data_out_reg[36]
  -------------------------------------------------------------------
                         required time                         -0.429    
                         arrival time                           2.023    
  -------------------------------------------------------------------
                         slack                                  1.594    

Slack (MET) :             1.594ns  (arrival time - required time)
  Source:                 rst_sync_2_reg_rep__0/C
                            (rising edge-triggered cell FDCE clocked by clk  {rise@0.000ns fall@6.250ns period=12.500ns})
  Destination:            u_core/u_alu/cdb_data_out_reg[42]/CLR
                            (removal check against rising-edge clock clk  {rise@0.000ns fall@6.250ns period=12.500ns})
  Path Group:             **async_default**
  Path Type:              Removal (Min at Fast Process Corner)
  Requirement:            0.000ns  (clk rise@0.000ns - clk rise@0.000ns)
  Data Path Delay:        1.508ns  (logic 0.255ns (16.907%)  route 1.253ns (83.093%))
  Logic Levels:           1  (LUT1=1)
  Clock Path Skew:        0.027ns (DCD - SCD - CPR)
    Destination Clock Delay (DCD):    0.542ns
    Source Clock Delay      (SCD):    0.515ns
    Clock Pessimism Removal (CPR):    -0.000ns

    Location             Delay type                Incr(ns)  Path(ns)    Netlist Resource(s)
  -------------------------------------------------------------------    -------------------
                         (clock clk rise edge)        0.000     0.000 r  
                                                      0.000     0.000 r  aclk (IN)
                         net (fo=52865, unset)        0.515     0.515    aclk
    SLICE_X61Y83         FDCE                                         r  rst_sync_2_reg_rep__0/C
  -------------------------------------------------------------------    -------------------
    SLICE_X61Y83         FDCE (Prop_fdce_C_Q)         0.193     0.708 r  rst_sync_2_reg_rep__0/Q
                         net (fo=102, routed)         0.956     1.664    u_core/u_lsq/load_addr_q_reg[0]_0
    SLICE_X79Y98         LUT1 (Prop_lut1_I0_O)        0.062     1.726 f  u_core/u_lsq/noc_tx_data[63]_i_1/O
                         net (fo=16650, routed)       0.297     2.023    u_core/u_alu/RSTM
    SLICE_X78Y97         FDCE                                         f  u_core/u_alu/cdb_data_out_reg[42]/CLR
  -------------------------------------------------------------------    -------------------

                         (clock clk rise edge)        0.000     0.000 r  
                                                      0.000     0.000 r  aclk (IN)
                         net (fo=52865, unset)        0.542     0.542    u_core/u_alu/aclk
    SLICE_X78Y97         FDCE                                         r  u_core/u_alu/cdb_data_out_reg[42]/C
                         clock pessimism              0.000     0.542    
    SLICE_X78Y97         FDCE (Remov_fdce_C_CLR)     -0.113     0.429    u_core/u_alu/cdb_data_out_reg[42]
  -------------------------------------------------------------------
                         required time                         -0.429    
                         arrival time                           2.023    
  -------------------------------------------------------------------
                         slack                                  1.594    

Slack (MET) :             1.594ns  (arrival time - required time)
  Source:                 rst_sync_2_reg_rep__0/C
                            (rising edge-triggered cell FDCE clocked by clk  {rise@0.000ns fall@6.250ns period=12.500ns})
  Destination:            u_core/u_alu/cdb_data_out_reg[47]/CLR
                            (removal check against rising-edge clock clk  {rise@0.000ns fall@6.250ns period=12.500ns})
  Path Group:             **async_default**
  Path Type:              Removal (Min at Fast Process Corner)
  Requirement:            0.000ns  (clk rise@0.000ns - clk rise@0.000ns)
  Data Path Delay:        1.508ns  (logic 0.255ns (16.907%)  route 1.253ns (83.093%))
  Logic Levels:           1  (LUT1=1)
  Clock Path Skew:        0.027ns (DCD - SCD - CPR)
    Destination Clock Delay (DCD):    0.542ns
    Source Clock Delay      (SCD):    0.515ns
    Clock Pessimism Removal (CPR):    -0.000ns

    Location             Delay type                Incr(ns)  Path(ns)    Netlist Resource(s)
  -------------------------------------------------------------------    -------------------
                         (clock clk rise edge)        0.000     0.000 r  
                                                      0.000     0.000 r  aclk (IN)
                         net (fo=52865, unset)        0.515     0.515    aclk
    SLICE_X61Y83         FDCE                                         r  rst_sync_2_reg_rep__0/C
  -------------------------------------------------------------------    -------------------
    SLICE_X61Y83         FDCE (Prop_fdce_C_Q)         0.193     0.708 r  rst_sync_2_reg_rep__0/Q
                         net (fo=102, routed)         0.956     1.664    u_core/u_lsq/load_addr_q_reg[0]_0
    SLICE_X79Y98         LUT1 (Prop_lut1_I0_O)        0.062     1.726 f  u_core/u_lsq/noc_tx_data[63]_i_1/O
                         net (fo=16650, routed)       0.297     2.023    u_core/u_alu/RSTM
    SLICE_X78Y97         FDCE                                         f  u_core/u_alu/cdb_data_out_reg[47]/CLR
  -------------------------------------------------------------------    -------------------

                         (clock clk rise edge)        0.000     0.000 r  
                                                      0.000     0.000 r  aclk (IN)
                         net (fo=52865, unset)        0.542     0.542    u_core/u_alu/aclk
    SLICE_X78Y97         FDCE                                         r  u_core/u_alu/cdb_data_out_reg[47]/C
                         clock pessimism              0.000     0.542    
    SLICE_X78Y97         FDCE (Remov_fdce_C_CLR)     -0.113     0.429    u_core/u_alu/cdb_data_out_reg[47]
  -------------------------------------------------------------------
                         required time                         -0.429    
                         arrival time                           2.023    
  -------------------------------------------------------------------
                         slack                                  1.594    

Slack (MET) :             1.689ns  (arrival time - required time)
  Source:                 rst_sync_2_reg_rep__0/C
                            (rising edge-triggered cell FDCE clocked by clk  {rise@0.000ns fall@6.250ns period=12.500ns})
  Destination:            u_core/u_csr/tensor_ctrl_reg[34]/CLR
                            (removal check against rising-edge clock clk  {rise@0.000ns fall@6.250ns period=12.500ns})
  Path Group:             **async_default**
  Path Type:              Removal (Min at Fast Process Corner)
  Requirement:            0.000ns  (clk rise@0.000ns - clk rise@0.000ns)
  Data Path Delay:        1.604ns  (logic 0.255ns (15.902%)  route 1.349ns (84.098%))
  Logic Levels:           1  (LUT1=1)
  Clock Path Skew:        0.027ns (DCD - SCD - CPR)
    Destination Clock Delay (DCD):    0.542ns
    Source Clock Delay      (SCD):    0.515ns
    Clock Pessimism Removal (CPR):    -0.000ns

    Location             Delay type                Incr(ns)  Path(ns)    Netlist Resource(s)
  -------------------------------------------------------------------    -------------------
                         (clock clk rise edge)        0.000     0.000 r  
                                                      0.000     0.000 r  aclk (IN)
                         net (fo=52865, unset)        0.515     0.515    aclk
    SLICE_X61Y83         FDCE                                         r  rst_sync_2_reg_rep__0/C
  -------------------------------------------------------------------    -------------------
    SLICE_X61Y83         FDCE (Prop_fdce_C_Q)         0.193     0.708 r  rst_sync_2_reg_rep__0/Q
                         net (fo=102, routed)         0.956     1.664    u_core/u_lsq/load_addr_q_reg[0]_0
    SLICE_X79Y98         LUT1 (Prop_lut1_I0_O)        0.062     1.726 f  u_core/u_lsq/noc_tx_data[63]_i_1/O
                         net (fo=16650, routed)       0.392     2.118    u_core/u_csr/RSTM
    SLICE_X78Y103        FDCE                                         f  u_core/u_csr/tensor_ctrl_reg[34]/CLR
  -------------------------------------------------------------------    -------------------

                         (clock clk rise edge)        0.000     0.000 r  
                                                      0.000     0.000 r  aclk (IN)
                         net (fo=52865, unset)        0.542     0.542    u_core/u_csr/aclk
    SLICE_X78Y103        FDCE                                         r  u_core/u_csr/tensor_ctrl_reg[34]/C
                         clock pessimism              0.000     0.542    
    SLICE_X78Y103        FDCE (Remov_fdce_C_CLR)     -0.113     0.429    u_core/u_csr/tensor_ctrl_reg[34]
  -------------------------------------------------------------------
                         required time                         -0.429    
                         arrival time                           2.118    
  -------------------------------------------------------------------
                         slack                                  1.689    

Slack (MET) :             1.699ns  (arrival time - required time)
  Source:                 rst_sync_2_reg_rep__0/C
                            (rising edge-triggered cell FDCE clocked by clk  {rise@0.000ns fall@6.250ns period=12.500ns})
  Destination:            u_core/u_alu/cdb_data_out_reg[38]/CLR
                            (removal check against rising-edge clock clk  {rise@0.000ns fall@6.250ns period=12.500ns})
  Path Group:             **async_default**
  Path Type:              Removal (Min at Fast Process Corner)
  Requirement:            0.000ns  (clk rise@0.000ns - clk rise@0.000ns)
  Data Path Delay:        1.613ns  (logic 0.255ns (15.813%)  route 1.358ns (84.187%))
  Logic Levels:           1  (LUT1=1)
  Clock Path Skew:        0.027ns (DCD - SCD - CPR)
    Destination Clock Delay (DCD):    0.542ns
    Source Clock Delay      (SCD):    0.515ns
    Clock Pessimism Removal (CPR):    -0.000ns

    Location             Delay type                Incr(ns)  Path(ns)    Netlist Resource(s)
  -------------------------------------------------------------------    -------------------
                         (clock clk rise edge)        0.000     0.000 r  
                                                      0.000     0.000 r  aclk (IN)
                         net (fo=52865, unset)        0.515     0.515    aclk
    SLICE_X61Y83         FDCE                                         r  rst_sync_2_reg_rep__0/C
  -------------------------------------------------------------------    -------------------
    SLICE_X61Y83         FDCE (Prop_fdce_C_Q)         0.193     0.708 r  rst_sync_2_reg_rep__0/Q
                         net (fo=102, routed)         0.956     1.664    u_core/u_lsq/load_addr_q_reg[0]_0
    SLICE_X79Y98         LUT1 (Prop_lut1_I0_O)        0.062     1.726 f  u_core/u_lsq/noc_tx_data[63]_i_1/O
                         net (fo=16650, routed)       0.401     2.127    u_core/u_alu/RSTM
    SLICE_X78Y95         FDCE                                         f  u_core/u_alu/cdb_data_out_reg[38]/CLR
  -------------------------------------------------------------------    -------------------

                         (clock clk rise edge)        0.000     0.000 r  
                                                      0.000     0.000 r  aclk (IN)
                         net (fo=52865, unset)        0.542     0.542    u_core/u_alu/aclk
    SLICE_X78Y95         FDCE                                         r  u_core/u_alu/cdb_data_out_reg[38]/C
                         clock pessimism              0.000     0.542    
    SLICE_X78Y95         FDCE (Remov_fdce_C_CLR)     -0.113     0.429    u_core/u_alu/cdb_data_out_reg[38]
  -------------------------------------------------------------------
                         required time                         -0.429    
                         arrival time                           2.127    
  -------------------------------------------------------------------
                         slack                                  1.699    

Slack (MET) :             1.699ns  (arrival time - required time)
  Source:                 rst_sync_2_reg_rep__0/C
                            (rising edge-triggered cell FDCE clocked by clk  {rise@0.000ns fall@6.250ns period=12.500ns})
  Destination:            u_core/u_alu/cdb_data_out_reg[45]/CLR
                            (removal check against rising-edge clock clk  {rise@0.000ns fall@6.250ns period=12.500ns})
  Path Group:             **async_default**
  Path Type:              Removal (Min at Fast Process Corner)
  Requirement:            0.000ns  (clk rise@0.000ns - clk rise@0.000ns)
  Data Path Delay:        1.613ns  (logic 0.255ns (15.813%)  route 1.358ns (84.187%))
  Logic Levels:           1  (LUT1=1)
  Clock Path Skew:        0.027ns (DCD - SCD - CPR)
    Destination Clock Delay (DCD):    0.542ns
    Source Clock Delay      (SCD):    0.515ns
    Clock Pessimism Removal (CPR):    -0.000ns

    Location             Delay type                Incr(ns)  Path(ns)    Netlist Resource(s)
  -------------------------------------------------------------------    -------------------
                         (clock clk rise edge)        0.000     0.000 r  
                                                      0.000     0.000 r  aclk (IN)
                         net (fo=52865, unset)        0.515     0.515    aclk
    SLICE_X61Y83         FDCE                                         r  rst_sync_2_reg_rep__0/C
  -------------------------------------------------------------------    -------------------
    SLICE_X61Y83         FDCE (Prop_fdce_C_Q)         0.193     0.708 r  rst_sync_2_reg_rep__0/Q
                         net (fo=102, routed)         0.956     1.664    u_core/u_lsq/load_addr_q_reg[0]_0
    SLICE_X79Y98         LUT1 (Prop_lut1_I0_O)        0.062     1.726 f  u_core/u_lsq/noc_tx_data[63]_i_1/O
                         net (fo=16650, routed)       0.401     2.127    u_core/u_alu/RSTM
    SLICE_X78Y95         FDCE                                         f  u_core/u_alu/cdb_data_out_reg[45]/CLR
  -------------------------------------------------------------------    -------------------

                         (clock clk rise edge)        0.000     0.000 r  
                                                      0.000     0.000 r  aclk (IN)
                         net (fo=52865, unset)        0.542     0.542    u_core/u_alu/aclk
    SLICE_X78Y95         FDCE                                         r  u_core/u_alu/cdb_data_out_reg[45]/C
                         clock pessimism              0.000     0.542    
    SLICE_X78Y95         FDCE (Remov_fdce_C_CLR)     -0.113     0.429    u_core/u_alu/cdb_data_out_reg[45]
  -------------------------------------------------------------------
                         required time                         -0.429    
                         arrival time                           2.127    
  -------------------------------------------------------------------
                         slack                                  1.699    

Slack (MET) :             1.699ns  (arrival time - required time)
  Source:                 rst_sync_2_reg_rep__0/C
                            (rising edge-triggered cell FDCE clocked by clk  {rise@0.000ns fall@6.250ns period=12.500ns})
  Destination:            u_core/u_alu/cdb_data_out_reg[48]/CLR
                            (removal check against rising-edge clock clk  {rise@0.000ns fall@6.250ns period=12.500ns})
  Path Group:             **async_default**
  Path Type:              Removal (Min at Fast Process Corner)
  Requirement:            0.000ns  (clk rise@0.000ns - clk rise@0.000ns)
  Data Path Delay:        1.613ns  (logic 0.255ns (15.813%)  route 1.358ns (84.187%))
  Logic Levels:           1  (LUT1=1)
  Clock Path Skew:        0.027ns (DCD - SCD - CPR)
    Destination Clock Delay (DCD):    0.542ns
    Source Clock Delay      (SCD):    0.515ns
    Clock Pessimism Removal (CPR):    -0.000ns

    Location             Delay type                Incr(ns)  Path(ns)    Netlist Resource(s)
  -------------------------------------------------------------------    -------------------
                         (clock clk rise edge)        0.000     0.000 r  
                                                      0.000     0.000 r  aclk (IN)
                         net (fo=52865, unset)        0.515     0.515    aclk
    SLICE_X61Y83         FDCE                                         r  rst_sync_2_reg_rep__0/C
  -------------------------------------------------------------------    -------------------
    SLICE_X61Y83         FDCE (Prop_fdce_C_Q)         0.193     0.708 r  rst_sync_2_reg_rep__0/Q
                         net (fo=102, routed)         0.956     1.664    u_core/u_lsq/load_addr_q_reg[0]_0
    SLICE_X79Y98         LUT1 (Prop_lut1_I0_O)        0.062     1.726 f  u_core/u_lsq/noc_tx_data[63]_i_1/O
                         net (fo=16650, routed)       0.401     2.127    u_core/u_alu/RSTM
    SLICE_X78Y95         FDCE                                         f  u_core/u_alu/cdb_data_out_reg[48]/CLR
  -------------------------------------------------------------------    -------------------

                         (clock clk rise edge)        0.000     0.000 r  
                                                      0.000     0.000 r  aclk (IN)
                         net (fo=52865, unset)        0.542     0.542    u_core/u_alu/aclk
    SLICE_X78Y95         FDCE                                         r  u_core/u_alu/cdb_data_out_reg[48]/C
                         clock pessimism              0.000     0.542    
    SLICE_X78Y95         FDCE (Remov_fdce_C_CLR)     -0.113     0.429    u_core/u_alu/cdb_data_out_reg[48]
  -------------------------------------------------------------------
                         required time                         -0.429    
                         arrival time                           2.127    
  -------------------------------------------------------------------
                         slack                                  1.699    

Slack (MET) :             1.699ns  (arrival time - required time)
  Source:                 rst_sync_2_reg_rep__0/C
                            (rising edge-triggered cell FDCE clocked by clk  {rise@0.000ns fall@6.250ns period=12.500ns})
  Destination:            u_core/u_alu/cdb_data_out_reg[50]/CLR
                            (removal check against rising-edge clock clk  {rise@0.000ns fall@6.250ns period=12.500ns})
  Path Group:             **async_default**
  Path Type:              Removal (Min at Fast Process Corner)
  Requirement:            0.000ns  (clk rise@0.000ns - clk rise@0.000ns)
  Data Path Delay:        1.613ns  (logic 0.255ns (15.813%)  route 1.358ns (84.187%))
  Logic Levels:           1  (LUT1=1)
  Clock Path Skew:        0.027ns (DCD - SCD - CPR)
    Destination Clock Delay (DCD):    0.542ns
    Source Clock Delay      (SCD):    0.515ns
    Clock Pessimism Removal (CPR):    -0.000ns

    Location             Delay type                Incr(ns)  Path(ns)    Netlist Resource(s)
  -------------------------------------------------------------------    -------------------
                         (clock clk rise edge)        0.000     0.000 r  
                                                      0.000     0.000 r  aclk (IN)
                         net (fo=52865, unset)        0.515     0.515    aclk
    SLICE_X61Y83         FDCE                                         r  rst_sync_2_reg_rep__0/C
  -------------------------------------------------------------------    -------------------
    SLICE_X61Y83         FDCE (Prop_fdce_C_Q)         0.193     0.708 r  rst_sync_2_reg_rep__0/Q
                         net (fo=102, routed)         0.956     1.664    u_core/u_lsq/load_addr_q_reg[0]_0
    SLICE_X79Y98         LUT1 (Prop_lut1_I0_O)        0.062     1.726 f  u_core/u_lsq/noc_tx_data[63]_i_1/O
                         net (fo=16650, routed)       0.401     2.127    u_core/u_alu/RSTM
    SLICE_X78Y96         FDCE                                         f  u_core/u_alu/cdb_data_out_reg[50]/CLR
  -------------------------------------------------------------------    -------------------

                         (clock clk rise edge)        0.000     0.000 r  
                                                      0.000     0.000 r  aclk (IN)
                         net (fo=52865, unset)        0.542     0.542    u_core/u_alu/aclk
    SLICE_X78Y96         FDCE                                         r  u_core/u_alu/cdb_data_out_reg[50]/C
                         clock pessimism              0.000     0.542    
    SLICE_X78Y96         FDCE (Remov_fdce_C_CLR)     -0.113     0.429    u_core/u_alu/cdb_data_out_reg[50]
  -------------------------------------------------------------------
                         required time                         -0.429    
                         arrival time                           2.127    
  -------------------------------------------------------------------
                         slack                                  1.699    

Slack (MET) :             1.699ns  (arrival time - required time)
  Source:                 rst_sync_2_reg_rep__0/C
                            (rising edge-triggered cell FDCE clocked by clk  {rise@0.000ns fall@6.250ns period=12.500ns})
  Destination:            u_core/u_alu/cdb_data_out_reg[55]/CLR
                            (removal check against rising-edge clock clk  {rise@0.000ns fall@6.250ns period=12.500ns})
  Path Group:             **async_default**
  Path Type:              Removal (Min at Fast Process Corner)
  Requirement:            0.000ns  (clk rise@0.000ns - clk rise@0.000ns)
  Data Path Delay:        1.613ns  (logic 0.255ns (15.813%)  route 1.358ns (84.187%))
  Logic Levels:           1  (LUT1=1)
  Clock Path Skew:        0.027ns (DCD - SCD - CPR)
    Destination Clock Delay (DCD):    0.542ns
    Source Clock Delay      (SCD):    0.515ns
    Clock Pessimism Removal (CPR):    -0.000ns

    Location             Delay type                Incr(ns)  Path(ns)    Netlist Resource(s)
  -------------------------------------------------------------------    -------------------
                         (clock clk rise edge)        0.000     0.000 r  
                                                      0.000     0.000 r  aclk (IN)
                         net (fo=52865, unset)        0.515     0.515    aclk
    SLICE_X61Y83         FDCE                                         r  rst_sync_2_reg_rep__0/C
  -------------------------------------------------------------------    -------------------
    SLICE_X61Y83         FDCE (Prop_fdce_C_Q)         0.193     0.708 r  rst_sync_2_reg_rep__0/Q
                         net (fo=102, routed)         0.956     1.664    u_core/u_lsq/load_addr_q_reg[0]_0
    SLICE_X79Y98         LUT1 (Prop_lut1_I0_O)        0.062     1.726 f  u_core/u_lsq/noc_tx_data[63]_i_1/O
                         net (fo=16650, routed)       0.401     2.127    u_core/u_alu/RSTM
    SLICE_X78Y95         FDCE                                         f  u_core/u_alu/cdb_data_out_reg[55]/CLR
  -------------------------------------------------------------------    -------------------

                         (clock clk rise edge)        0.000     0.000 r  
                                                      0.000     0.000 r  aclk (IN)
                         net (fo=52865, unset)        0.542     0.542    u_core/u_alu/aclk
    SLICE_X78Y95         FDCE                                         r  u_core/u_alu/cdb_data_out_reg[55]/C
                         clock pessimism              0.000     0.542    
    SLICE_X78Y95         FDCE (Remov_fdce_C_CLR)     -0.113     0.429    u_core/u_alu/cdb_data_out_reg[55]
  -------------------------------------------------------------------
                         required time                         -0.429    
                         arrival time                           2.127    
  -------------------------------------------------------------------
                         slack                                  1.699    





--------------------------------------------------------------------------------------
Path Group:  (none)
From Clock:  
  To Clock:  clk

Max Delay           151 Endpoints
Min Delay           151 Endpoints
--------------------------------------------------------------------------------------


Max Delay Paths
--------------------------------------------------------------------------------------
Slack:                    inf
  Source:                 aresetn
                            (input port)
  Destination:            rst_sync_2_reg_rep/CLR
                            (recovery check against rising-edge clock clk  {rise@0.000ns fall@6.250ns period=12.500ns})
  Path Group:             (none)
  Path Type:              Recovery (Max at Slow Process Corner)
  Data Path Delay:        6.104ns  (logic 0.148ns (2.425%)  route 5.956ns (97.575%))
  Logic Levels:           1  (LUT2=1)
  Clock Path Skew:        0.986ns (DCD - SCD + CPR)
    Destination Clock Delay (DCD):    0.986ns
    Source Clock Delay      (SCD):    0.000ns
    Clock Pessimism Removal (CPR):    0.000ns
  Clock Uncertainty:      0.025ns  ((TSJ^2 + TIJ^2)^1/2 + DJ) / 2 + PE
    Total System Jitter     (TSJ):    0.050ns
    Total Input Jitter      (TIJ):    0.000ns
    Discrete Jitter          (DJ):    0.000ns
    Phase Error              (PE):    0.000ns
  Timing Exception:       False Path

    Location             Delay type                Incr(ns)  Path(ns)    Netlist Resource(s)
  -------------------------------------------------------------------    -------------------
                                                      0.000     0.000 r  aresetn (IN)
                         net (fo=1, unset)            1.038     1.038    aresetn
    SLICE_X119Y137       LUT2 (Prop_lut2_I1_O)        0.148     1.186 f  rst_sync_1_i_1/O
                         net (fo=9, routed)           4.918     6.104    rst_sync_1_i_1_n_0
    SLICE_X61Y83         FDCE                                         f  rst_sync_2_reg_rep/CLR
  -------------------------------------------------------------------    -------------------

                         (clock clk rise edge)        0.000     0.000 r  
                                                      0.000     0.000 r  aclk (IN)
                         net (fo=52865, unset)        0.986     0.986    aclk
    SLICE_X61Y83         FDCE                                         r  rst_sync_2_reg_rep/C

Slack:                    inf
  Source:                 aresetn
                            (input port)
  Destination:            rst_sync_2_reg_rep__0/CLR
                            (recovery check against rising-edge clock clk  {rise@0.000ns fall@6.250ns period=12.500ns})
  Path Group:             (none)
  Path Type:              Recovery (Max at Slow Process Corner)
  Data Path Delay:        6.104ns  (logic 0.148ns (2.425%)  route 5.956ns (97.575%))
  Logic Levels:           1  (LUT2=1)
  Clock Path Skew:        0.986ns (DCD - SCD + CPR)
    Destination Clock Delay (DCD):    0.986ns
    Source Clock Delay      (SCD):    0.000ns
    Clock Pessimism Removal (CPR):    0.000ns
  Clock Uncertainty:      0.025ns  ((TSJ^2 + TIJ^2)^1/2 + DJ) / 2 + PE
    Total System Jitter     (TSJ):    0.050ns
    Total Input Jitter      (TIJ):    0.000ns
    Discrete Jitter          (DJ):    0.000ns
    Phase Error              (PE):    0.000ns
  Timing Exception:       False Path

    Location             Delay type                Incr(ns)  Path(ns)    Netlist Resource(s)
  -------------------------------------------------------------------    -------------------
                                                      0.000     0.000 r  aresetn (IN)
                         net (fo=1, unset)            1.038     1.038    aresetn
    SLICE_X119Y137       LUT2 (Prop_lut2_I1_O)        0.148     1.186 f  rst_sync_1_i_1/O
                         net (fo=9, routed)           4.918     6.104    rst_sync_1_i_1_n_0
    SLICE_X61Y83         FDCE                                         f  rst_sync_2_reg_rep__0/CLR
  -------------------------------------------------------------------    -------------------

                         (clock clk rise edge)        0.000     0.000 r  
                                                      0.000     0.000 r  aclk (IN)
                         net (fo=52865, unset)        0.986     0.986    aclk
    SLICE_X61Y83         FDCE                                         r  rst_sync_2_reg_rep__0/C

Slack:                    inf
  Source:                 aresetn
                            (input port)
  Destination:            rst_sync_2_reg_rep__2/CLR
                            (recovery check against rising-edge clock clk  {rise@0.000ns fall@6.250ns period=12.500ns})
  Path Group:             (none)
  Path Type:              Recovery (Max at Slow Process Corner)
  Data Path Delay:        5.573ns  (logic 0.148ns (2.655%)  route 5.425ns (97.345%))
  Logic Levels:           1  (LUT2=1)
  Clock Path Skew:        0.986ns (DCD - SCD + CPR)
    Destination Clock Delay (DCD):    0.986ns
    Source Clock Delay      (SCD):    0.000ns
    Clock Pessimism Removal (CPR):    0.000ns
  Clock Uncertainty:      0.025ns  ((TSJ^2 + TIJ^2)^1/2 + DJ) / 2 + PE
    Total System Jitter     (TSJ):    0.050ns
    Total Input Jitter      (TIJ):    0.000ns
    Discrete Jitter          (DJ):    0.000ns
    Phase Error              (PE):    0.000ns
  Timing Exception:       False Path

    Location             Delay type                Incr(ns)  Path(ns)    Netlist Resource(s)
  -------------------------------------------------------------------    -------------------
                                                      0.000     0.000 r  aresetn (IN)
                         net (fo=1, unset)            1.038     1.038    aresetn
    SLICE_X119Y137       LUT2 (Prop_lut2_I1_O)        0.148     1.186 f  rst_sync_1_i_1/O
                         net (fo=9, routed)           4.387     5.573    rst_sync_1_i_1_n_0
    SLICE_X62Y83         FDCE                                         f  rst_sync_2_reg_rep__2/CLR
  -------------------------------------------------------------------    -------------------

                         (clock clk rise edge)        0.000     0.000 r  
                                                      0.000     0.000 r  aclk (IN)
                         net (fo=52865, unset)        0.986     0.986    aclk
    SLICE_X62Y83         FDCE                                         r  rst_sync_2_reg_rep__2/C

Slack:                    inf
  Source:                 aresetn
                            (input port)
  Destination:            rst_sync_2_reg_rep__4/CLR
                            (recovery check against rising-edge clock clk  {rise@0.000ns fall@6.250ns period=12.500ns})
  Path Group:             (none)
  Path Type:              Recovery (Max at Slow Process Corner)
  Data Path Delay:        5.573ns  (logic 0.148ns (2.655%)  route 5.425ns (97.345%))
  Logic Levels:           1  (LUT2=1)
  Clock Path Skew:        0.986ns (DCD - SCD + CPR)
    Destination Clock Delay (DCD):    0.986ns
    Source Clock Delay      (SCD):    0.000ns
    Clock Pessimism Removal (CPR):    0.000ns
  Clock Uncertainty:      0.025ns  ((TSJ^2 + TIJ^2)^1/2 + DJ) / 2 + PE
    Total System Jitter     (TSJ):    0.050ns
    Total Input Jitter      (TIJ):    0.000ns
    Discrete Jitter          (DJ):    0.000ns
    Phase Error              (PE):    0.000ns
  Timing Exception:       False Path

    Location             Delay type                Incr(ns)  Path(ns)    Netlist Resource(s)
  -------------------------------------------------------------------    -------------------
                                                      0.000     0.000 r  aresetn (IN)
                         net (fo=1, unset)            1.038     1.038    aresetn
    SLICE_X119Y137       LUT2 (Prop_lut2_I1_O)        0.148     1.186 f  rst_sync_1_i_1/O
                         net (fo=9, routed)           4.387     5.573    rst_sync_1_i_1_n_0
    SLICE_X62Y83         FDCE                                         f  rst_sync_2_reg_rep__4/CLR
  -------------------------------------------------------------------    -------------------

                         (clock clk rise edge)        0.000     0.000 r  
                                                      0.000     0.000 r  aclk (IN)
                         net (fo=52865, unset)        0.986     0.986    aclk
    SLICE_X62Y83         FDCE                                         r  rst_sync_2_reg_rep__4/C

Slack:                    inf
  Source:                 aresetn
                            (input port)
  Destination:            rst_sync_2_reg/CLR
                            (recovery check against rising-edge clock clk  {rise@0.000ns fall@6.250ns period=12.500ns})
  Path Group:             (none)
  Path Type:              Recovery (Max at Slow Process Corner)
  Data Path Delay:        4.396ns  (logic 0.148ns (3.367%)  route 4.248ns (96.633%))
  Logic Levels:           1  (LUT2=1)
  Clock Path Skew:        0.986ns (DCD - SCD + CPR)
    Destination Clock Delay (DCD):    0.986ns
    Source Clock Delay      (SCD):    0.000ns
    Clock Pessimism Removal (CPR):    0.000ns
  Clock Uncertainty:      0.025ns  ((TSJ^2 + TIJ^2)^1/2 + DJ) / 2 + PE
    Total System Jitter     (TSJ):    0.050ns
    Total Input Jitter      (TIJ):    0.000ns
    Discrete Jitter          (DJ):    0.000ns
    Phase Error              (PE):    0.000ns
  Timing Exception:       False Path

    Location             Delay type                Incr(ns)  Path(ns)    Netlist Resource(s)
  -------------------------------------------------------------------    -------------------
                                                      0.000     0.000 r  aresetn (IN)
                         net (fo=1, unset)            1.038     1.038    aresetn
    SLICE_X119Y137       LUT2 (Prop_lut2_I1_O)        0.148     1.186 f  rst_sync_1_i_1/O
                         net (fo=9, routed)           3.210     4.396    rst_sync_1_i_1_n_0
    SLICE_X82Y79         FDCE                                         f  rst_sync_2_reg/CLR
  -------------------------------------------------------------------    -------------------

                         (clock clk rise edge)        0.000     0.000 r  
                                                      0.000     0.000 r  aclk (IN)
                         net (fo=52865, unset)        0.986     0.986    aclk
    SLICE_X82Y79         FDCE                                         r  rst_sync_2_reg/C

Slack:                    inf
  Source:                 aresetn
                            (input port)
  Destination:            rst_sync_2_reg_rep__1/CLR
                            (recovery check against rising-edge clock clk  {rise@0.000ns fall@6.250ns period=12.500ns})
  Path Group:             (none)
  Path Type:              Recovery (Max at Slow Process Corner)
  Data Path Delay:        4.284ns  (logic 0.148ns (3.455%)  route 4.136ns (96.545%))
  Logic Levels:           1  (LUT2=1)
  Clock Path Skew:        0.986ns (DCD - SCD + CPR)
    Destination Clock Delay (DCD):    0.986ns
    Source Clock Delay      (SCD):    0.000ns
    Clock Pessimism Removal (CPR):    0.000ns
  Clock Uncertainty:      0.025ns  ((TSJ^2 + TIJ^2)^1/2 + DJ) / 2 + PE
    Total System Jitter     (TSJ):    0.050ns
    Total Input Jitter      (TIJ):    0.000ns
    Discrete Jitter          (DJ):    0.000ns
    Phase Error              (PE):    0.000ns
  Timing Exception:       False Path

    Location             Delay type                Incr(ns)  Path(ns)    Netlist Resource(s)
  -------------------------------------------------------------------    -------------------
                                                      0.000     0.000 r  aresetn (IN)
                         net (fo=1, unset)            1.038     1.038    aresetn
    SLICE_X119Y137       LUT2 (Prop_lut2_I1_O)        0.148     1.186 f  rst_sync_1_i_1/O
                         net (fo=9, routed)           3.098     4.284    rst_sync_1_i_1_n_0
    SLICE_X99Y72         FDCE                                         f  rst_sync_2_reg_rep__1/CLR
  -------------------------------------------------------------------    -------------------

                         (clock clk rise edge)        0.000     0.000 r  
                                                      0.000     0.000 r  aclk (IN)
                         net (fo=52865, unset)        0.986     0.986    aclk
    SLICE_X99Y72         FDCE                                         r  rst_sync_2_reg_rep__1/C

Slack:                    inf
  Source:                 aresetn
                            (input port)
  Destination:            rst_sync_2_reg_rep__3/CLR
                            (recovery check against rising-edge clock clk  {rise@0.000ns fall@6.250ns period=12.500ns})
  Path Group:             (none)
  Path Type:              Recovery (Max at Slow Process Corner)
  Data Path Delay:        4.284ns  (logic 0.148ns (3.455%)  route 4.136ns (96.545%))
  Logic Levels:           1  (LUT2=1)
  Clock Path Skew:        0.986ns (DCD - SCD + CPR)
    Destination Clock Delay (DCD):    0.986ns
    Source Clock Delay      (SCD):    0.000ns
    Clock Pessimism Removal (CPR):    0.000ns
  Clock Uncertainty:      0.025ns  ((TSJ^2 + TIJ^2)^1/2 + DJ) / 2 + PE
    Total System Jitter     (TSJ):    0.050ns
    Total Input Jitter      (TIJ):    0.000ns
    Discrete Jitter          (DJ):    0.000ns
    Phase Error              (PE):    0.000ns
  Timing Exception:       False Path

    Location             Delay type                Incr(ns)  Path(ns)    Netlist Resource(s)
  -------------------------------------------------------------------    -------------------
                                                      0.000     0.000 r  aresetn (IN)
                         net (fo=1, unset)            1.038     1.038    aresetn
    SLICE_X119Y137       LUT2 (Prop_lut2_I1_O)        0.148     1.186 f  rst_sync_1_i_1/O
                         net (fo=9, routed)           3.098     4.284    rst_sync_1_i_1_n_0
    SLICE_X99Y72         FDCE                                         f  rst_sync_2_reg_rep__3/CLR
  -------------------------------------------------------------------    -------------------

                         (clock clk rise edge)        0.000     0.000 r  
                                                      0.000     0.000 r  aclk (IN)
                         net (fo=52865, unset)        0.986     0.986    aclk
    SLICE_X99Y72         FDCE                                         r  rst_sync_2_reg_rep__3/C

Slack:                    inf
  Source:                 aresetn
                            (input port)
  Destination:            rst_sync_2_reg_rep__5/CLR
                            (recovery check against rising-edge clock clk  {rise@0.000ns fall@6.250ns period=12.500ns})
  Path Group:             (none)
  Path Type:              Recovery (Max at Slow Process Corner)
  Data Path Delay:        4.284ns  (logic 0.148ns (3.455%)  route 4.136ns (96.545%))
  Logic Levels:           1  (LUT2=1)
  Clock Path Skew:        0.986ns (DCD - SCD + CPR)
    Destination Clock Delay (DCD):    0.986ns
    Source Clock Delay      (SCD):    0.000ns
    Clock Pessimism Removal (CPR):    0.000ns
  Clock Uncertainty:      0.025ns  ((TSJ^2 + TIJ^2)^1/2 + DJ) / 2 + PE
    Total System Jitter     (TSJ):    0.050ns
    Total Input Jitter      (TIJ):    0.000ns
    Discrete Jitter          (DJ):    0.000ns
    Phase Error              (PE):    0.000ns
  Timing Exception:       False Path

    Location             Delay type                Incr(ns)  Path(ns)    Netlist Resource(s)
  -------------------------------------------------------------------    -------------------
                                                      0.000     0.000 r  aresetn (IN)
                         net (fo=1, unset)            1.038     1.038    aresetn
    SLICE_X119Y137       LUT2 (Prop_lut2_I1_O)        0.148     1.186 f  rst_sync_1_i_1/O
                         net (fo=9, routed)           3.098     4.284    rst_sync_1_i_1_n_0
    SLICE_X99Y72         FDCE                                         f  rst_sync_2_reg_rep__5/CLR
  -------------------------------------------------------------------    -------------------

                         (clock clk rise edge)        0.000     0.000 r  
                                                      0.000     0.000 r  aclk (IN)
                         net (fo=52865, unset)        0.986     0.986    aclk
    SLICE_X99Y72         FDCE                                         r  rst_sync_2_reg_rep__5/C

Slack:                    inf
  Source:                 aresetn
                            (input port)
  Destination:            rst_sync_1_reg/CLR
                            (recovery check against rising-edge clock clk  {rise@0.000ns fall@6.250ns period=12.500ns})
  Path Group:             (none)
  Path Type:              Recovery (Max at Slow Process Corner)
  Data Path Delay:        3.789ns  (logic 0.148ns (3.906%)  route 3.641ns (96.094%))
  Logic Levels:           1  (LUT2=1)
  Clock Path Skew:        0.986ns (DCD - SCD + CPR)
    Destination Clock Delay (DCD):    0.986ns
    Source Clock Delay      (SCD):    0.000ns
    Clock Pessimism Removal (CPR):    0.000ns
  Clock Uncertainty:      0.025ns  ((TSJ^2 + TIJ^2)^1/2 + DJ) / 2 + PE
    Total System Jitter     (TSJ):    0.050ns
    Total Input Jitter      (TIJ):    0.000ns
    Discrete Jitter          (DJ):    0.000ns
    Phase Error              (PE):    0.000ns
  Timing Exception:       False Path

    Location             Delay type                Incr(ns)  Path(ns)    Netlist Resource(s)
  -------------------------------------------------------------------    -------------------
                                                      0.000     0.000 r  aresetn (IN)
                         net (fo=1, unset)            1.038     1.038    aresetn
    SLICE_X119Y137       LUT2 (Prop_lut2_I1_O)        0.148     1.186 f  rst_sync_1_i_1/O
                         net (fo=9, routed)           2.603     3.789    rst_sync_1_i_1_n_0
    SLICE_X97Y80         FDCE                                         f  rst_sync_1_reg/CLR
  -------------------------------------------------------------------    -------------------

                         (clock clk rise edge)        0.000     0.000 r  
                                                      0.000     0.000 r  aclk (IN)
                         net (fo=52865, unset)        0.986     0.986    aclk
    SLICE_X97Y80         FDCE                                         r  rst_sync_1_reg/C

Slack:                    inf
  Source:                 aresetn
                            (input port)
  Destination:            slv_reg_pc_high_reg[2]/CLR
                            (recovery check against rising-edge clock clk  {rise@0.000ns fall@6.250ns period=12.500ns})
  Path Group:             (none)
  Path Type:              Recovery (Max at Slow Process Corner)
  Data Path Delay:        3.528ns  (logic 0.148ns (4.195%)  route 3.380ns (95.805%))
  Logic Levels:           1  (LUT1=1)
  Clock Path Skew:        0.986ns (DCD - SCD + CPR)
    Destination Clock Delay (DCD):    0.986ns
    Source Clock Delay      (SCD):    0.000ns
    Clock Pessimism Removal (CPR):    0.000ns
  Clock Uncertainty:      0.025ns  ((TSJ^2 + TIJ^2)^1/2 + DJ) / 2 + PE
    Total System Jitter     (TSJ):    0.050ns
    Total Input Jitter      (TIJ):    0.000ns
    Discrete Jitter          (DJ):    0.000ns
    Phase Error              (PE):    0.000ns
  Timing Exception:       False Path

    Location             Delay type                Incr(ns)  Path(ns)    Netlist Resource(s)
  -------------------------------------------------------------------    -------------------
                                                      0.000     0.000 r  aresetn (IN)
                         net (fo=1, unset)            1.038     1.038    aresetn
    SLICE_X128Y173       LUT1 (Prop_lut1_I0_O)        0.148     1.186 f  axi_awready_reg_i_2/O
                         net (fo=142, routed)         2.342     3.528    axi_awready_reg_i_2_n_0
    SLICE_X141Y169       FDCE                                         f  slv_reg_pc_high_reg[2]/CLR
  -------------------------------------------------------------------    -------------------

                         (clock clk rise edge)        0.000     0.000 r  
                                                      0.000     0.000 r  aclk (IN)
                         net (fo=52865, unset)        0.986     0.986    aclk
    SLICE_X141Y169       FDCE                                         r  slv_reg_pc_high_reg[2]/C





Min Delay Paths
--------------------------------------------------------------------------------------
Slack:                    inf
  Source:                 aresetn
                            (input port)
  Destination:            slv_reg_pc_high_reg[22]/CLR
                            (removal check against rising-edge clock clk  {rise@0.000ns fall@6.250ns period=12.500ns})
  Path Group:             (none)
  Path Type:              Removal (Min at Fast Process Corner)
  Data Path Delay:        0.809ns  (logic 0.062ns (7.661%)  route 0.747ns (92.339%))
  Logic Levels:           1  (LUT1=1)
  Clock Path Skew:        0.542ns (DCD - SCD - CPR)
    Destination Clock Delay (DCD):    0.542ns
    Source Clock Delay      (SCD):    0.000ns
    Clock Pessimism Removal (CPR):    -0.000ns
  Timing Exception:       False Path

    Location             Delay type                Incr(ns)  Path(ns)    Netlist Resource(s)
  -------------------------------------------------------------------    -------------------
                                                      0.000     0.000 r  aresetn (IN)
                         net (fo=1, unset)            0.515     0.515    aresetn
    SLICE_X128Y173       LUT1 (Prop_lut1_I0_O)        0.062     0.577 f  axi_awready_reg_i_2/O
                         net (fo=142, routed)         0.233     0.809    axi_awready_reg_i_2_n_0
    SLICE_X131Y173       FDCE                                         f  slv_reg_pc_high_reg[22]/CLR
  -------------------------------------------------------------------    -------------------

                         (clock clk rise edge)        0.000     0.000 r  
                                                      0.000     0.000 r  aclk (IN)
                         net (fo=52865, unset)        0.542     0.542    aclk
    SLICE_X131Y173       FDCE                                         r  slv_reg_pc_high_reg[22]/C

Slack:                    inf
  Source:                 aresetn
                            (input port)
  Destination:            slv_reg_pc_high_reg[30]/CLR
                            (removal check against rising-edge clock clk  {rise@0.000ns fall@6.250ns period=12.500ns})
  Path Group:             (none)
  Path Type:              Removal (Min at Fast Process Corner)
  Data Path Delay:        0.809ns  (logic 0.062ns (7.661%)  route 0.747ns (92.339%))
  Logic Levels:           1  (LUT1=1)
  Clock Path Skew:        0.542ns (DCD - SCD - CPR)
    Destination Clock Delay (DCD):    0.542ns
    Source Clock Delay      (SCD):    0.000ns
    Clock Pessimism Removal (CPR):    -0.000ns
  Timing Exception:       False Path

    Location             Delay type                Incr(ns)  Path(ns)    Netlist Resource(s)
  -------------------------------------------------------------------    -------------------
                                                      0.000     0.000 r  aresetn (IN)
                         net (fo=1, unset)            0.515     0.515    aresetn
    SLICE_X128Y173       LUT1 (Prop_lut1_I0_O)        0.062     0.577 f  axi_awready_reg_i_2/O
                         net (fo=142, routed)         0.233     0.809    axi_awready_reg_i_2_n_0
    SLICE_X131Y173       FDCE                                         f  slv_reg_pc_high_reg[30]/CLR
  -------------------------------------------------------------------    -------------------

                         (clock clk rise edge)        0.000     0.000 r  
                                                      0.000     0.000 r  aclk (IN)
                         net (fo=52865, unset)        0.542     0.542    aclk
    SLICE_X131Y173       FDCE                                         r  slv_reg_pc_high_reg[30]/C

Slack:                    inf
  Source:                 aresetn
                            (input port)
  Destination:            slv_reg_pc_low_reg[22]/CLR
                            (removal check against rising-edge clock clk  {rise@0.000ns fall@6.250ns period=12.500ns})
  Path Group:             (none)
  Path Type:              Removal (Min at Fast Process Corner)
  Data Path Delay:        0.812ns  (logic 0.062ns (7.632%)  route 0.750ns (92.368%))
  Logic Levels:           1  (LUT1=1)
  Clock Path Skew:        0.542ns (DCD - SCD - CPR)
    Destination Clock Delay (DCD):    0.542ns
    Source Clock Delay      (SCD):    0.000ns
    Clock Pessimism Removal (CPR):    -0.000ns
  Timing Exception:       False Path

    Location             Delay type                Incr(ns)  Path(ns)    Netlist Resource(s)
  -------------------------------------------------------------------    -------------------
                                                      0.000     0.000 r  aresetn (IN)
                         net (fo=1, unset)            0.515     0.515    aresetn
    SLICE_X128Y173       LUT1 (Prop_lut1_I0_O)        0.062     0.577 f  axi_awready_reg_i_2/O
                         net (fo=142, routed)         0.236     0.812    axi_awready_reg_i_2_n_0
    SLICE_X130Y173       FDCE                                         f  slv_reg_pc_low_reg[22]/CLR
  -------------------------------------------------------------------    -------------------

                         (clock clk rise edge)        0.000     0.000 r  
                                                      0.000     0.000 r  aclk (IN)
                         net (fo=52865, unset)        0.542     0.542    aclk
    SLICE_X130Y173       FDCE                                         r  slv_reg_pc_low_reg[22]/C

Slack:                    inf
  Source:                 aresetn
                            (input port)
  Destination:            slv_reg_pc_low_reg[30]/CLR
                            (removal check against rising-edge clock clk  {rise@0.000ns fall@6.250ns period=12.500ns})
  Path Group:             (none)
  Path Type:              Removal (Min at Fast Process Corner)
  Data Path Delay:        0.812ns  (logic 0.062ns (7.632%)  route 0.750ns (92.368%))
  Logic Levels:           1  (LUT1=1)
  Clock Path Skew:        0.542ns (DCD - SCD - CPR)
    Destination Clock Delay (DCD):    0.542ns
    Source Clock Delay      (SCD):    0.000ns
    Clock Pessimism Removal (CPR):    -0.000ns
  Timing Exception:       False Path

    Location             Delay type                Incr(ns)  Path(ns)    Netlist Resource(s)
  -------------------------------------------------------------------    -------------------
                                                      0.000     0.000 r  aresetn (IN)
                         net (fo=1, unset)            0.515     0.515    aresetn
    SLICE_X128Y173       LUT1 (Prop_lut1_I0_O)        0.062     0.577 f  axi_awready_reg_i_2/O
                         net (fo=142, routed)         0.236     0.812    axi_awready_reg_i_2_n_0
    SLICE_X130Y173       FDCE                                         f  slv_reg_pc_low_reg[30]/CLR
  -------------------------------------------------------------------    -------------------

                         (clock clk rise edge)        0.000     0.000 r  
                                                      0.000     0.000 r  aclk (IN)
                         net (fo=52865, unset)        0.542     0.542    aclk
    SLICE_X130Y173       FDCE                                         r  slv_reg_pc_low_reg[30]/C

Slack:                    inf
  Source:                 aresetn
                            (input port)
  Destination:            slv_reg_ctrl_reg[27]/CLR
                            (removal check against rising-edge clock clk  {rise@0.000ns fall@6.250ns period=12.500ns})
  Path Group:             (none)
  Path Type:              Removal (Min at Fast Process Corner)
  Data Path Delay:        0.846ns  (logic 0.062ns (7.329%)  route 0.784ns (92.671%))
  Logic Levels:           1  (LUT1=1)
  Clock Path Skew:        0.542ns (DCD - SCD - CPR)
    Destination Clock Delay (DCD):    0.542ns
    Source Clock Delay      (SCD):    0.000ns
    Clock Pessimism Removal (CPR):    -0.000ns
  Timing Exception:       False Path

    Location             Delay type                Incr(ns)  Path(ns)    Netlist Resource(s)
  -------------------------------------------------------------------    -------------------
                                                      0.000     0.000 r  aresetn (IN)
                         net (fo=1, unset)            0.515     0.515    aresetn
    SLICE_X128Y173       LUT1 (Prop_lut1_I0_O)        0.062     0.577 f  axi_awready_reg_i_2/O
                         net (fo=142, routed)         0.269     0.846    axi_awready_reg_i_2_n_0
    SLICE_X132Y173       FDCE                                         f  slv_reg_ctrl_reg[27]/CLR
  -------------------------------------------------------------------    -------------------

                         (clock clk rise edge)        0.000     0.000 r  
                                                      0.000     0.000 r  aclk (IN)
                         net (fo=52865, unset)        0.542     0.542    aclk
    SLICE_X132Y173       FDCE                                         r  slv_reg_ctrl_reg[27]/C

Slack:                    inf
  Source:                 aresetn
                            (input port)
  Destination:            slv_reg_pc_low_reg[27]/CLR
                            (removal check against rising-edge clock clk  {rise@0.000ns fall@6.250ns period=12.500ns})
  Path Group:             (none)
  Path Type:              Removal (Min at Fast Process Corner)
  Data Path Delay:        0.846ns  (logic 0.062ns (7.329%)  route 0.784ns (92.671%))
  Logic Levels:           1  (LUT1=1)
  Clock Path Skew:        0.542ns (DCD - SCD - CPR)
    Destination Clock Delay (DCD):    0.542ns
    Source Clock Delay      (SCD):    0.000ns
    Clock Pessimism Removal (CPR):    -0.000ns
  Timing Exception:       False Path

    Location             Delay type                Incr(ns)  Path(ns)    Netlist Resource(s)
  -------------------------------------------------------------------    -------------------
                                                      0.000     0.000 r  aresetn (IN)
                         net (fo=1, unset)            0.515     0.515    aresetn
    SLICE_X128Y173       LUT1 (Prop_lut1_I0_O)        0.062     0.577 f  axi_awready_reg_i_2/O
                         net (fo=142, routed)         0.269     0.846    axi_awready_reg_i_2_n_0
    SLICE_X133Y173       FDCE                                         f  slv_reg_pc_low_reg[27]/CLR
  -------------------------------------------------------------------    -------------------

                         (clock clk rise edge)        0.000     0.000 r  
                                                      0.000     0.000 r  aclk (IN)
                         net (fo=52865, unset)        0.542     0.542    aclk
    SLICE_X133Y173       FDCE                                         r  slv_reg_pc_low_reg[27]/C

Slack:                    inf
  Source:                 aresetn
                            (input port)
  Destination:            axi_rdata_reg_reg[0]/CLR
                            (removal check against rising-edge clock clk  {rise@0.000ns fall@6.250ns period=12.500ns})
  Path Group:             (none)
  Path Type:              Removal (Min at Fast Process Corner)
  Data Path Delay:        0.885ns  (logic 0.062ns (7.003%)  route 0.823ns (92.997%))
  Logic Levels:           1  (LUT1=1)
  Clock Path Skew:        0.542ns (DCD - SCD - CPR)
    Destination Clock Delay (DCD):    0.542ns
    Source Clock Delay      (SCD):    0.000ns
    Clock Pessimism Removal (CPR):    -0.000ns
  Timing Exception:       False Path

    Location             Delay type                Incr(ns)  Path(ns)    Netlist Resource(s)
  -------------------------------------------------------------------    -------------------
                                                      0.000     0.000 r  aresetn (IN)
                         net (fo=1, unset)            0.515     0.515    aresetn
    SLICE_X128Y173       LUT1 (Prop_lut1_I0_O)        0.062     0.577 f  axi_awready_reg_i_2/O
                         net (fo=142, routed)         0.309     0.885    axi_awready_reg_i_2_n_0
    SLICE_X131Y171       FDCE                                         f  axi_rdata_reg_reg[0]/CLR
  -------------------------------------------------------------------    -------------------

                         (clock clk rise edge)        0.000     0.000 r  
                                                      0.000     0.000 r  aclk (IN)
                         net (fo=52865, unset)        0.542     0.542    aclk
    SLICE_X131Y171       FDCE                                         r  axi_rdata_reg_reg[0]/C

Slack:                    inf
  Source:                 aresetn
                            (input port)
  Destination:            axi_rdata_reg_reg[1]/CLR
                            (removal check against rising-edge clock clk  {rise@0.000ns fall@6.250ns period=12.500ns})
  Path Group:             (none)
  Path Type:              Removal (Min at Fast Process Corner)
  Data Path Delay:        0.885ns  (logic 0.062ns (7.003%)  route 0.823ns (92.997%))
  Logic Levels:           1  (LUT1=1)
  Clock Path Skew:        0.542ns (DCD - SCD - CPR)
    Destination Clock Delay (DCD):    0.542ns
    Source Clock Delay      (SCD):    0.000ns
    Clock Pessimism Removal (CPR):    -0.000ns
  Timing Exception:       False Path

    Location             Delay type                Incr(ns)  Path(ns)    Netlist Resource(s)
  -------------------------------------------------------------------    -------------------
                                                      0.000     0.000 r  aresetn (IN)
                         net (fo=1, unset)            0.515     0.515    aresetn
    SLICE_X128Y173       LUT1 (Prop_lut1_I0_O)        0.062     0.577 f  axi_awready_reg_i_2/O
                         net (fo=142, routed)         0.309     0.885    axi_awready_reg_i_2_n_0
    SLICE_X131Y171       FDCE                                         f  axi_rdata_reg_reg[1]/CLR
  -------------------------------------------------------------------    -------------------

                         (clock clk rise edge)        0.000     0.000 r  
                                                      0.000     0.000 r  aclk (IN)
                         net (fo=52865, unset)        0.542     0.542    aclk
    SLICE_X131Y171       FDCE                                         r  axi_rdata_reg_reg[1]/C

Slack:                    inf
  Source:                 aresetn
                            (input port)
  Destination:            slv_reg_ctrl_reg[0]/CLR
                            (removal check against rising-edge clock clk  {rise@0.000ns fall@6.250ns period=12.500ns})
  Path Group:             (none)
  Path Type:              Removal (Min at Fast Process Corner)
  Data Path Delay:        0.888ns  (logic 0.062ns (6.979%)  route 0.826ns (93.021%))
  Logic Levels:           1  (LUT1=1)
  Clock Path Skew:        0.542ns (DCD - SCD - CPR)
    Destination Clock Delay (DCD):    0.542ns
    Source Clock Delay      (SCD):    0.000ns
    Clock Pessimism Removal (CPR):    -0.000ns
  Timing Exception:       False Path

    Location             Delay type                Incr(ns)  Path(ns)    Netlist Resource(s)
  -------------------------------------------------------------------    -------------------
                                                      0.000     0.000 r  aresetn (IN)
                         net (fo=1, unset)            0.515     0.515    aresetn
    SLICE_X128Y173       LUT1 (Prop_lut1_I0_O)        0.062     0.577 f  axi_awready_reg_i_2/O
                         net (fo=142, routed)         0.312     0.888    axi_awready_reg_i_2_n_0
    SLICE_X130Y171       FDCE                                         f  slv_reg_ctrl_reg[0]/CLR
  -------------------------------------------------------------------    -------------------

                         (clock clk rise edge)        0.000     0.000 r  
                                                      0.000     0.000 r  aclk (IN)
                         net (fo=52865, unset)        0.542     0.542    aclk
    SLICE_X130Y171       FDCE                                         r  slv_reg_ctrl_reg[0]/C

Slack:                    inf
  Source:                 aresetn
                            (input port)
  Destination:            slv_reg_ctrl_reg[19]/CLR
                            (removal check against rising-edge clock clk  {rise@0.000ns fall@6.250ns period=12.500ns})
  Path Group:             (none)
  Path Type:              Removal (Min at Fast Process Corner)
  Data Path Delay:        0.888ns  (logic 0.062ns (6.979%)  route 0.826ns (93.021%))
  Logic Levels:           1  (LUT1=1)
  Clock Path Skew:        0.542ns (DCD - SCD - CPR)
    Destination Clock Delay (DCD):    0.542ns
    Source Clock Delay      (SCD):    0.000ns
    Clock Pessimism Removal (CPR):    -0.000ns
  Timing Exception:       False Path

    Location             Delay type                Incr(ns)  Path(ns)    Netlist Resource(s)
  -------------------------------------------------------------------    -------------------
                                                      0.000     0.000 r  aresetn (IN)
                         net (fo=1, unset)            0.515     0.515    aresetn
    SLICE_X128Y173       LUT1 (Prop_lut1_I0_O)        0.062     0.577 f  axi_awready_reg_i_2/O
                         net (fo=142, routed)         0.312     0.888    axi_awready_reg_i_2_n_0
    SLICE_X130Y171       FDCE                                         f  slv_reg_ctrl_reg[19]/CLR
  -------------------------------------------------------------------    -------------------

                         (clock clk rise edge)        0.000     0.000 r  
                                                      0.000     0.000 r  aclk (IN)
                         net (fo=52865, unset)        0.542     0.542    aclk
    SLICE_X130Y171       FDCE                                         r  slv_reg_ctrl_reg[19]/C





--------------------------------------------------------------------------------------
Path Group:  (none)
From Clock:  clk
  To Clock:  clk

Max Delay             3 Endpoints
Min Delay             3 Endpoints
--------------------------------------------------------------------------------------


Max Delay Paths
--------------------------------------------------------------------------------------
Slack:                    inf
  Source:                 u_core/u_lsu_flow_gate/throttle_tick_reg/C
                            (rising edge-triggered cell FDRE clocked by clk  {rise@0.000ns fall@6.250ns period=12.500ns})
  Destination:            flow_gate_status[3]
                            (output port clocked by clk  {rise@0.000ns fall@6.250ns period=12.500ns})
  Path Group:             (none)
  Path Type:              Max at Slow Process Corner
  Data Path Delay:        5.957ns  (logic 0.832ns (13.967%)  route 5.125ns (86.033%))
  Logic Levels:           2  (LUT5=2)
  Output Delay:           2.500ns
  Clock Path Skew:        -1.038ns (DCD - SCD + CPR)
    Destination Clock Delay (DCD):    0.000ns
    Source Clock Delay      (SCD):    1.038ns
    Clock Pessimism Removal (CPR):    0.000ns
  Clock Uncertainty:      0.035ns  ((TSJ^2 + TIJ^2)^1/2 + DJ) / 2 + PE
    Total System Jitter     (TSJ):    0.071ns
    Total Input Jitter      (TIJ):    0.000ns
    Discrete Jitter          (DJ):    0.000ns
    Phase Error              (PE):    0.000ns
  Timing Exception:       False Path

    Location             Delay type                Incr(ns)  Path(ns)    Netlist Resource(s)
  -------------------------------------------------------------------    -------------------
                         (clock clk rise edge)        0.000     0.000 r  
                                                      0.000     0.000 r  aclk (IN)
                         net (fo=52865, unset)        1.038     1.038    u_core/u_lsu_flow_gate/aclk
    SLICE_X38Y156        FDRE                                         r  u_core/u_lsu_flow_gate/throttle_tick_reg/C
  -------------------------------------------------------------------    -------------------
    SLICE_X38Y156        FDRE (Prop_fdre_C_Q)         0.536     1.574 f  u_core/u_lsu_flow_gate/throttle_tick_reg/Q
                         net (fo=2, routed)           2.459     4.033    u_core/u_lsu_flow_gate/throttle_tick_reg_n_0
    SLICE_X38Y114        LUT5 (Prop_lut5_I4_O)        0.148     4.181 r  u_core/u_lsu_flow_gate/flow_gate_status[3]_INST_0_i_1/O
                         net (fo=1, routed)           1.628     5.809    u_core/u_lsu_flow_gate/flow_gate_status[3]_INST_0_i_1_n_0
    SLICE_X41Y140        LUT5 (Prop_lut5_I2_O)        0.148     5.957 r  u_core/u_lsu_flow_gate/flow_gate_status[3]_INST_0/O
                         net (fo=3, unset)            1.038     6.995    flow_gate_status[3]
                                                                      r  flow_gate_status[3] (OUT)
  -------------------------------------------------------------------    -------------------

Slack:                    inf
  Source:                 u_core/u_lsu_flow_gate/fifo_rp_reg[1]/C
                            (rising edge-triggered cell FDRE clocked by clk  {rise@0.000ns fall@6.250ns period=12.500ns})
  Destination:            flow_gate_status[1]
                            (output port clocked by clk  {rise@0.000ns fall@6.250ns period=12.500ns})
  Path Group:             (none)
  Path Type:              Max at Slow Process Corner
  Data Path Delay:        4.770ns  (logic 0.692ns (14.506%)  route 4.078ns (85.494%))
  Logic Levels:           1  (LUT4=1)
  Output Delay:           2.500ns
  Clock Path Skew:        -1.038ns (DCD - SCD + CPR)
    Destination Clock Delay (DCD):    0.000ns
    Source Clock Delay      (SCD):    1.038ns
    Clock Pessimism Removal (CPR):    0.000ns
  Clock Uncertainty:      0.035ns  ((TSJ^2 + TIJ^2)^1/2 + DJ) / 2 + PE
    Total System Jitter     (TSJ):    0.071ns
    Total Input Jitter      (TIJ):    0.000ns
    Discrete Jitter          (DJ):    0.000ns
    Phase Error              (PE):    0.000ns
  Timing Exception:       False Path

    Location             Delay type                Incr(ns)  Path(ns)    Netlist Resource(s)
  -------------------------------------------------------------------    -------------------
                         (clock clk rise edge)        0.000     0.000 r  
                                                      0.000     0.000 r  aclk (IN)
                         net (fo=52865, unset)        1.038     1.038    u_core/u_lsu_flow_gate/aclk
    SLICE_X27Y98         FDRE                                         r  u_core/u_lsu_flow_gate/fifo_rp_reg[1]/C
  -------------------------------------------------------------------    -------------------
    SLICE_X27Y98         FDRE (Prop_fdre_C_Q)         0.536     1.574 r  u_core/u_lsu_flow_gate/fifo_rp_reg[1]/Q
                         net (fo=145, routed)         3.040     4.614    u_core/u_lsu_flow_gate/fifo_rp[1]
    SLICE_X41Y139        LUT4 (Prop_lut4_I3_O)        0.156     4.770 r  u_core/u_lsu_flow_gate/flow_gate_status[1]_INST_0/O
                         net (fo=2, unset)            1.038     5.808    flow_gate_status[1]
                                                                      r  flow_gate_status[1] (OUT)
  -------------------------------------------------------------------    -------------------

Slack:                    inf
  Source:                 u_core/u_lsu_flow_gate/fifo_rp_reg[0]/C
                            (rising edge-triggered cell FDRE clocked by clk  {rise@0.000ns fall@6.250ns period=12.500ns})
  Destination:            flow_gate_status[0]
                            (output port clocked by clk  {rise@0.000ns fall@6.250ns period=12.500ns})
  Path Group:             (none)
  Path Type:              Max at Slow Process Corner
  Data Path Delay:        4.586ns  (logic 0.695ns (15.155%)  route 3.891ns (84.845%))
  Logic Levels:           1  (LUT2=1)
  Output Delay:           2.500ns
  Clock Path Skew:        -1.038ns (DCD - SCD + CPR)
    Destination Clock Delay (DCD):    0.000ns
    Source Clock Delay      (SCD):    1.038ns
    Clock Pessimism Removal (CPR):    0.000ns
  Clock Uncertainty:      0.035ns  ((TSJ^2 + TIJ^2)^1/2 + DJ) / 2 + PE
    Total System Jitter     (TSJ):    0.071ns
    Total Input Jitter      (TIJ):    0.000ns
    Discrete Jitter          (DJ):    0.000ns
    Phase Error              (PE):    0.000ns
  Timing Exception:       False Path

    Location             Delay type                Incr(ns)  Path(ns)    Netlist Resource(s)
  -------------------------------------------------------------------    -------------------
                         (clock clk rise edge)        0.000     0.000 r  
                                                      0.000     0.000 r  aclk (IN)
                         net (fo=52865, unset)        1.038     1.038    u_core/u_lsu_flow_gate/aclk
    SLICE_X27Y98         FDRE                                         r  u_core/u_lsu_flow_gate/fifo_rp_reg[0]/C
  -------------------------------------------------------------------    -------------------
    SLICE_X27Y98         FDRE (Prop_fdre_C_Q)         0.536     1.574 r  u_core/u_lsu_flow_gate/fifo_rp_reg[0]/Q
                         net (fo=146, routed)         2.853     4.427    u_core/u_lsu_flow_gate/fifo_rp[0]
    SLICE_X41Y141        LUT2 (Prop_lut2_I0_O)        0.159     4.586 r  u_core/u_lsu_flow_gate/flow_gate_status[0]_INST_0/O
                         net (fo=2, unset)            1.038     5.624    flow_gate_status[0]
                                                                      r  flow_gate_status[0] (OUT)
  -------------------------------------------------------------------    -------------------





Min Delay Paths
--------------------------------------------------------------------------------------
Slack:                    inf
  Source:                 u_core/u_lsu_flow_gate/credit_count_int_reg[5]/C
                            (rising edge-triggered cell FDRE clocked by clk  {rise@0.000ns fall@6.250ns period=12.500ns})
  Destination:            flow_gate_status[3]
                            (output port clocked by clk  {rise@0.000ns fall@6.250ns period=12.500ns})
  Path Group:             (none)
  Path Type:              Min at Fast Process Corner
  Data Path Delay:        0.913ns  (logic 0.285ns (31.210%)  route 0.628ns (68.790%))
  Logic Levels:           1  (LUT5=1)
  Output Delay:           -0.200ns
  Clock Path Skew:        -0.515ns (DCD - SCD - CPR)
    Destination Clock Delay (DCD):    0.000ns
    Source Clock Delay      (SCD):    0.515ns
    Clock Pessimism Removal (CPR):    -0.000ns
  Clock Uncertainty:      0.035ns  ((TSJ^2 + TIJ^2)^1/2 + DJ) / 2 + PE
    Total System Jitter     (TSJ):    0.071ns
    Total Input Jitter      (TIJ):    0.000ns
    Discrete Jitter          (DJ):    0.000ns
    Phase Error              (PE):    0.000ns
  Timing Exception:       False Path

    Location             Delay type                Incr(ns)  Path(ns)    Netlist Resource(s)
  -------------------------------------------------------------------    -------------------
                         (clock clk rise edge)        0.000     0.000 r  
                                                      0.000     0.000 r  aclk (IN)
                         net (fo=52865, unset)        0.515     0.515    u_core/u_lsu_flow_gate/aclk
    SLICE_X40Y140        FDRE                                         r  u_core/u_lsu_flow_gate/credit_count_int_reg[5]/C
  -------------------------------------------------------------------    -------------------
    SLICE_X40Y140        FDRE (Prop_fdre_C_Q)         0.223     0.738 r  u_core/u_lsu_flow_gate/credit_count_int_reg[5]/Q
                         net (fo=5, routed)           0.113     0.851    u_core/u_lsu_flow_gate/credit_count_int_reg_n_0_[5]
    SLICE_X41Y140        LUT5 (Prop_lut5_I0_O)        0.062     0.913 r  u_core/u_lsu_flow_gate/flow_gate_status[3]_INST_0/O
                         net (fo=3, unset)            0.515     1.428    flow_gate_status[3]
                                                                      r  flow_gate_status[3] (OUT)
  -------------------------------------------------------------------    -------------------

Slack:                    inf
  Source:                 u_core/u_lsu_flow_gate/fifo_wp_reg[0]/C
                            (rising edge-triggered cell FDRE clocked by clk  {rise@0.000ns fall@6.250ns period=12.500ns})
  Destination:            flow_gate_status[0]
                            (output port clocked by clk  {rise@0.000ns fall@6.250ns period=12.500ns})
  Path Group:             (none)
  Path Type:              Min at Fast Process Corner
  Data Path Delay:        1.121ns  (logic 0.330ns (29.443%)  route 0.791ns (70.557%))
  Logic Levels:           1  (LUT2=1)
  Output Delay:           -0.200ns
  Clock Path Skew:        -0.515ns (DCD - SCD - CPR)
    Destination Clock Delay (DCD):    0.000ns
    Source Clock Delay      (SCD):    0.515ns
    Clock Pessimism Removal (CPR):    -0.000ns
  Clock Uncertainty:      0.035ns  ((TSJ^2 + TIJ^2)^1/2 + DJ) / 2 + PE
    Total System Jitter     (TSJ):    0.071ns
    Total Input Jitter      (TIJ):    0.000ns
    Discrete Jitter          (DJ):    0.000ns
    Phase Error              (PE):    0.000ns
  Timing Exception:       False Path

    Location             Delay type                Incr(ns)  Path(ns)    Netlist Resource(s)
  -------------------------------------------------------------------    -------------------
                         (clock clk rise edge)        0.000     0.000 r  
                                                      0.000     0.000 r  aclk (IN)
                         net (fo=52865, unset)        0.515     0.515    u_core/u_lsu_flow_gate/aclk
    SLICE_X40Y140        FDRE                                         r  u_core/u_lsu_flow_gate/fifo_wp_reg[0]/C
  -------------------------------------------------------------------    -------------------
    SLICE_X40Y140        FDRE (Prop_fdre_C_Q)         0.203     0.718 r  u_core/u_lsu_flow_gate/fifo_wp_reg[0]/Q
                         net (fo=194, routed)         0.276     0.994    u_core/u_lsu_flow_gate/fifo_wp[0]
    SLICE_X41Y141        LUT2 (Prop_lut2_I1_O)        0.127     1.121 r  u_core/u_lsu_flow_gate/flow_gate_status[0]_INST_0/O
                         net (fo=2, unset)            0.515     1.636    flow_gate_status[0]
                                                                      r  flow_gate_status[0] (OUT)
  -------------------------------------------------------------------    -------------------

Slack:                    inf
  Source:                 u_core/u_lsu_flow_gate/fifo_wp_reg[0]/C
                            (rising edge-triggered cell FDRE clocked by clk  {rise@0.000ns fall@6.250ns period=12.500ns})
  Destination:            flow_gate_status[1]
                            (output port clocked by clk  {rise@0.000ns fall@6.250ns period=12.500ns})
  Path Group:             (none)
  Path Type:              Min at Fast Process Corner
  Data Path Delay:        1.211ns  (logic 0.330ns (27.260%)  route 0.881ns (72.740%))
  Logic Levels:           1  (LUT4=1)
  Output Delay:           -0.200ns
  Clock Path Skew:        -0.515ns (DCD - SCD - CPR)
    Destination Clock Delay (DCD):    0.000ns
    Source Clock Delay      (SCD):    0.515ns
    Clock Pessimism Removal (CPR):    -0.000ns
  Clock Uncertainty:      0.035ns  ((TSJ^2 + TIJ^2)^1/2 + DJ) / 2 + PE
    Total System Jitter     (TSJ):    0.071ns
    Total Input Jitter      (TIJ):    0.000ns
    Discrete Jitter          (DJ):    0.000ns
    Phase Error              (PE):    0.000ns
  Timing Exception:       False Path

    Location             Delay type                Incr(ns)  Path(ns)    Netlist Resource(s)
  -------------------------------------------------------------------    -------------------
                         (clock clk rise edge)        0.000     0.000 r  
                                                      0.000     0.000 r  aclk (IN)
                         net (fo=52865, unset)        0.515     0.515    u_core/u_lsu_flow_gate/aclk
    SLICE_X40Y140        FDRE                                         r  u_core/u_lsu_flow_gate/fifo_wp_reg[0]/C
  -------------------------------------------------------------------    -------------------
    SLICE_X40Y140        FDRE (Prop_fdre_C_Q)         0.203     0.718 r  u_core/u_lsu_flow_gate/fifo_wp_reg[0]/Q
                         net (fo=194, routed)         0.366     1.084    u_core/u_lsu_flow_gate/fifo_wp[0]
    SLICE_X41Y139        LUT4 (Prop_lut4_I1_O)        0.127     1.211 r  u_core/u_lsu_flow_gate/flow_gate_status[1]_INST_0/O
                         net (fo=2, unset)            0.515     1.725    flow_gate_status[1]
                                                                      r  flow_gate_status[1] (OUT)
  -------------------------------------------------------------------    -------------------





