Copyright 1986-2022 Xilinx, Inc. All Rights Reserved. Copyright 2022-2025 Advanced Micro Devices, Inc. All Rights Reserved.
---------------------------------------------------------------------------------------------------------------------------------------------
| Tool Version : Vivado v.2025.2 (win64) Build 6299465 Fri Nov 14 19:35:11 GMT 2025
| Date         : Fri Aug 21 11:32:53 2026
| Host         : SanukaPCs running 64-bit major release  (build 9200)
| Command      : report_control_sets -verbose -file lotus_axi4_wrapper_control_sets_placed.rpt
| Design       : lotus_axi4_wrapper
| Device       : xc7a200tl
---------------------------------------------------------------------------------------------------------------------------------------------

Control Set Information

Table of Contents
-----------------
1. Summary
2. Histogram
3. Flip-Flop Distribution
4. Detailed Control Set Information

1. Summary
----------

+----------------------------------------------------------+-------+
|                          Status                          | Count |
+----------------------------------------------------------+-------+
| Total control sets                                       |  1174 |
|    Minimum number of control sets                        |  1173 |
|    Addition due to synthesis replication                 |     1 |
|    Addition due to physical synthesis replication        |     0 |
| Unused register locations in slices containing registers |   696 |
+----------------------------------------------------------+-------+
* Control sets can be merged at opt_design using control_set_merge or merge_equivalent_drivers
** Run report_qor_suggestions for automated merging and remapping suggestions


2. Histogram
------------

+--------------------+-------+
|       Fanout       | Count |
+--------------------+-------+
| Total control sets |  1174 |
| >= 0 to < 4        |    26 |
| >= 4 to < 6        |    10 |
| >= 6 to < 8        |   164 |
| >= 8 to < 10       |   787 |
| >= 10 to < 12      |     0 |
| >= 12 to < 14      |     4 |
| >= 14 to < 16      |     6 |
| >= 16              |   177 |
+--------------------+-------+
* Control sets can be remapped at either synth_design or opt_design


3. Flip-Flop Distribution
-------------------------

+--------------+-----------------------+------------------------+-----------------+--------------+
| Clock Enable | Synchronous Set/Reset | Asynchronous Set/Reset | Total Registers | Total Slices |
+--------------+-----------------------+------------------------+-----------------+--------------+
| No           | No                    | No                     |            4244 |         1285 |
| No           | No                    | Yes                    |             806 |          383 |
| No           | Yes                   | No                     |            2981 |         1185 |
| Yes          | No                    | No                     |           13891 |         5954 |
| Yes          | No                    | Yes                    |            6779 |         2279 |
| Yes          | Yes                   | No                     |           11547 |         4416 |
+--------------+-----------------------+------------------------+-----------------+--------------+


4. Detailed Control Set Information
-----------------------------------

+--------------+---------------------------------------------------------------------------+--------------------------------------------------------+------------------+----------------+--------------+
| Clock Signal |                               Enable Signal                               |                    Set/Reset Signal                    | Slice Load Count | Bel Load Count | Bels / Slice |
+--------------+---------------------------------------------------------------------------+--------------------------------------------------------+------------------+----------------+--------------+
|  aclk        | u_core/u_rob/rob_exc_cause[27][2]_i_1_n_0                                 | u_core/u_lsq/RSTM                                      |                1 |              2 |         2.00 |
|  aclk        | u_core/u_rob/rob_exc_cause[18][2]_i_1_n_0                                 | u_core/u_lsq/RSTM                                      |                1 |              2 |         2.00 |
|  aclk        | u_core/u_rob/rob_exc_cause[10][2]_i_1_n_0                                 | u_core/u_lsq/RSTM                                      |                1 |              2 |         2.00 |
|  aclk        | u_core/u_rob/rob_exc_cause[28][2]_i_1_n_0                                 | u_core/u_lsq/RSTM                                      |                1 |              2 |         2.00 |
|  aclk        | u_core/u_rob/rob_exc_cause[20][2]_i_1_n_0                                 | u_core/u_lsq/RSTM                                      |                1 |              2 |         2.00 |
|  aclk        | u_core/u_rob/rob_exc_cause[14][2]_i_1_n_0                                 | u_core/u_lsq/RSTM                                      |                1 |              2 |         2.00 |
|  aclk        | u_core/u_rob/rob_exc_cause[26][2]_i_1_n_0                                 | u_core/u_lsq/RSTM                                      |                1 |              2 |         2.00 |
|  aclk        | u_core/u_rob/rob_exc_cause[12][2]_i_1_n_0                                 | u_core/u_lsq/RSTM                                      |                1 |              2 |         2.00 |
|  aclk        | u_core/u_rob/rob_exc_cause[3][2]_i_1_n_0                                  | u_core/u_lsq/RSTM                                      |                1 |              2 |         2.00 |
|  aclk        | u_core/u_rob/rob_exc_cause[30][2]_i_1_n_0                                 | u_core/u_lsq/RSTM                                      |                1 |              2 |         2.00 |
|  aclk        | u_core/u_rob/rob_exc_cause[4][2]_i_1_n_0                                  | u_core/u_lsq/RSTM                                      |                1 |              2 |         2.00 |
|  aclk        | u_core/u_rob/rob_exc_cause[2][2]_i_1_n_0                                  | u_core/u_lsq/RSTM                                      |                1 |              2 |         2.00 |
|  aclk        | u_core/u_rob/rob_exc_cause[7][2]_i_1_n_0                                  | u_core/u_lsq/RSTM                                      |                1 |              2 |         2.00 |
|  aclk        | u_core/u_rob/rob_exc_cause[9][2]_i_1_n_0                                  | u_core/u_lsq/RSTM                                      |                1 |              2 |         2.00 |
|  aclk        | u_core/u_rob/rob_exc_cause[8][2]_i_1_n_0                                  | u_core/u_lsq/RSTM                                      |                1 |              2 |         2.00 |
|  aclk        | u_core/u_rob/rob_exc_cause[6][2]_i_1_n_0                                  | u_core/u_lsq/RSTM                                      |                1 |              2 |         2.00 |
|  aclk        | u_core/u_rob/rob_exc_cause[19][2]_i_1_n_0                                 | u_core/u_lsq/RSTM                                      |                1 |              2 |         2.00 |
|  aclk        | u_core/u_rob/rob_exc_cause[11][2]_i_1_n_0                                 | u_core/u_lsq/RSTM                                      |                1 |              2 |         2.00 |
|  aclk        | u_core/u_rob/rob_exc_cause[25][2]_i_1_n_0                                 | u_core/u_lsq/RSTM                                      |                1 |              2 |         2.00 |
|  aclk        | u_core/u_rob/rob_exc_cause[24][2]_i_1_n_0                                 | u_core/u_lsq/RSTM                                      |                1 |              2 |         2.00 |
|  aclk        | u_core/u_l2_cache/tag_dirty_w0_reg_0_15_0_0_i_1_n_0                       |                                                        |                1 |              2 |         2.00 |
|  aclk        | u_core/u_l2_cache/tag_dirty_w1_reg_0_15_0_0_i_2_n_0                       |                                                        |                1 |              2 |         2.00 |
|  aclk        | u_core/u_l2_cache/tag_dirty_w3_reg_0_15_0_0_i_1_n_0                       |                                                        |                1 |              2 |         2.00 |
|  aclk        | u_core/u_l2_cache/tag_dirty_w2_reg_0_15_0_0_i_1_n_0                       |                                                        |                1 |              2 |         2.00 |
|  aclk        | u_core/u_rob/rob_exc_cause[15][2]_i_1_n_0                                 | u_core/u_lsq/RSTM                                      |                1 |              2 |         2.00 |
|  aclk        | u_core/u_rob/rob_exc_cause[13][2]_i_1_n_0                                 | u_core/u_lsq/RSTM                                      |                1 |              2 |         2.00 |
|  aclk        |                                                                           | u_core/u_decoder/dispatch_valid[3]_i_1_n_0             |                2 |              4 |         2.00 |
|  aclk        | u_core/u_rob/rob_exc_valid[16]_i_1_n_0                                    | u_core/u_lsq/RSTM                                      |                2 |              4 |         2.00 |
|  aclk        | u_core/u_rob/rob_completed200_out                                         | u_core/u_lsq/RSTM                                      |                2 |              4 |         2.00 |
|  aclk        | u_core/u_rob/rob_completed332_out                                         | u_core/u_lsq/RSTM                                      |                2 |              4 |         2.00 |
|  aclk        | u_core/u_tage/ghr_entries_count[3]_i_1_n_0                                | u_core/u_lsq/RSTM                                      |                1 |              4 |         4.00 |
|  aclk        | u_core/u_rob/rob_completed224_out                                         | u_core/u_lsq/RSTM                                      |                1 |              4 |         4.00 |
|  aclk        | u_core/u_rob/rob_completed98_out                                          | u_core/u_lsq/RSTM                                      |                3 |              4 |         1.33 |
|  aclk        | u_core/u_rs/rob_flush_reg_reg_rep__3[0]                                   | u_core/u_lsq/RSTM                                      |                1 |              4 |         4.00 |
|  aclk        | u_core/u_rs/issue_valid_reg[2]_0[0]                                       | u_core/u_lsq/RSTM                                      |                2 |              5 |         2.50 |
|  aclk        | u_core/u_tensor_engine/drain_cnt_r[4]_i_1_n_0                             | u_core/u_lsq/RSTM                                      |                2 |              5 |         2.50 |
|  aclk        |                                                                           | axi_awready_reg_i_2_n_0                                |                2 |              6 |         3.00 |
|  aclk        |                                                                           | u_core/u_renamer/fl_count[7]_i_1_n_0                   |                2 |              6 |         3.00 |
|  aclk        | u_core/u_renamer/free_list[85][6]_i_1_n_0                                 | u_core/u_lsq/RSTM                                      |                3 |              7 |         2.33 |
|  aclk        | u_core/u_renamer/free_list[89][6]_i_1_n_0                                 | u_core/u_lsq/RSTM                                      |                3 |              7 |         2.33 |
|  aclk        | u_core/u_renamer/free_list[8][6]_i_1_n_0                                  | u_core/u_lsq/RSTM                                      |                3 |              7 |         2.33 |
|  aclk        | u_core/u_renamer/free_list[87][6]_i_1_n_0                                 | u_core/u_lsq/RSTM                                      |                4 |              7 |         1.75 |
|  aclk        | u_core/u_renamer/free_list[88][6]_i_1_n_0                                 | u_core/u_lsq/RSTM                                      |                2 |              7 |         3.50 |
|  aclk        | u_core/u_renamer/free_list[90][6]_i_1_n_0                                 | u_core/u_lsq/RSTM                                      |                3 |              7 |         2.33 |
|  aclk        | u_core/u_renamer/free_list[94][6]_i_1_n_0                                 | u_core/u_lsq/RSTM                                      |                3 |              7 |         2.33 |
|  aclk        | u_core/u_renamer/free_list[93][6]_i_1_n_0                                 | u_core/u_lsq/RSTM                                      |                3 |              7 |         2.33 |
|  aclk        | u_core/u_renamer/free_list[91][6]_i_1_n_0                                 | u_core/u_lsq/RSTM                                      |                4 |              7 |         1.75 |
|  aclk        | u_core/u_renamer/free_list[92][6]_i_1_n_0                                 | u_core/u_lsq/RSTM                                      |                2 |              7 |         3.50 |
|  aclk        | u_core/u_renamer/free_list[95][6]_i_1_n_0                                 | u_core/u_lsq/RSTM                                      |                2 |              7 |         3.50 |
|  aclk        | u_core/u_renamer/free_list[102][6]_i_1_n_0                                | u_core/u_lsq/RSTM                                      |                4 |              7 |         1.75 |
|  aclk        | u_core/u_renamer/free_list[101][6]_i_1_n_0                                | u_core/u_lsq/RSTM                                      |                2 |              7 |         3.50 |
|  aclk        | u_core/u_renamer/free_list[0][6]_i_1_n_0                                  | u_core/u_lsq/RSTM                                      |                5 |              7 |         1.40 |
|  aclk        | u_core/u_decoder/dispatch_uop_reg[0][dest_reg][0]_7[0]                    | u_core/u_lsq/RSTM                                      |                6 |              7 |         1.17 |
|  aclk        | u_core/u_decoder/dispatch_uop_reg[1][dest_reg][1]_rep_0[0]                | u_core/u_lsq/RSTM                                      |                7 |              7 |         1.00 |
|  aclk        | u_core/u_decoder/dispatch_uop_reg[1][dest_reg][1]_0[0]                    | u_core/u_lsq/RSTM                                      |                6 |              7 |         1.17 |
|  aclk        | u_core/u_decoder/dispatch_uop_reg[1][dest_reg][2]_0[0]                    | u_core/u_lsq/RSTM                                      |                6 |              7 |         1.17 |
|  aclk        | u_core/u_decoder/dispatch_uop_reg[1][dest_reg][4]_13[0]                   | u_core/u_lsq/RSTM                                      |                5 |              7 |         1.40 |
|  aclk        | u_core/u_decoder/dispatch_uop_reg[1][dest_reg][2]_1[0]                    | u_core/u_lsq/RSTM                                      |                7 |              7 |         1.00 |
|  aclk        | u_core/u_decoder/dispatch_uop_reg[2][dest_reg][2]_4[0]                    | u_core/u_lsq/RSTM                                      |                6 |              7 |         1.17 |
|  aclk        | u_core/u_decoder/dispatch_uop_reg[2][dest_reg][3]_30[0]                   | u_core/u_lsq/RSTM                                      |                6 |              7 |         1.17 |
|  aclk        | u_core/u_decoder/dispatch_uop_reg[2][dest_reg][0]_6[0]                    | u_core/u_lsq/RSTM                                      |                5 |              7 |         1.40 |
|  aclk        | u_core/u_decoder/dispatch_uop_reg[2][dest_reg][3]_1[0]                    | u_core/u_lsq/RSTM                                      |                6 |              7 |         1.17 |
|  aclk        | u_core/u_decoder/dispatch_uop_reg[2][dest_reg][3]_29[0]                   | u_core/u_lsq/RSTM                                      |                6 |              7 |         1.17 |
|  aclk        | u_core/u_decoder/dispatch_uop_reg[2][dest_reg][4]_1[0]                    | u_core/u_lsq/RSTM                                      |                4 |              7 |         1.75 |
|  aclk        | u_core/u_decoder/dispatch_uop_reg[3][dest_reg][0]_0[0]                    | u_core/u_lsq/RSTM                                      |                5 |              7 |         1.40 |
|  aclk        | u_core/u_decoder/dispatch_uop_reg[3][dest_reg][3]_1[0]                    | u_core/u_lsq/RSTM                                      |                5 |              7 |         1.40 |
|  aclk        | u_core/u_decoder/dispatch_uop_reg[3][dest_reg][0]_2[0]                    | u_core/u_lsq/RSTM                                      |                5 |              7 |         1.40 |
|  aclk        | u_core/u_decoder/dispatch_uop_reg[3][dest_reg][2]_1[0]                    | u_core/u_lsq/RSTM                                      |                5 |              7 |         1.40 |
|  aclk        | u_core/u_decoder/dispatch_uop_reg[3][dest_reg][3]_0[0]                    | u_core/u_lsq/RSTM                                      |                5 |              7 |         1.40 |
|  aclk        | u_core/u_decoder/dispatch_uop_reg[3][dest_reg][2]_0[0]                    | u_core/u_lsq/RSTM                                      |                6 |              7 |         1.17 |
|  aclk        | u_core/u_decoder/dispatch_uop_reg[3][dest_reg][4]_0[0]                    | u_core/u_lsq/RSTM                                      |                4 |              7 |         1.75 |
|  aclk        | u_core/u_decoder/dispatch_uop_reg[3][dest_reg][4]_2[0]                    | u_core/u_lsq/RSTM                                      |                4 |              7 |         1.75 |
|  aclk        | u_core/u_decoder/dispatch_uop_reg[3][dest_reg][2]_3[0]                    | u_core/u_lsq/RSTM                                      |                5 |              7 |         1.40 |
|  aclk        | u_core/u_decoder/dispatch_uop_reg[3][dest_reg][0]_1[0]                    | u_core/u_lsq/RSTM                                      |                5 |              7 |         1.40 |
|  aclk        | u_core/u_decoder/dispatch_uop_reg[3][dest_reg][2]_2[0]                    | u_core/u_lsq/RSTM                                      |                7 |              7 |         1.00 |
|  aclk        | u_core/u_decoder/rob_flush_reg_reg_rep_5[0]                               | u_core/u_lsq/RSTM                                      |                6 |              7 |         1.17 |
|  aclk        | u_core/u_decoder/rob_flush_reg_reg_rep__0_10[0]                           | u_core/u_lsq/RSTM                                      |                7 |              7 |         1.00 |
|  aclk        | u_core/u_decoder/rob_flush_reg_reg_rep__0_11[0]                           | u_core/u_lsq/RSTM                                      |                7 |              7 |         1.00 |
|  aclk        | u_core/u_decoder/rob_flush_reg_reg_rep_4[0]                               | u_core/u_lsq/RSTM                                      |                6 |              7 |         1.17 |
|  aclk        | u_core/u_decoder/rob_flush_reg_reg_rep_2[0]                               | u_core/u_lsq/RSTM                                      |                6 |              7 |         1.17 |
|  aclk        | u_core/u_decoder/rob_flush_reg_reg_rep__0_1[0]                            | u_core/u_lsq/RSTM                                      |                5 |              7 |         1.40 |
|  aclk        | u_core/u_decoder/rob_flush_reg_reg_rep__0_9[0]                            | u_core/u_lsq/RSTM                                      |                5 |              7 |         1.40 |
|  aclk        | u_core/u_decoder/rob_flush_reg_reg_rep__0_8[0]                            | u_core/u_lsq/RSTM                                      |                5 |              7 |         1.40 |
|  aclk        | u_core/u_renamer/free_list[100][6]_i_1_n_0                                | u_core/u_lsq/RSTM                                      |                3 |              7 |         2.33 |
|  aclk        | u_core/u_renamer/free_list[103][6]_i_1_n_0                                | u_core/u_lsq/RSTM                                      |                5 |              7 |         1.40 |
|  aclk        | u_core/u_renamer/free_list[105][6]_i_1_n_0                                | u_core/u_lsq/RSTM                                      |                3 |              7 |         2.33 |
|  aclk        | u_core/u_renamer/free_list[104][6]_i_1_n_0                                | u_core/u_lsq/RSTM                                      |                3 |              7 |         2.33 |
|  aclk        | u_core/u_renamer/free_list[106][6]_i_1_n_0                                | u_core/u_lsq/RSTM                                      |                4 |              7 |         1.75 |
|  aclk        | u_core/u_renamer/free_list[108][6]_i_1_n_0                                | u_core/u_lsq/RSTM                                      |                3 |              7 |         2.33 |
|  aclk        | u_core/u_renamer/free_list[10][6]_i_1_n_0                                 | u_core/u_lsq/RSTM                                      |                4 |              7 |         1.75 |
|  aclk        | u_core/u_renamer/free_list[110][6]_i_1_n_0                                | u_core/u_lsq/RSTM                                      |                2 |              7 |         3.50 |
|  aclk        | u_core/u_renamer/free_list[107][6]_i_1_n_0                                | u_core/u_lsq/RSTM                                      |                4 |              7 |         1.75 |
|  aclk        | u_core/u_renamer/free_list[109][6]_i_1_n_0                                | u_core/u_lsq/RSTM                                      |                3 |              7 |         2.33 |
|  aclk        | u_core/u_renamer/free_list[115][6]_i_1_n_0                                | u_core/u_lsq/RSTM                                      |                4 |              7 |         1.75 |
|  aclk        | u_core/u_renamer/free_list[113][6]_i_1_n_0                                | u_core/u_lsq/RSTM                                      |                4 |              7 |         1.75 |
|  aclk        | u_core/u_renamer/free_list[112][6]_i_1_n_0                                | u_core/u_lsq/RSTM                                      |                4 |              7 |         1.75 |
|  aclk        | u_core/u_renamer/free_list[114][6]_i_1_n_0                                | u_core/u_lsq/RSTM                                      |                4 |              7 |         1.75 |
|  aclk        | u_core/u_renamer/free_list[111][6]_i_1_n_0                                | u_core/u_lsq/RSTM                                      |                4 |              7 |         1.75 |
|  aclk        | u_core/u_renamer/free_list[119][6]_i_1_n_0                                | u_core/u_lsq/RSTM                                      |                2 |              7 |         3.50 |
|  aclk        | u_core/u_renamer/free_list[117][6]_i_1_n_0                                | u_core/u_lsq/RSTM                                      |                3 |              7 |         2.33 |
|  aclk        | u_core/u_decoder/rob_flush_reg_reg_rep_3[0]                               | u_core/u_lsq/RSTM                                      |                5 |              7 |         1.40 |
|  aclk        | u_core/u_renamer/free_list[116][6]_i_1_n_0                                | u_core/u_lsq/RSTM                                      |                5 |              7 |         1.40 |
|  aclk        | u_core/u_renamer/free_list[118][6]_i_1_n_0                                | u_core/u_lsq/RSTM                                      |                4 |              7 |         1.75 |
|  aclk        | u_core/u_renamer/free_list[120][6]_i_1_n_0                                | u_core/u_lsq/RSTM                                      |                4 |              7 |         1.75 |
|  aclk        | u_core/u_renamer/free_list[12][6]_i_1_n_0                                 | u_core/u_lsq/RSTM                                      |                4 |              7 |         1.75 |
|  aclk        | u_core/u_renamer/free_list[61][6]_i_1_n_0                                 | u_core/u_lsq/RSTM                                      |                4 |              7 |         1.75 |
|  aclk        | u_core/u_renamer/free_list[66][6]_i_1_n_0                                 | u_core/u_lsq/RSTM                                      |                4 |              7 |         1.75 |
|  aclk        | u_core/u_renamer/free_list[65][6]_i_1_n_0                                 | u_core/u_lsq/RSTM                                      |                3 |              7 |         2.33 |
|  aclk        | u_core/u_renamer/free_list[62][6]_i_1_n_0                                 | u_core/u_lsq/RSTM                                      |                3 |              7 |         2.33 |
|  aclk        | u_core/u_renamer/free_list[64][6]_i_1_n_0                                 | u_core/u_lsq/RSTM                                      |                3 |              7 |         2.33 |
|  aclk        |                                                                           | u_core/u_decoder/dispatch_valid_reg[3]_0               |                7 |              7 |         1.00 |
|  aclk        | u_core/u_renamer/free_list[63][6]_i_1_n_0                                 | u_core/u_lsq/RSTM                                      |                4 |              7 |         1.75 |
|  aclk        | u_core/u_renamer/free_list[68][6]_i_1_n_0                                 | u_core/u_lsq/RSTM                                      |                4 |              7 |         1.75 |
|  aclk        | u_core/u_renamer/free_list[6][6]_i_1_n_0                                  | u_core/u_lsq/RSTM                                      |                5 |              7 |         1.40 |
|  aclk        | u_core/u_renamer/free_list[69][6]_i_1_n_0                                 | u_core/u_lsq/RSTM                                      |                3 |              7 |         2.33 |
|  aclk        | u_core/u_renamer/free_list[67][6]_i_1_n_0                                 | u_core/u_lsq/RSTM                                      |                4 |              7 |         1.75 |
|  aclk        | u_core/u_renamer/free_list[72][6]_i_1_n_0                                 | u_core/u_lsq/RSTM                                      |                4 |              7 |         1.75 |
|  aclk        | u_core/u_renamer/free_list[70][6]_i_1_n_0                                 | u_core/u_lsq/RSTM                                      |                5 |              7 |         1.40 |
|  aclk        | u_core/u_renamer/free_list[73][6]_i_1_n_0                                 | u_core/u_lsq/RSTM                                      |                4 |              7 |         1.75 |
|  aclk        | u_core/u_renamer/free_list[71][6]_i_1_n_0                                 | u_core/u_lsq/RSTM                                      |                3 |              7 |         2.33 |
|  aclk        |                                                                           | u_core/u_rs/i___16_n_0                                 |                2 |              7 |         3.50 |
|  aclk        | u_core/u_renamer/free_list[74][6]_i_1_n_0                                 | u_core/u_lsq/RSTM                                      |                3 |              7 |         2.33 |
|  aclk        | u_core/u_renamer/free_list[77][6]_i_1_n_0                                 | u_core/u_lsq/RSTM                                      |                2 |              7 |         3.50 |
|  aclk        | u_core/u_renamer/free_list[76][6]_i_1_n_0                                 | u_core/u_lsq/RSTM                                      |                3 |              7 |         2.33 |
|  aclk        | u_core/u_renamer/free_list[78][6]_i_1_n_0                                 | u_core/u_lsq/RSTM                                      |                6 |              7 |         1.17 |
|  aclk        | u_core/u_renamer/free_list[11][6]_i_1_n_0                                 | u_core/u_lsq/RSTM                                      |                3 |              7 |         2.33 |
|  aclk        | u_core/u_renamer/free_list[75][6]_i_1_n_0                                 | u_core/u_lsq/RSTM                                      |                4 |              7 |         1.75 |
|  aclk        | u_core/u_renamer/free_list[79][6]_i_1_n_0                                 | u_core/u_lsq/RSTM                                      |                2 |              7 |         3.50 |
|  aclk        | u_core/u_renamer/free_list[81][6]_i_1_n_0                                 | u_core/u_lsq/RSTM                                      |                3 |              7 |         2.33 |
|  aclk        | u_core/u_renamer/free_list[7][6]_i_1_n_0                                  | u_core/u_lsq/RSTM                                      |                3 |              7 |         2.33 |
|  aclk        | u_core/u_renamer/free_list[80][6]_i_1_n_0                                 | u_core/u_lsq/RSTM                                      |                4 |              7 |         1.75 |
|  aclk        | u_core/u_renamer/free_list[82][6]_i_1_n_0                                 | u_core/u_lsq/RSTM                                      |                3 |              7 |         2.33 |
|  aclk        | u_core/u_renamer/free_list[86][6]_i_1_n_0                                 | u_core/u_lsq/RSTM                                      |                4 |              7 |         1.75 |
|  aclk        | u_core/u_renamer/free_list[83][6]_i_1_n_0                                 | u_core/u_lsq/RSTM                                      |                5 |              7 |         1.40 |
|  aclk        | u_core/u_renamer/free_list[99][6]_i_1_n_0                                 | u_core/u_lsq/RSTM                                      |                3 |              7 |         2.33 |
|  aclk        | u_core/u_renamer/free_list[98][6]_i_1_n_0                                 | u_core/u_lsq/RSTM                                      |                4 |              7 |         1.75 |
|  aclk        | u_core/u_renamer/free_list[96][6]_i_1_n_0                                 | u_core/u_lsq/RSTM                                      |                3 |              7 |         2.33 |
|  aclk        | u_core/u_renamer/free_list[97][6]_i_1_n_0                                 | u_core/u_lsq/RSTM                                      |                3 |              7 |         2.33 |
|  aclk        | u_core/u_renamer/free_list[9][6]_i_1_n_0                                  | u_core/u_lsq/RSTM                                      |                2 |              7 |         3.50 |
|  aclk        | u_core/u_renamer/free_list[125][6]_i_1_n_0                                | u_core/u_lsq/RSTM                                      |                3 |              7 |         2.33 |
|  aclk        | u_core/u_renamer/free_list[122][6]_i_1_n_0                                | u_core/u_lsq/RSTM                                      |                3 |              7 |         2.33 |
|  aclk        | u_core/u_renamer/free_list[124][6]_i_1_n_0                                | u_core/u_lsq/RSTM                                      |                4 |              7 |         1.75 |
|  aclk        | u_core/u_renamer/free_list[123][6]_i_1_n_0                                | u_core/u_lsq/RSTM                                      |                4 |              7 |         1.75 |
|  aclk        | u_core/u_renamer/free_list[121][6]_i_1_n_0                                | u_core/u_lsq/RSTM                                      |                2 |              7 |         3.50 |
|  aclk        | u_core/u_renamer/free_list[127][6]_i_1_n_0                                | u_core/u_lsq/RSTM                                      |                3 |              7 |         2.33 |
|  aclk        | u_core/u_renamer/free_list[126][6]_i_1_n_0                                | u_core/u_lsq/RSTM                                      |                4 |              7 |         1.75 |
|  aclk        | u_core/u_renamer/free_list[84][6]_i_1_n_0                                 | u_core/u_lsq/RSTM                                      |                3 |              7 |         2.33 |
|  aclk        | u_core/u_renamer/free_list[13][6]_i_1_n_0                                 | u_core/u_lsq/RSTM                                      |                3 |              7 |         2.33 |
|  aclk        | u_core/u_renamer/free_list[16][6]_i_1_n_0                                 | u_core/u_lsq/RSTM                                      |                4 |              7 |         1.75 |
|  aclk        | u_core/u_renamer/free_list[15][6]_i_1_n_0                                 | u_core/u_lsq/RSTM                                      |                4 |              7 |         1.75 |
|  aclk        | u_core/u_renamer/free_list[17][6]_i_1_n_0                                 | u_core/u_lsq/RSTM                                      |                3 |              7 |         2.33 |
|  aclk        | u_core/u_renamer/free_list[14][6]_i_1_n_0                                 | u_core/u_lsq/RSTM                                      |                3 |              7 |         2.33 |
|  aclk        | u_core/u_renamer/free_list[19][6]_i_1_n_0                                 | u_core/u_lsq/RSTM                                      |                3 |              7 |         2.33 |
|  aclk        | u_core/u_renamer/free_list[18][6]_i_1_n_0                                 | u_core/u_lsq/RSTM                                      |                3 |              7 |         2.33 |
|  aclk        | u_core/u_renamer/free_list[20][6]_i_1_n_0                                 | u_core/u_lsq/RSTM                                      |                3 |              7 |         2.33 |
|  aclk        | u_core/u_renamer/free_list[1][6]_i_1_n_0                                  | u_core/u_lsq/RSTM                                      |                3 |              7 |         2.33 |
|  aclk        | u_core/u_renamer/free_list[23][6]_i_1_n_0                                 | u_core/u_lsq/RSTM                                      |                5 |              7 |         1.40 |
|  aclk        | u_core/u_renamer/free_list[24][6]_i_1_n_0                                 | u_core/u_lsq/RSTM                                      |                4 |              7 |         1.75 |
|  aclk        | u_core/u_renamer/free_list[22][6]_i_1_n_0                                 | u_core/u_lsq/RSTM                                      |                3 |              7 |         2.33 |
|  aclk        | u_core/u_renamer/free_list[25][6]_i_1_n_0                                 | u_core/u_lsq/RSTM                                      |                4 |              7 |         1.75 |
|  aclk        | u_core/u_renamer/free_list[21][6]_i_1_n_0                                 | u_core/u_lsq/RSTM                                      |                4 |              7 |         1.75 |
|  aclk        | u_core/u_renamer/free_list[26][6]_i_1_n_0                                 | u_core/u_lsq/RSTM                                      |                4 |              7 |         1.75 |
|  aclk        | u_core/u_renamer/free_list[29][6]_i_1_n_0                                 | u_core/u_lsq/RSTM                                      |                3 |              7 |         2.33 |
|  aclk        | u_core/u_renamer/free_list[27][6]_i_1_n_0                                 | u_core/u_lsq/RSTM                                      |                3 |              7 |         2.33 |
|  aclk        | u_core/u_renamer/free_list[28][6]_i_1_n_0                                 | u_core/u_lsq/RSTM                                      |                2 |              7 |         3.50 |
|  aclk        | u_core/u_renamer/free_list[30][6]_i_1_n_0                                 | u_core/u_lsq/RSTM                                      |                4 |              7 |         1.75 |
|  aclk        | u_core/u_renamer/free_list[32][6]_i_1_n_0                                 | u_core/u_lsq/RSTM                                      |                4 |              7 |         1.75 |
|  aclk        | u_core/u_renamer/free_list[31][6]_i_1_n_0                                 | u_core/u_lsq/RSTM                                      |                3 |              7 |         2.33 |
|  aclk        | u_core/u_renamer/free_list[2][6]_i_1_n_0                                  | u_core/u_lsq/RSTM                                      |                4 |              7 |         1.75 |
|  aclk        | u_core/u_renamer/free_list[33][6]_i_1_n_0                                 | u_core/u_lsq/RSTM                                      |                6 |              7 |         1.17 |
|  aclk        | u_core/u_renamer/free_list[35][6]_i_1_n_0                                 | u_core/u_lsq/RSTM                                      |                4 |              7 |         1.75 |
|  aclk        | u_core/u_renamer/free_list[34][6]_i_1_n_0                                 | u_core/u_lsq/RSTM                                      |                4 |              7 |         1.75 |
|  aclk        | u_core/u_renamer/free_list[36][6]_i_1_n_0                                 | u_core/u_lsq/RSTM                                      |                3 |              7 |         2.33 |
|  aclk        | u_core/u_renamer/free_list[37][6]_i_1_n_0                                 | u_core/u_lsq/RSTM                                      |                4 |              7 |         1.75 |
|  aclk        | u_core/u_renamer/free_list[38][6]_i_1_n_0                                 | u_core/u_lsq/RSTM                                      |                2 |              7 |         3.50 |
|  aclk        | u_core/u_renamer/free_list[39][6]_i_1_n_0                                 | u_core/u_lsq/RSTM                                      |                4 |              7 |         1.75 |
|  aclk        | u_core/u_renamer/free_list[3][6]_i_1_n_0                                  | u_core/u_lsq/RSTM                                      |                4 |              7 |         1.75 |
|  aclk        | u_core/u_renamer/free_list[41][6]_i_1_n_0                                 | u_core/u_lsq/RSTM                                      |                3 |              7 |         2.33 |
|  aclk        | u_core/u_renamer/free_list[43][6]_i_1_n_0                                 | u_core/u_lsq/RSTM                                      |                3 |              7 |         2.33 |
|  aclk        | u_core/u_renamer/free_list[42][6]_i_1_n_0                                 | u_core/u_lsq/RSTM                                      |                4 |              7 |         1.75 |
|  aclk        | u_core/u_renamer/free_list[40][6]_i_1_n_0                                 | u_core/u_lsq/RSTM                                      |                3 |              7 |         2.33 |
|  aclk        | u_core/u_renamer/free_list[47][6]_i_1_n_0                                 | u_core/u_lsq/RSTM                                      |                3 |              7 |         2.33 |
|  aclk        | u_core/u_renamer/free_list[45][6]_i_1_n_0                                 | u_core/u_lsq/RSTM                                      |                3 |              7 |         2.33 |
|  aclk        | u_core/u_renamer/free_list[44][6]_i_1_n_0                                 | u_core/u_lsq/RSTM                                      |                3 |              7 |         2.33 |
|  aclk        | u_core/u_renamer/free_list[46][6]_i_1_n_0                                 | u_core/u_lsq/RSTM                                      |                3 |              7 |         2.33 |
|  aclk        | u_core/u_renamer/free_list[49][6]_i_1_n_0                                 | u_core/u_lsq/RSTM                                      |                3 |              7 |         2.33 |
|  aclk        | u_core/u_renamer/free_list[48][6]_i_1_n_0                                 | u_core/u_lsq/RSTM                                      |                4 |              7 |         1.75 |
|  aclk        | u_core/u_renamer/free_list[4][6]_i_1_n_0                                  | u_core/u_lsq/RSTM                                      |                3 |              7 |         2.33 |
|  aclk        | u_core/u_renamer/free_list[50][6]_i_1_n_0                                 | u_core/u_lsq/RSTM                                      |                3 |              7 |         2.33 |
|  aclk        | u_core/u_renamer/free_list[54][6]_i_1_n_0                                 | u_core/u_lsq/RSTM                                      |                3 |              7 |         2.33 |
|  aclk        | u_core/u_renamer/free_list[51][6]_i_1_n_0                                 | u_core/u_lsq/RSTM                                      |                4 |              7 |         1.75 |
|  aclk        | u_core/u_renamer/free_list[52][6]_i_1_n_0                                 | u_core/u_lsq/RSTM                                      |                2 |              7 |         3.50 |
|  aclk        | u_core/u_renamer/free_list[53][6]_i_1_n_0                                 | u_core/u_lsq/RSTM                                      |                3 |              7 |         2.33 |
|  aclk        | u_core/u_renamer/free_list[55][6]_i_1_n_0                                 | u_core/u_lsq/RSTM                                      |                3 |              7 |         2.33 |
|  aclk        | u_core/u_renamer/free_list[57][6]_i_1_n_0                                 | u_core/u_lsq/RSTM                                      |                3 |              7 |         2.33 |
|  aclk        | u_core/u_renamer/free_list[58][6]_i_1_n_0                                 | u_core/u_lsq/RSTM                                      |                4 |              7 |         1.75 |
|  aclk        | u_core/u_renamer/free_list[56][6]_i_1_n_0                                 | u_core/u_lsq/RSTM                                      |                4 |              7 |         1.75 |
|  aclk        | u_core/u_renamer/free_list[60][6]_i_1_n_0                                 | u_core/u_lsq/RSTM                                      |                3 |              7 |         2.33 |
|  aclk        | u_core/u_renamer/free_list[5][6]_i_1_n_0                                  | u_core/u_lsq/RSTM                                      |                3 |              7 |         2.33 |
|  aclk        | u_core/u_renamer/free_list[59][6]_i_1_n_0                                 | u_core/u_lsq/RSTM                                      |                3 |              7 |         2.33 |
|  aclk        |                                                                           | u_core/u_lsu_flow_gate/throttle_counter[7]_i_1__2_n_0  |                2 |              8 |         4.00 |
|  aclk        |                                                                           | u_core/u_dram_flow_gate/throttle_counter[7]_i_1__0_n_0 |                3 |              8 |         2.67 |
|  aclk        |                                                                           | u_core/u_noc_flow_gate/throttle_counter[7]_i_1__1_n_0  |                2 |              8 |         4.00 |
|  aclk        |                                                                           | u_core/u_tensor_flow_gate/throttle_counter[7]_i_1_n_0  |                2 |              8 |         4.00 |
|  aclk        | u_core/u_tage/t3[16][tag][7]_i_1_n_0                                      |                                                        |                3 |              8 |         2.67 |
|  aclk        | u_core/u_tage/t3[171][tag][7]_i_1_n_0                                     |                                                        |                5 |              8 |         1.60 |
|  aclk        | u_core/u_tage/t3[168][tag][7]_i_1_n_0                                     |                                                        |                6 |              8 |         1.33 |
|  aclk        | u_core/u_tage/t3[167][tag][7]_i_1_n_0                                     |                                                        |                2 |              8 |         4.00 |
|  aclk        | u_core/u_tage/t3[166][tag][7]_i_1_n_0                                     |                                                        |                1 |              8 |         8.00 |
|  aclk        | u_core/u_tage/t3[173][tag][7]_i_1_n_0                                     |                                                        |                6 |              8 |         1.33 |
|  aclk        | u_core/u_tage/t3[170][tag][7]_i_1_n_0                                     |                                                        |                4 |              8 |         2.00 |
|  aclk        | u_core/u_tage/t3[172][tag][7]_i_1_n_0                                     |                                                        |                2 |              8 |         4.00 |
|  aclk        | u_core/u_tage/t3[177][tag][7]_i_1_n_0                                     |                                                        |                1 |              8 |         8.00 |
|  aclk        | u_core/u_tage/t3[178][tag][7]_i_1_n_0                                     |                                                        |                4 |              8 |         2.00 |
|  aclk        | u_core/u_tage/t3[182][tag][7]_i_1_n_0                                     |                                                        |                4 |              8 |         2.00 |
|  aclk        | u_core/u_tage/t3[181][tag][7]_i_1_n_0                                     |                                                        |                1 |              8 |         8.00 |
|  aclk        | u_core/u_tage/t3[183][tag][7]_i_1_n_0                                     |                                                        |                2 |              8 |         4.00 |
|  aclk        | u_core/u_tage/t3[184][tag][7]_i_1_n_0                                     |                                                        |                5 |              8 |         1.60 |
|  aclk        | u_core/u_tage/t3[180][tag][7]_i_1_n_0                                     |                                                        |                4 |              8 |         2.00 |
|  aclk        | u_core/u_tage/t3[17][tag][7]_i_1_n_0                                      |                                                        |                3 |              8 |         2.67 |
|  aclk        | u_core/u_tage/t3[176][tag][7]_i_1_n_0                                     |                                                        |                3 |              8 |         2.67 |
|  aclk        | u_core/u_tage/t3[179][tag][7]_i_1_n_0                                     |                                                        |                3 |              8 |         2.67 |
|  aclk        | u_core/u_tage/t3[175][tag][7]_i_1_n_0                                     |                                                        |                8 |              8 |         1.00 |
|  aclk        | u_core/u_tage/t3[185][tag][7]_i_1_n_0                                     |                                                        |                6 |              8 |         1.33 |
|  aclk        | u_core/u_tage/t3[186][tag][7]_i_1_n_0                                     |                                                        |                4 |              8 |         2.00 |
|  aclk        | u_core/u_tage/t3[190][tag][7]_i_1_n_0                                     |                                                        |                4 |              8 |         2.00 |
|  aclk        | u_core/u_tage/t3[191][tag][7]_i_1_n_0                                     |                                                        |                5 |              8 |         1.60 |
|  aclk        | u_core/u_tage/t3[192][tag][7]_i_1_n_0                                     |                                                        |                3 |              8 |         2.67 |
|  aclk        | u_core/u_tage/t3[188][tag][7]_i_1_n_0                                     |                                                        |                3 |              8 |         2.67 |
|  aclk        | u_core/u_tage/t3[18][tag][7]_i_1_n_0                                      |                                                        |                5 |              8 |         1.60 |
|  aclk        | u_core/u_tage/t3[189][tag][7]_i_1_n_0                                     |                                                        |                5 |              8 |         1.60 |
|  aclk        | u_core/u_tage/t3[187][tag][7]_i_1_n_0                                     |                                                        |                2 |              8 |         4.00 |
|  aclk        | u_core/u_tage/t3[196][tag][7]_i_1_n_0                                     |                                                        |                1 |              8 |         8.00 |
|  aclk        | u_core/u_tage/t3[1][tag][7]_i_1_n_0                                       |                                                        |                2 |              8 |         4.00 |
|  aclk        | u_core/u_tage/t3[195][tag][7]_i_1_n_0                                     |                                                        |                3 |              8 |         2.67 |
|  aclk        | u_core/u_tage/t3[194][tag][7]_i_1_n_0                                     |                                                        |                5 |              8 |         1.60 |
|  aclk        | u_core/u_tage/t3[19][tag][7]_i_1_n_0                                      |                                                        |                4 |              8 |         2.00 |
|  aclk        | u_core/u_tage/t3[197][tag][7]_i_1_n_0                                     |                                                        |                1 |              8 |         8.00 |
|  aclk        | u_core/u_tage/t3[198][tag][7]_i_1_n_0                                     |                                                        |                4 |              8 |         2.00 |
|  aclk        | u_core/u_tage/t3[200][tag][7]_i_1_n_0                                     |                                                        |                2 |              8 |         4.00 |
|  aclk        | u_core/u_tage/t3[193][tag][7]_i_1_n_0                                     |                                                        |                1 |              8 |         8.00 |
|  aclk        | u_core/u_tage/t3[199][tag][7]_i_1_n_0                                     |                                                        |                4 |              8 |         2.00 |
|  aclk        | u_core/u_tage/t3[201][tag][7]_i_1_n_0                                     |                                                        |                1 |              8 |         8.00 |
|  aclk        | u_core/u_tage/t3[203][tag][7]_i_1_n_0                                     |                                                        |                1 |              8 |         8.00 |
|  aclk        | u_core/u_tage/t3[205][tag][7]_i_1_n_0                                     |                                                        |                5 |              8 |         1.60 |
|  aclk        | u_core/u_tage/t3[208][tag][7]_i_1_n_0                                     |                                                        |                4 |              8 |         2.00 |
|  aclk        | u_core/u_tage/t3[209][tag][7]_i_1_n_0                                     |                                                        |                1 |              8 |         8.00 |
|  aclk        | u_core/u_tage/t3[20][tag][7]_i_1_n_0                                      |                                                        |                4 |              8 |         2.00 |
|  aclk        | u_core/u_tage/t3[210][tag][7]_i_1_n_0                                     |                                                        |                2 |              8 |         4.00 |
|  aclk        | u_core/u_tage/t3[202][tag][7]_i_1_n_0                                     |                                                        |                3 |              8 |         2.67 |
|  aclk        | u_core/u_tage/t3[207][tag][7]_i_1_n_0                                     |                                                        |                6 |              8 |         1.33 |
|  aclk        | u_core/u_tage/t3[206][tag][7]_i_1_n_0                                     |                                                        |                5 |              8 |         1.60 |
|  aclk        | u_core/u_tage/t3[215][tag][7]_i_1_n_0                                     |                                                        |                3 |              8 |         2.67 |
|  aclk        | u_core/u_tage/t3[211][tag][7]_i_1_n_0                                     |                                                        |                1 |              8 |         8.00 |
|  aclk        | u_core/u_tage/t3[213][tag][7]_i_1_n_0                                     |                                                        |                2 |              8 |         4.00 |
|  aclk        | u_core/u_tage/t3[219][tag][7]_i_1_n_0                                     |                                                        |                3 |              8 |         2.67 |
|  aclk        | u_core/u_tage/t3[217][tag][7]_i_1_n_0                                     |                                                        |                4 |              8 |         2.00 |
|  aclk        | u_core/u_tage/t3[214][tag][7]_i_1_n_0                                     |                                                        |                4 |              8 |         2.00 |
|  aclk        | u_core/u_tage/t3[218][tag][7]_i_1_n_0                                     |                                                        |                2 |              8 |         4.00 |
|  aclk        | u_core/u_tage/t3[21][tag][7]_i_1_n_0                                      |                                                        |                5 |              8 |         1.60 |
|  aclk        | u_core/u_tage/t3[216][tag][7]_i_1_n_0                                     |                                                        |                4 |              8 |         2.00 |
|  aclk        | u_core/u_tage/t3[212][tag][7]_i_1_n_0                                     |                                                        |                3 |              8 |         2.67 |
|  aclk        | u_core/u_tage/t3[220][tag][7]_i_1_n_0                                     |                                                        |                6 |              8 |         1.33 |
|  aclk        | u_core/u_tage/t3[224][tag][7]_i_1_n_0                                     |                                                        |                5 |              8 |         1.60 |
|  aclk        | u_core/u_tage/t3[225][tag][7]_i_1_n_0                                     |                                                        |                6 |              8 |         1.33 |
|  aclk        | u_core/u_tage/t3[223][tag][7]_i_1_n_0                                     |                                                        |                4 |              8 |         2.00 |
|  aclk        | u_core/u_tage/t3[222][tag][7]_i_1_n_0                                     |                                                        |                6 |              8 |         1.33 |
|  aclk        | u_core/u_tage/t3[227][tag][7]_i_1_n_0                                     |                                                        |                7 |              8 |         1.14 |
|  aclk        | u_core/u_tage/t3[228][tag][7]_i_1_n_0                                     |                                                        |                2 |              8 |         4.00 |
|  aclk        | u_core/u_tage/t3[221][tag][7]_i_1_n_0                                     |                                                        |                3 |              8 |         2.67 |
|  aclk        | u_core/u_tage/t3[226][tag][7]_i_1_n_0                                     |                                                        |                4 |              8 |         2.00 |
|  aclk        | u_core/u_tage/t3[229][tag][7]_i_1_n_0                                     |                                                        |                4 |              8 |         2.00 |
|  aclk        | u_core/u_tage/t3[22][tag][7]_i_1_n_0                                      |                                                        |                6 |              8 |         1.33 |
|  aclk        | u_core/u_tage/t3[232][tag][7]_i_1_n_0                                     |                                                        |                6 |              8 |         1.33 |
|  aclk        | u_core/u_tage/t3[237][tag][7]_i_1_n_0                                     |                                                        |                5 |              8 |         1.60 |
|  aclk        | u_core/u_tage/t3[231][tag][7]_i_1_n_0                                     |                                                        |                3 |              8 |         2.67 |
|  aclk        | u_core/u_tage/t3[235][tag][7]_i_1_n_0                                     |                                                        |                6 |              8 |         1.33 |
|  aclk        | u_core/u_tage/t3[238][tag][7]_i_1_n_0                                     |                                                        |                7 |              8 |         1.14 |
|  aclk        | u_core/u_tage/t3[230][tag][7]_i_1_n_0                                     |                                                        |                3 |              8 |         2.67 |
|  aclk        | u_core/u_tage/t3[234][tag][7]_i_1_n_0                                     |                                                        |                6 |              8 |         1.33 |
|  aclk        | u_core/u_tage/t3[236][tag][7]_i_1_n_0                                     |                                                        |                5 |              8 |         1.60 |
|  aclk        | u_core/u_tage/t3[239][tag][7]_i_1_n_0                                     |                                                        |                8 |              8 |         1.00 |
|  aclk        | u_core/u_tage/t3[233][tag][7]_i_1_n_0                                     |                                                        |                4 |              8 |         2.00 |
|  aclk        | u_core/u_tage/t3[241][tag][7]_i_1_n_0                                     |                                                        |                1 |              8 |         8.00 |
|  aclk        | u_core/u_noc_router/gen_port_fifo[3].u_fifo_storage/E[0]                  | u_core/u_lsq/RSTM                                      |                3 |              8 |         2.67 |
|  aclk        | u_core/u_tage/t3[245][tag][7]_i_1_n_0                                     |                                                        |                3 |              8 |         2.67 |
|  aclk        | u_core/u_noc_router/gen_port_fifo[1].u_fifo_storage/E[0]                  | u_core/u_lsq/RSTM                                      |                2 |              8 |         4.00 |
|  aclk        | u_core/u_tage/t3[23][tag][7]_i_1_n_0                                      |                                                        |                4 |              8 |         2.00 |
|  aclk        | u_core/u_noc_router/gen_port_fifo[2].u_fifo_storage/E[0]                  | u_core/u_lsq/RSTM                                      |                2 |              8 |         4.00 |
|  aclk        | u_core/u_tage/t3[240][tag][7]_i_1_n_0                                     |                                                        |                2 |              8 |         4.00 |
|  aclk        | u_core/u_tage/t3[249][tag][7]_i_1_n_0                                     |                                                        |                4 |              8 |         2.00 |
|  aclk        | u_core/u_noc_router/gen_port_fifo[4].u_fifo_storage/E[0]                  | u_core/u_lsq/RSTM                                      |                3 |              8 |         2.67 |
|  aclk        | u_core/u_tage/t1[240][tag][7]_i_1_n_0                                     |                                                        |                3 |              8 |         2.67 |
|  aclk        | u_core/u_tage/t3[243][tag][7]_i_1_n_0                                     |                                                        |                2 |              8 |         4.00 |
|  aclk        | u_core/u_tage/t3[244][tag][7]_i_1_n_0                                     |                                                        |                1 |              8 |         8.00 |
|  aclk        | u_core/u_tage/t3[246][tag][7]_i_1_n_0                                     |                                                        |                3 |              8 |         2.67 |
|  aclk        | u_core/u_tage/t3[247][tag][7]_i_1_n_0                                     |                                                        |                1 |              8 |         8.00 |
|  aclk        | u_core/u_tage/t3[242][tag][7]_i_1_n_0                                     |                                                        |                4 |              8 |         2.00 |
|  aclk        | u_core/u_tage/t3[248][tag][7]_i_1_n_0                                     |                                                        |                3 |              8 |         2.67 |
|  aclk        | u_core/u_tage/t3[27][tag][7]_i_1_n_0                                      |                                                        |                4 |              8 |         2.00 |
|  aclk        | u_core/u_tage/t3[25][tag][7]_i_1_n_0                                      |                                                        |                6 |              8 |         1.33 |
|  aclk        | u_core/u_tage/t3[250][tag][7]_i_1_n_0                                     |                                                        |                1 |              8 |         8.00 |
|  aclk        | u_core/u_tage/t3[252][tag][7]_i_1_n_0                                     |                                                        |                4 |              8 |         2.00 |
|  aclk        | u_core/u_tage/t3[251][tag][7]_i_1_n_0                                     |                                                        |                5 |              8 |         1.60 |
|  aclk        | u_core/u_tage/t3[26][tag][7]_i_1_n_0                                      |                                                        |                5 |              8 |         1.60 |
|  aclk        | u_core/u_tage/t3[254][tag][7]_i_1_n_0                                     |                                                        |                7 |              8 |         1.14 |
|  aclk        | u_core/u_tage/t3[24][tag][7]_i_1_n_0                                      |                                                        |                3 |              8 |         2.67 |
|  aclk        | u_core/u_tage/t3[255][tag][7]_i_1_n_0                                     |                                                        |                4 |              8 |         2.00 |
|  aclk        | u_core/u_tage/t3[253][tag][7]_i_1_n_0                                     |                                                        |                5 |              8 |         1.60 |
|  aclk        | u_core/u_tage/t3[29][tag][7]_i_1_n_0                                      |                                                        |                6 |              8 |         1.33 |
|  aclk        | u_core/u_tage/t3[30][tag][7]_i_1_n_0                                      |                                                        |                7 |              8 |         1.14 |
|  aclk        | u_core/u_tage/t3[31][tag][7]_i_1_n_0                                      |                                                        |                7 |              8 |         1.14 |
|  aclk        | u_core/u_tage/t3[33][tag][7]_i_1_n_0                                      |                                                        |                2 |              8 |         4.00 |
|  aclk        | u_core/u_tage/t3[37][tag][7]_i_1_n_0                                      |                                                        |                2 |              8 |         4.00 |
|  aclk        | u_core/u_tage/t3[28][tag][7]_i_1_n_0                                      |                                                        |                3 |              8 |         2.67 |
|  aclk        | u_core/u_tage/t3[34][tag][7]_i_1_n_0                                      |                                                        |                2 |              8 |         4.00 |
|  aclk        | u_core/u_tage/t3[2][tag][7]_i_1_n_0                                       |                                                        |                4 |              8 |         2.00 |
|  aclk        | u_core/u_tage/t3[32][tag][7]_i_1_n_0                                      |                                                        |                1 |              8 |         8.00 |
|  aclk        | u_core/u_tage/t3[36][tag][7]_i_1_n_0                                      |                                                        |                2 |              8 |         4.00 |
|  aclk        | u_core/u_tage/t3[35][tag][7]_i_1_n_0                                      |                                                        |                2 |              8 |         4.00 |
|  aclk        | u_core/u_tage/t3[38][tag][7]_i_1_n_0                                      |                                                        |                2 |              8 |         4.00 |
|  aclk        | u_core/u_tage/t3[42][tag][7]_i_1_n_0                                      |                                                        |                2 |              8 |         4.00 |
|  aclk        | u_core/u_tage/t3[43][tag][7]_i_1_n_0                                      |                                                        |                4 |              8 |         2.00 |
|  aclk        | u_core/u_tage/t3[44][tag][7]_i_1_n_0                                      |                                                        |                2 |              8 |         4.00 |
|  aclk        | u_core/u_tage/t3[41][tag][7]_i_1_n_0                                      |                                                        |                4 |              8 |         2.00 |
|  aclk        | u_core/u_tage/t3[39][tag][7]_i_1_n_0                                      |                                                        |                2 |              8 |         4.00 |
|  aclk        | u_core/u_tage/t3[45][tag][7]_i_1_n_0                                      |                                                        |                7 |              8 |         1.14 |
|  aclk        | u_core/u_tage/t3[40][tag][7]_i_1_n_0                                      |                                                        |                2 |              8 |         4.00 |
|  aclk        | u_core/u_tage/t3[3][tag][7]_i_1_n_0                                       |                                                        |                4 |              8 |         2.00 |
|  aclk        | u_core/u_tage/t3[46][tag][7]_i_1_n_0                                      |                                                        |                7 |              8 |         1.14 |
|  aclk        | u_core/u_tage/t3[52][tag][7]_i_1_n_0                                      |                                                        |                1 |              8 |         8.00 |
|  aclk        | u_core/u_tage/t3[55][tag][7]_i_1_n_0                                      |                                                        |                1 |              8 |         8.00 |
|  aclk        | u_core/u_tage/t3[47][tag][7]_i_1_n_0                                      |                                                        |                4 |              8 |         2.00 |
|  aclk        | u_core/u_tage/t3[53][tag][7]_i_1_n_0                                      |                                                        |                1 |              8 |         8.00 |
|  aclk        | u_core/u_tage/t3[54][tag][7]_i_1_n_0                                      |                                                        |                1 |              8 |         8.00 |
|  aclk        | u_core/u_tage/t3[4][tag][7]_i_1_n_0                                       |                                                        |                7 |              8 |         1.14 |
|  aclk        | u_core/u_tage/t3[50][tag][7]_i_1_n_0                                      |                                                        |                1 |              8 |         8.00 |
|  aclk        | u_core/u_tage/t3[48][tag][7]_i_1_n_0                                      |                                                        |                3 |              8 |         2.67 |
|  aclk        | u_core/u_tage/t3[49][tag][7]_i_1_n_0                                      |                                                        |                2 |              8 |         4.00 |
|  aclk        | u_core/u_tage/t3[51][tag][7]_i_1_n_0                                      |                                                        |                2 |              8 |         4.00 |
|  aclk        | u_core/u_tage/t3[60][tag][7]_i_1_n_0                                      |                                                        |                2 |              8 |         4.00 |
|  aclk        | u_core/u_tage/t3[62][tag][7]_i_1_n_0                                      |                                                        |                3 |              8 |         2.67 |
|  aclk        | u_core/u_tage/t3[5][tag][7]_i_1_n_0                                       |                                                        |                4 |              8 |         2.00 |
|  aclk        | u_core/u_tage/t3[61][tag][7]_i_1_n_0                                      |                                                        |                6 |              8 |         1.33 |
|  aclk        | u_core/u_tage/t3[63][tag][7]_i_1_n_0                                      |                                                        |                5 |              8 |         1.60 |
|  aclk        | u_core/u_tage/t3[59][tag][7]_i_1_n_0                                      |                                                        |                5 |              8 |         1.60 |
|  aclk        | u_core/u_tage/t3[57][tag][7]_i_1_n_0                                      |                                                        |                1 |              8 |         8.00 |
|  aclk        | u_core/u_tage/t3[56][tag][7]_i_1_n_0                                      |                                                        |                3 |              8 |         2.67 |
|  aclk        | u_core/u_tage/t3[58][tag][7]_i_1_n_0                                      |                                                        |                2 |              8 |         4.00 |
|  aclk        | u_core/u_tage/t3[64][tag][7]_i_1_n_0                                      |                                                        |                2 |              8 |         4.00 |
|  aclk        | u_core/u_tage/bimodal_reg_0_127_0_0_i_2_n_0                               |                                                        |                2 |              8 |         4.00 |
|  aclk        | u_core/u_tage/bimodal_reg_640_767_0_0_i_1_n_0                             |                                                        |                2 |              8 |         4.00 |
|  aclk        | u_core/u_tage/t3[6][tag][7]_i_1_n_0                                       |                                                        |                4 |              8 |         2.00 |
|  aclk        | u_core/u_tage/t3[71][tag][7]_i_1_n_0                                      |                                                        |                2 |              8 |         4.00 |
|  aclk        | u_core/u_tage/bimodal_reg_384_511_0_0_i_1_n_0                             |                                                        |                2 |              8 |         4.00 |
|  aclk        | u_core/u_tage/t3[72][tag][7]_i_1_n_0                                      |                                                        |                6 |              8 |         1.33 |
|  aclk        | u_core/u_tage/t3[67][tag][7]_i_1_n_0                                      |                                                        |                2 |              8 |         4.00 |
|  aclk        | u_core/u_tage/bimodal_reg_512_639_0_0_i_1_n_0                             |                                                        |                2 |              8 |         4.00 |
|  aclk        | u_core/u_tage/bimodal_reg_128_255_0_0_i_1_n_0                             |                                                        |                2 |              8 |         4.00 |
|  aclk        | u_core/u_tage/bimodal_reg_768_895_0_0_i_1_n_0                             |                                                        |                2 |              8 |         4.00 |
|  aclk        | u_core/u_tage/t3[65][tag][7]_i_1_n_0                                      |                                                        |                1 |              8 |         8.00 |
|  aclk        | u_core/u_tage/t3[69][tag][7]_i_1_n_0                                      |                                                        |                1 |              8 |         8.00 |
|  aclk        | u_core/u_tage/t3[66][tag][7]_i_1_n_0                                      |                                                        |                4 |              8 |         2.00 |
|  aclk        | u_core/u_tage/t3[68][tag][7]_i_1_n_0                                      |                                                        |                4 |              8 |         2.00 |
|  aclk        | u_core/u_tage/t3[70][tag][7]_i_1_n_0                                      |                                                        |                2 |              8 |         4.00 |
|  aclk        | u_core/u_tage/t3[75][tag][7]_i_1_n_0                                      |                                                        |                1 |              8 |         8.00 |
|  aclk        | u_core/u_tage/bimodal_reg_896_1023_0_0_i_1_n_0                            |                                                        |                2 |              8 |         4.00 |
|  aclk        | u_core/u_tage/bimodal_reg_256_383_0_0_i_1_n_0                             |                                                        |                2 |              8 |         4.00 |
|  aclk        | u_core/u_tage/t3[74][tag][7]_i_1_n_0                                      |                                                        |                4 |              8 |         2.00 |
|  aclk        | u_core/u_tage/t3[81][tag][7]_i_1_n_0                                      |                                                        |                2 |              8 |         4.00 |
|  aclk        | u_core/u_tage/t3[78][tag][7]_i_1_n_0                                      |                                                        |                4 |              8 |         2.00 |
|  aclk        | u_core/u_tage/t3[7][tag][7]_i_1_n_0                                       |                                                        |                8 |              8 |         1.00 |
|  aclk        | u_core/u_tage/t3[80][tag][7]_i_1_n_0                                      |                                                        |                1 |              8 |         8.00 |
|  aclk        | u_core/u_tage/t3[73][tag][7]_i_1_n_0                                      |                                                        |                3 |              8 |         2.67 |
|  aclk        | u_core/u_tage/t3[77][tag][7]_i_1_n_0                                      |                                                        |                7 |              8 |         1.14 |
|  aclk        | u_core/u_tage/t3[79][tag][7]_i_1_n_0                                      |                                                        |                7 |              8 |         1.14 |
|  aclk        | u_core/u_tage/t3[76][tag][7]_i_1_n_0                                      |                                                        |                7 |              8 |         1.14 |
|  aclk        | u_core/u_tage/t3[86][tag][7]_i_1_n_0                                      |                                                        |                2 |              8 |         4.00 |
|  aclk        | u_core/u_tage/t3[8][tag][7]_i_1_n_0                                       |                                                        |                5 |              8 |         1.60 |
|  aclk        | u_core/u_tage/t3[82][tag][7]_i_1_n_0                                      |                                                        |                4 |              8 |         2.00 |
|  aclk        | u_core/u_tage/t3[84][tag][7]_i_1_n_0                                      |                                                        |                2 |              8 |         4.00 |
|  aclk        | u_core/u_tage/t3[90][tag][7]_i_1_n_0                                      |                                                        |                2 |              8 |         4.00 |
|  aclk        | u_core/u_tage/t3[87][tag][7]_i_1_n_0                                      |                                                        |                5 |              8 |         1.60 |
|  aclk        | u_core/u_tage/t3[83][tag][7]_i_1_n_0                                      |                                                        |                1 |              8 |         8.00 |
|  aclk        | u_core/u_tage/t3[85][tag][7]_i_1_n_0                                      |                                                        |                3 |              8 |         2.67 |
|  aclk        | u_core/u_tage/t3[89][tag][7]_i_1_n_0                                      |                                                        |                1 |              8 |         8.00 |
|  aclk        | u_core/u_tage/t3[88][tag][7]_i_1_n_0                                      |                                                        |                2 |              8 |         4.00 |
|  aclk        | u_core/u_tage/t3[91][tag][7]_i_1_n_0                                      |                                                        |                7 |              8 |         1.14 |
|  aclk        | u_core/u_tage/t3[95][tag][7]_i_1_n_0                                      |                                                        |                7 |              8 |         1.14 |
|  aclk        | u_core/u_tage/t3[99][tag][7]_i_1_n_0                                      |                                                        |                8 |              8 |         1.00 |
|  aclk        | u_core/u_tage/t3[9][tag][7]_i_1_n_0                                       |                                                        |                5 |              8 |         1.60 |
|  aclk        | u_core/u_tage/t3[92][tag][7]_i_1_n_0                                      |                                                        |                4 |              8 |         2.00 |
|  aclk        | u_core/u_tage/t3[96][tag][7]_i_1_n_0                                      |                                                        |                2 |              8 |         4.00 |
|  aclk        | u_core/u_tage/t3[94][tag][7]_i_1_n_0                                      |                                                        |                3 |              8 |         2.67 |
|  aclk        | u_core/u_tage/t3[97][tag][7]_i_1_n_0                                      |                                                        |                5 |              8 |         1.60 |
|  aclk        | u_core/u_tage/t3[98][tag][7]_i_1_n_0                                      |                                                        |                7 |              8 |         1.14 |
|  aclk        | u_core/u_tage/t3[93][tag][7]_i_1_n_0                                      |                                                        |                7 |              8 |         1.14 |
|  aclk        | slv_reg_flow_ctrl[0]                                                      | axi_awready_reg_i_2_n_0                                |                5 |              8 |         1.60 |
|  aclk        | u_core/u_tage/t1[0][tag][7]_i_1_n_0                                       |                                                        |                3 |              8 |         2.67 |
|  aclk        | u_core/u_tage/t1[78][tag][7]_i_1_n_0                                      |                                                        |                6 |              8 |         1.33 |
|  aclk        | u_core/u_tage/t1[73][tag][7]_i_1_n_0                                      |                                                        |                5 |              8 |         1.60 |
|  aclk        | u_core/u_tage/t1[77][tag][7]_i_1_n_0                                      |                                                        |                3 |              8 |         2.67 |
|  aclk        | u_core/u_tage/t1[79][tag][7]_i_1_n_0                                      |                                                        |                4 |              8 |         2.00 |
|  aclk        | u_core/u_tage/t1[72][tag][7]_i_1_n_0                                      |                                                        |                4 |              8 |         2.00 |
|  aclk        | u_core/u_tage/t1[75][tag][7]_i_1_n_0                                      |                                                        |                4 |              8 |         2.00 |
|  aclk        | u_core/u_tage/t1[76][tag][7]_i_1_n_0                                      |                                                        |                5 |              8 |         1.60 |
|  aclk        | u_core/u_tage/t1[74][tag][7]_i_1_n_0                                      |                                                        |                3 |              8 |         2.67 |
|  aclk        | u_core/u_tage/t1[7][tag][7]_i_1_n_0                                       |                                                        |                5 |              8 |         1.60 |
|  aclk        | u_core/u_tage/t1[83][tag][7]_i_1_n_0                                      |                                                        |                2 |              8 |         4.00 |
|  aclk        | u_core/u_tage/t1[86][tag][7]_i_1_n_0                                      |                                                        |                2 |              8 |         4.00 |
|  aclk        | u_core/u_tage/t1[85][tag][7]_i_1_n_0                                      |                                                        |                5 |              8 |         1.60 |
|  aclk        | u_core/u_tage/t1[82][tag][7]_i_1_n_0                                      |                                                        |                4 |              8 |         2.00 |
|  aclk        | u_core/u_tage/t1[80][tag][7]_i_1_n_0                                      |                                                        |                1 |              8 |         8.00 |
|  aclk        | u_core/u_tage/t1[88][tag][7]_i_1_n_0                                      |                                                        |                2 |              8 |         4.00 |
|  aclk        | u_core/u_tage/t1[87][tag][7]_i_1_n_0                                      |                                                        |                2 |              8 |         4.00 |
|  aclk        | u_core/u_tage/t1[81][tag][7]_i_1_n_0                                      |                                                        |                5 |              8 |         1.60 |
|  aclk        | u_core/u_tage/t1[84][tag][7]_i_1_n_0                                      |                                                        |                2 |              8 |         4.00 |
|  aclk        | u_core/u_tage/t1[89][tag][7]_i_1_n_0                                      |                                                        |                2 |              8 |         4.00 |
|  aclk        | u_core/u_tage/t1[97][tag][7]_i_1_n_0                                      |                                                        |                7 |              8 |         1.14 |
|  aclk        | u_core/u_tage/t1[8][tag][7]_i_1_n_0                                       |                                                        |                5 |              8 |         1.60 |
|  aclk        | u_core/u_tage/t1[92][tag][7]_i_1_n_0                                      |                                                        |                7 |              8 |         1.14 |
|  aclk        | u_core/u_tage/t1[93][tag][7]_i_1_n_0                                      |                                                        |                6 |              8 |         1.33 |
|  aclk        | u_core/u_tage/t1[98][tag][7]_i_1_n_0                                      |                                                        |                4 |              8 |         2.00 |
|  aclk        | u_core/u_tage/t1[99][tag][7]_i_1_n_0                                      |                                                        |                6 |              8 |         1.33 |
|  aclk        | u_core/u_tage/t1[96][tag][7]_i_1_n_0                                      |                                                        |                5 |              8 |         1.60 |
|  aclk        | u_core/u_tage/t1[95][tag][7]_i_1_n_0                                      |                                                        |                6 |              8 |         1.33 |
|  aclk        | u_core/u_tage/t1[94][tag][7]_i_1_n_0                                      |                                                        |                7 |              8 |         1.14 |
|  aclk        | u_core/u_tage/t1[90][tag][7]_i_1_n_0                                      |                                                        |                4 |              8 |         2.00 |
|  aclk        | u_core/u_tage/t1[91][tag][7]_i_1_n_0                                      |                                                        |                3 |              8 |         2.67 |
|  aclk        | u_core/u_tage/t1[102][tag][7]_i_1_n_0                                     |                                                        |                2 |              8 |         4.00 |
|  aclk        | u_core/u_tage/t1[101][tag][7]_i_1_n_0                                     |                                                        |                2 |              8 |         4.00 |
|  aclk        | u_core/u_tage/t1[103][tag][7]_i_1_n_0                                     |                                                        |                3 |              8 |         2.67 |
|  aclk        | u_core/u_tage/t1[104][tag][7]_i_1_n_0                                     |                                                        |                2 |              8 |         4.00 |
|  aclk        | u_core/u_tage/t1[105][tag][7]_i_1_n_0                                     |                                                        |                4 |              8 |         2.00 |
|  aclk        | u_core/u_tage/t1[100][tag][7]_i_1_n_0                                     |                                                        |                2 |              8 |         4.00 |
|  aclk        | u_core/u_tage/t1[108][tag][7]_i_1_n_0                                     |                                                        |                5 |              8 |         1.60 |
|  aclk        | u_core/u_tage/t1[10][tag][7]_i_1_n_0                                      |                                                        |                1 |              8 |         8.00 |
|  aclk        | u_core/u_tage/t1[111][tag][7]_i_1_n_0                                     |                                                        |                3 |              8 |         2.67 |
|  aclk        | u_core/u_tage/t1[106][tag][7]_i_1_n_0                                     |                                                        |                5 |              8 |         1.60 |
|  aclk        | u_core/u_tage/t1[107][tag][7]_i_1_n_0                                     |                                                        |                5 |              8 |         1.60 |
|  aclk        | u_core/u_tage/t1[113][tag][7]_i_1_n_0                                     |                                                        |                3 |              8 |         2.67 |
|  aclk        | u_core/u_tage/t1[110][tag][7]_i_1_n_0                                     |                                                        |                5 |              8 |         1.60 |
|  aclk        | u_core/u_tage/t1[112][tag][7]_i_1_n_0                                     |                                                        |                2 |              8 |         4.00 |
|  aclk        | u_core/u_tage/t1[109][tag][7]_i_1_n_0                                     |                                                        |                2 |              8 |         4.00 |
|  aclk        | u_core/u_tage/t1[114][tag][7]_i_1_n_0                                     |                                                        |                3 |              8 |         2.67 |
|  aclk        | u_core/u_tage/t1[121][tag][7]_i_1_n_0                                     |                                                        |                3 |              8 |         2.67 |
|  aclk        | u_core/u_tage/t1[117][tag][7]_i_1_n_0                                     |                                                        |                3 |              8 |         2.67 |
|  aclk        | u_core/u_tage/t1[115][tag][7]_i_1_n_0                                     |                                                        |                1 |              8 |         8.00 |
|  aclk        | u_core/u_tage/t1[119][tag][7]_i_1_n_0                                     |                                                        |                4 |              8 |         2.00 |
|  aclk        | u_core/u_tage/t1[118][tag][7]_i_1_n_0                                     |                                                        |                1 |              8 |         8.00 |
|  aclk        | u_core/u_tage/t1[122][tag][7]_i_1_n_0                                     |                                                        |                4 |              8 |         2.00 |
|  aclk        | u_core/u_tage/t1[123][tag][7]_i_1_n_0                                     |                                                        |                3 |              8 |         2.67 |
|  aclk        | u_core/u_tage/t1[124][tag][7]_i_1_n_0                                     |                                                        |                8 |              8 |         1.00 |
|  aclk        | u_core/u_tage/t1[11][tag][7]_i_1_n_0                                      |                                                        |                2 |              8 |         4.00 |
|  aclk        | u_core/u_tage/t1[120][tag][7]_i_1_n_0                                     |                                                        |                4 |              8 |         2.00 |
|  aclk        | u_core/u_tage/t1[116][tag][7]_i_1_n_0                                     |                                                        |                2 |              8 |         4.00 |
|  aclk        | u_core/u_tage/t1[130][tag][7]_i_1_n_0                                     |                                                        |                2 |              8 |         4.00 |
|  aclk        | u_core/u_tage/t1[127][tag][7]_i_1_n_0                                     |                                                        |                5 |              8 |         1.60 |
|  aclk        | u_core/u_tage/t1[131][tag][7]_i_1_n_0                                     |                                                        |                3 |              8 |         2.67 |
|  aclk        | u_core/u_tage/t1[128][tag][7]_i_1_n_0                                     |                                                        |                1 |              8 |         8.00 |
|  aclk        | u_core/u_tage/t1[132][tag][7]_i_1_n_0                                     |                                                        |                3 |              8 |         2.67 |
|  aclk        | u_core/u_tage/t1[126][tag][7]_i_1_n_0                                     |                                                        |                6 |              8 |         1.33 |
|  aclk        | u_core/u_tage/t1[125][tag][7]_i_1_n_0                                     |                                                        |                4 |              8 |         2.00 |
|  aclk        | u_core/u_tage/t1[129][tag][7]_i_1_n_0                                     |                                                        |                2 |              8 |         4.00 |
|  aclk        | u_core/u_tage/t1[12][tag][7]_i_1_n_0                                      |                                                        |                1 |              8 |         8.00 |
|  aclk        | u_core/u_tage/t1[137][tag][7]_i_1_n_0                                     |                                                        |                4 |              8 |         2.00 |
|  aclk        | u_core/u_tage/t1[136][tag][7]_i_1_n_0                                     |                                                        |                2 |              8 |         4.00 |
|  aclk        | u_core/u_tage/t1[141][tag][7]_i_1_n_0                                     |                                                        |                6 |              8 |         1.33 |
|  aclk        | u_core/u_tage/t1[135][tag][7]_i_1_n_0                                     |                                                        |                3 |              8 |         2.67 |
|  aclk        | u_core/u_tage/t1[140][tag][7]_i_1_n_0                                     |                                                        |                4 |              8 |         2.00 |
|  aclk        | u_core/u_tage/t1[134][tag][7]_i_1_n_0                                     |                                                        |                1 |              8 |         8.00 |
|  aclk        | u_core/u_tage/t1[13][tag][7]_i_1_n_0                                      |                                                        |                1 |              8 |         8.00 |
|  aclk        | u_core/u_tage/t1[133][tag][7]_i_1_n_0                                     |                                                        |                2 |              8 |         4.00 |
|  aclk        | u_core/u_tage/t1[139][tag][7]_i_1_n_0                                     |                                                        |                4 |              8 |         2.00 |
|  aclk        | u_core/u_tage/t1[138][tag][7]_i_1_n_0                                     |                                                        |                2 |              8 |         4.00 |
|  aclk        | u_core/u_tage/t1[150][tag][7]_i_1_n_0                                     |                                                        |                2 |              8 |         4.00 |
|  aclk        | u_core/u_tage/t1[148][tag][7]_i_1_n_0                                     |                                                        |                1 |              8 |         8.00 |
|  aclk        | u_core/u_tage/t1[142][tag][7]_i_1_n_0                                     |                                                        |                3 |              8 |         2.67 |
|  aclk        | u_core/u_tage/t1[146][tag][7]_i_1_n_0                                     |                                                        |                2 |              8 |         4.00 |
|  aclk        | u_core/u_tage/t1[143][tag][7]_i_1_n_0                                     |                                                        |                5 |              8 |         1.60 |
|  aclk        | u_core/u_tage/t1[144][tag][7]_i_1_n_0                                     |                                                        |                1 |              8 |         8.00 |
|  aclk        | u_core/u_tage/t1[149][tag][7]_i_1_n_0                                     |                                                        |                2 |              8 |         4.00 |
|  aclk        | u_core/u_tage/t1[147][tag][7]_i_1_n_0                                     |                                                        |                3 |              8 |         2.67 |
|  aclk        | u_core/u_tage/t1[14][tag][7]_i_1_n_0                                      |                                                        |                2 |              8 |         4.00 |
|  aclk        | u_core/u_tage/t1[145][tag][7]_i_1_n_0                                     |                                                        |                4 |              8 |         2.00 |
|  aclk        | u_core/u_tage/t1[158][tag][7]_i_1_n_0                                     |                                                        |                6 |              8 |         1.33 |
|  aclk        | u_core/u_tage/t1[154][tag][7]_i_1_n_0                                     |                                                        |                2 |              8 |         4.00 |
|  aclk        | u_core/u_tage/t1[159][tag][7]_i_1_n_0                                     |                                                        |                4 |              8 |         2.00 |
|  aclk        | u_core/u_tage/t1[155][tag][7]_i_1_n_0                                     |                                                        |                3 |              8 |         2.67 |
|  aclk        | u_core/u_tage/t1[156][tag][7]_i_1_n_0                                     |                                                        |                6 |              8 |         1.33 |
|  aclk        | u_core/u_tage/t1[15][tag][7]_i_1_n_0                                      |                                                        |                2 |              8 |         4.00 |
|  aclk        | u_core/u_tage/t1[151][tag][7]_i_1_n_0                                     |                                                        |                2 |              8 |         4.00 |
|  aclk        | u_core/u_tage/t1[152][tag][7]_i_1_n_0                                     |                                                        |                1 |              8 |         8.00 |
|  aclk        | u_core/u_tage/t1[153][tag][7]_i_1_n_0                                     |                                                        |                7 |              8 |         1.14 |
|  aclk        | u_core/u_tage/t1[157][tag][7]_i_1_n_0                                     |                                                        |                7 |              8 |         1.14 |
|  aclk        | u_core/u_tage/t1[163][tag][7]_i_1_n_0                                     |                                                        |                3 |              8 |         2.67 |
|  aclk        | u_core/u_tage/t1[161][tag][7]_i_1_n_0                                     |                                                        |                3 |              8 |         2.67 |
|  aclk        | u_core/u_tage/t1[162][tag][7]_i_1_n_0                                     |                                                        |                1 |              8 |         8.00 |
|  aclk        | u_core/u_tage/t1[166][tag][7]_i_1_n_0                                     |                                                        |                1 |              8 |         8.00 |
|  aclk        | u_core/u_tage/t1[16][tag][7]_i_1_n_0                                      |                                                        |                1 |              8 |         8.00 |
|  aclk        | u_core/u_tage/t1[165][tag][7]_i_1_n_0                                     |                                                        |                4 |              8 |         2.00 |
|  aclk        | u_core/u_tage/t1[167][tag][7]_i_1_n_0                                     |                                                        |                2 |              8 |         4.00 |
|  aclk        | u_core/u_tage/t1[168][tag][7]_i_1_n_0                                     |                                                        |                2 |              8 |         4.00 |
|  aclk        | u_core/u_tage/t1[169][tag][7]_i_1_n_0                                     |                                                        |                3 |              8 |         2.67 |
|  aclk        | u_core/u_tage/t1[164][tag][7]_i_1_n_0                                     |                                                        |                2 |              8 |         4.00 |
|  aclk        | u_core/u_tage/t1[160][tag][7]_i_1_n_0                                     |                                                        |                1 |              8 |         8.00 |
|  aclk        | u_core/u_tage/t1[174][tag][7]_i_1_n_0                                     |                                                        |                3 |              8 |         2.67 |
|  aclk        | u_core/u_tage/t1[179][tag][7]_i_1_n_0                                     |                                                        |                3 |              8 |         2.67 |
|  aclk        | u_core/u_tage/t1[178][tag][7]_i_1_n_0                                     |                                                        |                1 |              8 |         8.00 |
|  aclk        | u_core/u_tage/t1[17][tag][7]_i_1_n_0                                      |                                                        |                2 |              8 |         4.00 |
|  aclk        | u_core/u_tage/t1[171][tag][7]_i_1_n_0                                     |                                                        |                7 |              8 |         1.14 |
|  aclk        | u_core/u_tage/t1[172][tag][7]_i_1_n_0                                     |                                                        |                3 |              8 |         2.67 |
|  aclk        | u_core/u_tage/t1[170][tag][7]_i_1_n_0                                     |                                                        |                5 |              8 |         1.60 |
|  aclk        | u_core/u_tage/t1[173][tag][7]_i_1_n_0                                     |                                                        |                2 |              8 |         4.00 |
|  aclk        | u_core/u_tage/t1[176][tag][7]_i_1_n_0                                     |                                                        |                2 |              8 |         4.00 |
|  aclk        | u_core/u_tage/t1[177][tag][7]_i_1_n_0                                     |                                                        |                3 |              8 |         2.67 |
|  aclk        | u_core/u_tage/t1[175][tag][7]_i_1_n_0                                     |                                                        |                6 |              8 |         1.33 |
|  aclk        | u_core/u_tage/t1[184][tag][7]_i_1_n_0                                     |                                                        |                2 |              8 |         4.00 |
|  aclk        | u_core/u_tage/t1[186][tag][7]_i_1_n_0                                     |                                                        |                5 |              8 |         1.60 |
|  aclk        | u_core/u_tage/t1[185][tag][7]_i_1_n_0                                     |                                                        |                2 |              8 |         4.00 |
|  aclk        | u_core/u_tage/t1[181][tag][7]_i_1_n_0                                     |                                                        |                3 |              8 |         2.67 |
|  aclk        | u_core/u_tage/t1[188][tag][7]_i_1_n_0                                     |                                                        |                2 |              8 |         4.00 |
|  aclk        | u_core/u_tage/t1[182][tag][7]_i_1_n_0                                     |                                                        |                4 |              8 |         2.00 |
|  aclk        | u_core/u_tage/t1[189][tag][7]_i_1_n_0                                     |                                                        |                5 |              8 |         1.60 |
|  aclk        | u_core/u_tage/t1[183][tag][7]_i_1_n_0                                     |                                                        |                2 |              8 |         4.00 |
|  aclk        | u_core/u_tage/t1[187][tag][7]_i_1_n_0                                     |                                                        |                6 |              8 |         1.33 |
|  aclk        | u_core/u_tage/t1[180][tag][7]_i_1_n_0                                     |                                                        |                3 |              8 |         2.67 |
|  aclk        | u_core/u_tage/t1[191][tag][7]_i_1_n_0                                     |                                                        |                8 |              8 |         1.00 |
|  aclk        | u_core/u_tage/t1[192][tag][7]_i_1_n_0                                     |                                                        |                4 |              8 |         2.00 |
|  aclk        | u_core/u_tage/t1[193][tag][7]_i_1_n_0                                     |                                                        |                2 |              8 |         4.00 |
|  aclk        | u_core/u_tage/t1[198][tag][7]_i_1_n_0                                     |                                                        |                3 |              8 |         2.67 |
|  aclk        | u_core/u_tage/t1[18][tag][7]_i_1_n_0                                      |                                                        |                1 |              8 |         8.00 |
|  aclk        | u_core/u_tage/t1[194][tag][7]_i_1_n_0                                     |                                                        |                2 |              8 |         4.00 |
|  aclk        | u_core/u_tage/t1[195][tag][7]_i_1_n_0                                     |                                                        |                3 |              8 |         2.67 |
|  aclk        | u_core/u_tage/t1[190][tag][7]_i_1_n_0                                     |                                                        |                7 |              8 |         1.14 |
|  aclk        | u_core/u_tage/t1[196][tag][7]_i_1_n_0                                     |                                                        |                3 |              8 |         2.67 |
|  aclk        | u_core/u_tage/t1[197][tag][7]_i_1_n_0                                     |                                                        |                2 |              8 |         4.00 |
|  aclk        | u_core/u_tage/t1[1][tag][7]_i_1_n_0                                       |                                                        |                1 |              8 |         8.00 |
|  aclk        | u_core/u_tage/t1[200][tag][7]_i_1_n_0                                     |                                                        |                3 |              8 |         2.67 |
|  aclk        | u_core/u_tage/t1[202][tag][7]_i_1_n_0                                     |                                                        |                2 |              8 |         4.00 |
|  aclk        | u_core/u_tage/t1[203][tag][7]_i_1_n_0                                     |                                                        |                6 |              8 |         1.33 |
|  aclk        | u_core/u_tage/t1[204][tag][7]_i_1_n_0                                     |                                                        |                2 |              8 |         4.00 |
|  aclk        | u_core/u_tage/t1[206][tag][7]_i_1_n_0                                     |                                                        |                8 |              8 |         1.00 |
|  aclk        | u_core/u_tage/t1[201][tag][7]_i_1_n_0                                     |                                                        |                3 |              8 |         2.67 |
|  aclk        | u_core/u_tage/t1[199][tag][7]_i_1_n_0                                     |                                                        |                1 |              8 |         8.00 |
|  aclk        | u_core/u_tage/t1[205][tag][7]_i_1_n_0                                     |                                                        |                5 |              8 |         1.60 |
|  aclk        | u_core/u_tage/t1[19][tag][7]_i_1_n_0                                      |                                                        |                1 |              8 |         8.00 |
|  aclk        | u_core/u_tage/t1[211][tag][7]_i_1_n_0                                     |                                                        |                1 |              8 |         8.00 |
|  aclk        | u_core/u_tage/t1[210][tag][7]_i_1_n_0                                     |                                                        |                2 |              8 |         4.00 |
|  aclk        | u_core/u_tage/t1[212][tag][7]_i_1_n_0                                     |                                                        |                3 |              8 |         2.67 |
|  aclk        | u_core/u_tage/t1[213][tag][7]_i_1_n_0                                     |                                                        |                7 |              8 |         1.14 |
|  aclk        | u_core/u_tage/t1[214][tag][7]_i_1_n_0                                     |                                                        |                4 |              8 |         2.00 |
|  aclk        | u_core/u_tage/t1[20][tag][7]_i_1_n_0                                      |                                                        |                1 |              8 |         8.00 |
|  aclk        | u_core/u_tage/t1[208][tag][7]_i_1_n_0                                     |                                                        |                2 |              8 |         4.00 |
|  aclk        | u_core/u_tage/t1[215][tag][7]_i_1_n_0                                     |                                                        |                2 |              8 |         4.00 |
|  aclk        | u_core/u_tage/t1[209][tag][7]_i_1_n_0                                     |                                                        |                1 |              8 |         8.00 |
|  aclk        | u_core/u_tage/t1[207][tag][7]_i_1_n_0                                     |                                                        |                6 |              8 |         1.33 |
|  aclk        | u_core/u_tage/t1[21][tag][7]_i_1_n_0                                      |                                                        |                1 |              8 |         8.00 |
|  aclk        | u_core/u_tage/t1[217][tag][7]_i_1_n_0                                     |                                                        |                6 |              8 |         1.33 |
|  aclk        | u_core/u_tage/t1[221][tag][7]_i_1_n_0                                     |                                                        |                6 |              8 |         1.33 |
|  aclk        | u_core/u_tage/t1[219][tag][7]_i_1_n_0                                     |                                                        |                8 |              8 |         1.00 |
|  aclk        | u_core/u_tage/t1[220][tag][7]_i_1_n_0                                     |                                                        |                5 |              8 |         1.60 |
|  aclk        | u_core/u_tage/t1[222][tag][7]_i_1_n_0                                     |                                                        |                8 |              8 |         1.00 |
|  aclk        | u_core/u_tage/t1[224][tag][7]_i_1_n_0                                     |                                                        |                4 |              8 |         2.00 |
|  aclk        | u_core/u_tage/t1[218][tag][7]_i_1_n_0                                     |                                                        |                1 |              8 |         8.00 |
|  aclk        | u_core/u_tage/t1[223][tag][7]_i_1_n_0                                     |                                                        |                2 |              8 |         4.00 |
|  aclk        | u_core/u_tage/t1[216][tag][7]_i_1_n_0                                     |                                                        |                3 |              8 |         2.67 |
|  aclk        | u_core/u_tage/t1[225][tag][7]_i_1_n_0                                     |                                                        |                2 |              8 |         4.00 |
|  aclk        | u_core/u_tage/t1[22][tag][7]_i_1_n_0                                      |                                                        |                1 |              8 |         8.00 |
|  aclk        | u_core/u_tage/t1[228][tag][7]_i_1_n_0                                     |                                                        |                5 |              8 |         1.60 |
|  aclk        | u_core/u_tage/t1[232][tag][7]_i_1_n_0                                     |                                                        |                3 |              8 |         2.67 |
|  aclk        | u_core/u_tage/t1[227][tag][7]_i_1_n_0                                     |                                                        |                1 |              8 |         8.00 |
|  aclk        | u_core/u_tage/t1[233][tag][7]_i_1_n_0                                     |                                                        |                3 |              8 |         2.67 |
|  aclk        | u_core/u_tage/t1[234][tag][7]_i_1_n_0                                     |                                                        |                1 |              8 |         8.00 |
|  aclk        | u_core/u_tage/t1[230][tag][7]_i_1_n_0                                     |                                                        |                5 |              8 |         1.60 |
|  aclk        | u_core/u_tage/t1[229][tag][7]_i_1_n_0                                     |                                                        |                5 |              8 |         1.60 |
|  aclk        | u_core/u_tage/t1[231][tag][7]_i_1_n_0                                     |                                                        |                7 |              8 |         1.14 |
|  aclk        | u_core/u_tage/t1[226][tag][7]_i_1_n_0                                     |                                                        |                6 |              8 |         1.33 |
|  aclk        | u_core/u_tage/t1[241][tag][7]_i_1_n_0                                     |                                                        |                4 |              8 |         2.00 |
|  aclk        | u_core/u_tage/t1[243][tag][7]_i_1_n_0                                     |                                                        |                3 |              8 |         2.67 |
|  aclk        | u_core/u_tage/t1[242][tag][7]_i_1_n_0                                     |                                                        |                3 |              8 |         2.67 |
|  aclk        | u_core/u_tage/t1[237][tag][7]_i_1_n_0                                     |                                                        |                5 |              8 |         1.60 |
|  aclk        | u_core/u_tage/t1[244][tag][7]_i_1_n_0                                     |                                                        |                2 |              8 |         4.00 |
|  aclk        | u_core/u_tage/t1[236][tag][7]_i_1_n_0                                     |                                                        |                7 |              8 |         1.14 |
|  aclk        | u_core/u_tage/t1[238][tag][7]_i_1_n_0                                     |                                                        |                5 |              8 |         1.60 |
|  aclk        | u_core/u_tage/t1[239][tag][7]_i_1_n_0                                     |                                                        |                7 |              8 |         1.14 |
|  aclk        | u_core/u_tage/t1[235][tag][7]_i_1_n_0                                     |                                                        |                5 |              8 |         1.60 |
|  aclk        | u_core/u_tage/t3[204][tag][7]_i_1_n_0                                     |                                                        |                5 |              8 |         1.60 |
|  aclk        | u_core/u_tage/t1[23][tag][7]_i_1_n_0                                      |                                                        |                1 |              8 |         8.00 |
|  aclk        | u_core/u_tage/t1[245][tag][7]_i_1_n_0                                     |                                                        |                2 |              8 |         4.00 |
|  aclk        | u_core/u_tage/t1[24][tag][7]_i_1_n_0                                      |                                                        |                3 |              8 |         2.67 |
|  aclk        | u_core/u_tage/t1[253][tag][7]_i_1_n_0                                     |                                                        |                3 |              8 |         2.67 |
|  aclk        | u_core/u_tage/t1[249][tag][7]_i_1_n_0                                     |                                                        |                4 |              8 |         2.00 |
|  aclk        | u_core/u_tage/t1[251][tag][7]_i_1_n_0                                     |                                                        |                3 |              8 |         2.67 |
|  aclk        | u_core/u_tage/t1[247][tag][7]_i_1_n_0                                     |                                                        |                1 |              8 |         8.00 |
|  aclk        | u_core/u_tage/t1[248][tag][7]_i_1_n_0                                     |                                                        |                1 |              8 |         8.00 |
|  aclk        | u_core/u_tage/t1[246][tag][7]_i_1_n_0                                     |                                                        |                2 |              8 |         4.00 |
|  aclk        | u_core/u_tage/t1[250][tag][7]_i_1_n_0                                     |                                                        |                6 |              8 |         1.33 |
|  aclk        | u_core/u_tage/t1[252][tag][7]_i_1_n_0                                     |                                                        |                4 |              8 |         2.00 |
|  aclk        | u_core/u_tage/t1[29][tag][7]_i_1_n_0                                      |                                                        |                6 |              8 |         1.33 |
|  aclk        | u_core/u_tage/t1[28][tag][7]_i_1_n_0                                      |                                                        |                2 |              8 |         4.00 |
|  aclk        | u_core/u_tage/t1[30][tag][7]_i_1_n_0                                      |                                                        |                7 |              8 |         1.14 |
|  aclk        | u_core/u_tage/t1[2][tag][7]_i_1_n_0                                       |                                                        |                1 |              8 |         8.00 |
|  aclk        | u_core/u_tage/t1[254][tag][7]_i_1_n_0                                     |                                                        |                5 |              8 |         1.60 |
|  aclk        | u_core/u_tage/t1[27][tag][7]_i_1_n_0                                      |                                                        |                6 |              8 |         1.33 |
|  aclk        | u_core/u_tage/t1[26][tag][7]_i_1_n_0                                      |                                                        |                2 |              8 |         4.00 |
|  aclk        | u_core/u_tage/t1[255][tag][7]_i_1_n_0                                     |                                                        |                8 |              8 |         1.00 |
|  aclk        | u_core/u_tage/t1[31][tag][7]_i_1_n_0                                      |                                                        |                3 |              8 |         2.67 |
|  aclk        | u_core/u_tage/t1[25][tag][7]_i_1_n_0                                      |                                                        |                2 |              8 |         4.00 |
|  aclk        | u_core/u_tage/t1[36][tag][7]_i_1_n_0                                      |                                                        |                1 |              8 |         8.00 |
|  aclk        | u_core/u_tage/t1[34][tag][7]_i_1_n_0                                      |                                                        |                2 |              8 |         4.00 |
|  aclk        | u_core/u_tage/t1[40][tag][7]_i_1_n_0                                      |                                                        |                2 |              8 |         4.00 |
|  aclk        | u_core/u_tage/t1[41][tag][7]_i_1_n_0                                      |                                                        |                1 |              8 |         8.00 |
|  aclk        | u_core/u_tage/t1[39][tag][7]_i_1_n_0                                      |                                                        |                3 |              8 |         2.67 |
|  aclk        | u_core/u_tage/t1[38][tag][7]_i_1_n_0                                      |                                                        |                5 |              8 |         1.60 |
|  aclk        | u_core/u_tage/t1[32][tag][7]_i_1_n_0                                      |                                                        |                2 |              8 |         4.00 |
|  aclk        | u_core/u_tage/t1[37][tag][7]_i_1_n_0                                      |                                                        |                1 |              8 |         8.00 |
|  aclk        | u_core/u_tage/t1[3][tag][7]_i_1_n_0                                       |                                                        |                4 |              8 |         2.00 |
|  aclk        | u_core/u_tage/t1[33][tag][7]_i_1_n_0                                      |                                                        |                1 |              8 |         8.00 |
|  aclk        | u_core/u_tage/t1[35][tag][7]_i_1_n_0                                      |                                                        |                1 |              8 |         8.00 |
|  aclk        | u_core/u_tage/t1[47][tag][7]_i_1_n_0                                      |                                                        |                5 |              8 |         1.60 |
|  aclk        | u_core/u_tage/t1[46][tag][7]_i_1_n_0                                      |                                                        |                5 |              8 |         1.60 |
|  aclk        | u_core/u_tage/t1[50][tag][7]_i_1_n_0                                      |                                                        |                1 |              8 |         8.00 |
|  aclk        | u_core/u_tage/t1[43][tag][7]_i_1_n_0                                      |                                                        |                6 |              8 |         1.33 |
|  aclk        | u_core/u_tage/t1[45][tag][7]_i_1_n_0                                      |                                                        |                3 |              8 |         2.67 |
|  aclk        | u_core/u_tage/t1[48][tag][7]_i_1_n_0                                      |                                                        |                3 |              8 |         2.67 |
|  aclk        | u_core/u_tage/t1[44][tag][7]_i_1_n_0                                      |                                                        |                6 |              8 |         1.33 |
|  aclk        | u_core/u_tage/t1[49][tag][7]_i_1_n_0                                      |                                                        |                2 |              8 |         4.00 |
|  aclk        | u_core/u_tage/t1[4][tag][7]_i_1_n_0                                       |                                                        |                1 |              8 |         8.00 |
|  aclk        | u_core/u_tage/t1[42][tag][7]_i_1_n_0                                      |                                                        |                2 |              8 |         4.00 |
|  aclk        | u_core/u_tage/t1[5][tag][7]_i_1_n_0                                       |                                                        |                2 |              8 |         4.00 |
|  aclk        | u_core/u_tage/t1[56][tag][7]_i_1_n_0                                      |                                                        |                3 |              8 |         2.67 |
|  aclk        | u_core/u_tage/t1[57][tag][7]_i_1_n_0                                      |                                                        |                2 |              8 |         4.00 |
|  aclk        | u_core/u_tage/t1[59][tag][7]_i_1_n_0                                      |                                                        |                2 |              8 |         4.00 |
|  aclk        | u_core/u_tage/t1[53][tag][7]_i_1_n_0                                      |                                                        |                1 |              8 |         8.00 |
|  aclk        | u_core/u_tage/t1[54][tag][7]_i_1_n_0                                      |                                                        |                2 |              8 |         4.00 |
|  aclk        | u_core/u_tage/t1[51][tag][7]_i_1_n_0                                      |                                                        |                1 |              8 |         8.00 |
|  aclk        | u_core/u_tage/t1[58][tag][7]_i_1_n_0                                      |                                                        |                4 |              8 |         2.00 |
|  aclk        | u_core/u_tage/t1[55][tag][7]_i_1_n_0                                      |                                                        |                1 |              8 |         8.00 |
|  aclk        | u_core/u_tage/t1[52][tag][7]_i_1_n_0                                      |                                                        |                1 |              8 |         8.00 |
|  aclk        | u_core/u_tage/t1[64][tag][7]_i_1_n_0                                      |                                                        |                2 |              8 |         4.00 |
|  aclk        | u_core/u_tage/t1[65][tag][7]_i_1_n_0                                      |                                                        |                5 |              8 |         1.60 |
|  aclk        | u_core/u_tage/t1[61][tag][7]_i_1_n_0                                      |                                                        |                4 |              8 |         2.00 |
|  aclk        | u_core/u_tage/t1[66][tag][7]_i_1_n_0                                      |                                                        |                2 |              8 |         4.00 |
|  aclk        | u_core/u_tage/t1[67][tag][7]_i_1_n_0                                      |                                                        |                5 |              8 |         1.60 |
|  aclk        | u_core/u_tage/t1[60][tag][7]_i_1_n_0                                      |                                                        |                7 |              8 |         1.14 |
|  aclk        | u_core/u_tage/t1[68][tag][7]_i_1_n_0                                      |                                                        |                1 |              8 |         8.00 |
|  aclk        | u_core/u_tage/t1[62][tag][7]_i_1_n_0                                      |                                                        |                6 |              8 |         1.33 |
|  aclk        | u_core/u_tage/t1[63][tag][7]_i_1_n_0                                      |                                                        |                6 |              8 |         1.33 |
|  aclk        | u_core/u_tage/t1[6][tag][7]_i_1_n_0                                       |                                                        |                5 |              8 |         1.60 |
|  aclk        | u_core/u_tage/t1[71][tag][7]_i_1_n_0                                      |                                                        |                5 |              8 |         1.60 |
|  aclk        | u_core/u_tage/t1[70][tag][7]_i_1_n_0                                      |                                                        |                2 |              8 |         4.00 |
|  aclk        | u_core/u_tage/t1[69][tag][7]_i_1_n_0                                      |                                                        |                6 |              8 |         1.33 |
|  aclk        | u_core/u_tage/t1[9][tag][7]_i_1_n_0                                       |                                                        |                7 |              8 |         1.14 |
|  aclk        | u_core/u_tage/t2[102][tag][7]_i_1_n_0                                     |                                                        |                1 |              8 |         8.00 |
|  aclk        | u_core/u_tage/t2[100][tag][7]_i_1_n_0                                     |                                                        |                2 |              8 |         4.00 |
|  aclk        | u_core/u_tage/t2[103][tag][7]_i_1_n_0                                     |                                                        |                1 |              8 |         8.00 |
|  aclk        | u_core/u_tage/t2[0][tag][7]_i_1_n_0                                       |                                                        |                2 |              8 |         4.00 |
|  aclk        | u_core/u_tage/t2[101][tag][7]_i_1_n_0                                     |                                                        |                1 |              8 |         8.00 |
|  aclk        | u_core/u_tage/t2[109][tag][7]_i_1_n_0                                     |                                                        |                2 |              8 |         4.00 |
|  aclk        | u_core/u_tage/t2[10][tag][7]_i_1_n_0                                      |                                                        |                1 |              8 |         8.00 |
|  aclk        | u_core/u_tage/t2[104][tag][7]_i_1_n_0                                     |                                                        |                1 |              8 |         8.00 |
|  aclk        | u_core/u_tage/t2[107][tag][7]_i_1_n_0                                     |                                                        |                1 |              8 |         8.00 |
|  aclk        | u_core/u_tage/t2[110][tag][7]_i_1_n_0                                     |                                                        |                1 |              8 |         8.00 |
|  aclk        | u_core/u_tage/t2[111][tag][7]_i_1_n_0                                     |                                                        |                2 |              8 |         4.00 |
|  aclk        | u_core/u_tage/t2[106][tag][7]_i_1_n_0                                     |                                                        |                1 |              8 |         8.00 |
|  aclk        | u_core/u_tage/t2[108][tag][7]_i_1_n_0                                     |                                                        |                2 |              8 |         4.00 |
|  aclk        | u_core/u_tage/t2[105][tag][7]_i_1_n_0                                     |                                                        |                3 |              8 |         2.67 |
|  aclk        | u_core/u_tage/t2[112][tag][7]_i_1_n_0                                     |                                                        |                1 |              8 |         8.00 |
|  aclk        | u_core/u_tage/t2[120][tag][7]_i_1_n_0                                     |                                                        |                4 |              8 |         2.00 |
|  aclk        | u_core/u_tage/t2[114][tag][7]_i_1_n_0                                     |                                                        |                1 |              8 |         8.00 |
|  aclk        | u_core/u_tage/t2[119][tag][7]_i_1_n_0                                     |                                                        |                3 |              8 |         2.67 |
|  aclk        | u_core/u_tage/t2[115][tag][7]_i_1_n_0                                     |                                                        |                4 |              8 |         2.00 |
|  aclk        | u_core/u_tage/t2[121][tag][7]_i_1_n_0                                     |                                                        |                3 |              8 |         2.67 |
|  aclk        | u_core/u_tage/t2[11][tag][7]_i_1_n_0                                      |                                                        |                3 |              8 |         2.67 |
|  aclk        | u_core/u_tage/t2[118][tag][7]_i_1_n_0                                     |                                                        |                2 |              8 |         4.00 |
|  aclk        | u_core/u_tage/t2[117][tag][7]_i_1_n_0                                     |                                                        |                1 |              8 |         8.00 |
|  aclk        | u_core/u_tage/t2[113][tag][7]_i_1_n_0                                     |                                                        |                2 |              8 |         4.00 |
|  aclk        | u_core/u_tage/t2[116][tag][7]_i_1_n_0                                     |                                                        |                3 |              8 |         2.67 |
|  aclk        | u_core/u_tage/t2[126][tag][7]_i_1_n_0                                     |                                                        |                4 |              8 |         2.00 |
|  aclk        | u_core/u_tage/t2[125][tag][7]_i_1_n_0                                     |                                                        |                4 |              8 |         2.00 |
|  aclk        | u_core/u_tage/t2[129][tag][7]_i_1_n_0                                     |                                                        |                1 |              8 |         8.00 |
|  aclk        | u_core/u_tage/t2[12][tag][7]_i_1_n_0                                      |                                                        |                3 |              8 |         2.67 |
|  aclk        | u_core/u_tage/t2[130][tag][7]_i_1_n_0                                     |                                                        |                1 |              8 |         8.00 |
|  aclk        | u_core/u_tage/t2[123][tag][7]_i_1_n_0                                     |                                                        |                6 |              8 |         1.33 |
|  aclk        | u_core/u_tage/t2[128][tag][7]_i_1_n_0                                     |                                                        |                2 |              8 |         4.00 |
|  aclk        | u_core/u_tage/t2[127][tag][7]_i_1_n_0                                     |                                                        |                5 |              8 |         1.60 |
|  aclk        | u_core/u_tage/t2[124][tag][7]_i_1_n_0                                     |                                                        |                4 |              8 |         2.00 |
|  aclk        | u_core/u_tage/t2[122][tag][7]_i_1_n_0                                     |                                                        |                4 |              8 |         2.00 |
|  aclk        | u_core/u_tage/t2[132][tag][7]_i_1_n_0                                     |                                                        |                5 |              8 |         1.60 |
|  aclk        | u_core/u_tage/t2[136][tag][7]_i_1_n_0                                     |                                                        |                6 |              8 |         1.33 |
|  aclk        | u_core/u_tage/t2[137][tag][7]_i_1_n_0                                     |                                                        |                2 |              8 |         4.00 |
|  aclk        | u_core/u_tage/t2[134][tag][7]_i_1_n_0                                     |                                                        |                4 |              8 |         2.00 |
|  aclk        | u_core/u_tage/t2[135][tag][7]_i_1_n_0                                     |                                                        |                1 |              8 |         8.00 |
|  aclk        | u_core/u_tage/t2[13][tag][7]_i_1_n_0                                      |                                                        |                1 |              8 |         8.00 |
|  aclk        | u_core/u_tage/t2[133][tag][7]_i_1_n_0                                     |                                                        |                5 |              8 |         1.60 |
|  aclk        | u_core/u_tage/t2[138][tag][7]_i_1_n_0                                     |                                                        |                2 |              8 |         4.00 |
|  aclk        | u_core/u_tage/t2[131][tag][7]_i_1_n_0                                     |                                                        |                1 |              8 |         8.00 |
|  aclk        | u_core/u_tage/t2[139][tag][7]_i_1_n_0                                     |                                                        |                4 |              8 |         2.00 |
|  aclk        | u_core/u_tage/t2[142][tag][7]_i_1_n_0                                     |                                                        |                4 |              8 |         2.00 |
|  aclk        | u_core/u_tage/t2[143][tag][7]_i_1_n_0                                     |                                                        |                7 |              8 |         1.14 |
|  aclk        | u_core/u_tage/t2[145][tag][7]_i_1_n_0                                     |                                                        |                2 |              8 |         4.00 |
|  aclk        | u_core/u_tage/t2[146][tag][7]_i_1_n_0                                     |                                                        |                4 |              8 |         2.00 |
|  aclk        | u_core/u_tage/t2[140][tag][7]_i_1_n_0                                     |                                                        |                7 |              8 |         1.14 |
|  aclk        | u_core/u_tage/t2[149][tag][7]_i_1_n_0                                     |                                                        |                3 |              8 |         2.67 |
|  aclk        | u_core/u_tage/t2[144][tag][7]_i_1_n_0                                     |                                                        |                4 |              8 |         2.00 |
|  aclk        | u_core/u_tage/t2[147][tag][7]_i_1_n_0                                     |                                                        |                2 |              8 |         4.00 |
|  aclk        | u_core/u_tage/t2[141][tag][7]_i_1_n_0                                     |                                                        |                6 |              8 |         1.33 |
|  aclk        | u_core/u_tage/t2[148][tag][7]_i_1_n_0                                     |                                                        |                3 |              8 |         2.67 |
|  aclk        | u_core/u_tage/t2[154][tag][7]_i_1_n_0                                     |                                                        |                1 |              8 |         8.00 |
|  aclk        | u_core/u_tage/t2[14][tag][7]_i_1_n_0                                      |                                                        |                4 |              8 |         2.00 |
|  aclk        | u_core/u_tage/t2[156][tag][7]_i_1_n_0                                     |                                                        |                5 |              8 |         1.60 |
|  aclk        | u_core/u_tage/t2[151][tag][7]_i_1_n_0                                     |                                                        |                2 |              8 |         4.00 |
|  aclk        | u_core/u_tage/t2[153][tag][7]_i_1_n_0                                     |                                                        |                5 |              8 |         1.60 |
|  aclk        | u_core/u_tage/t2[155][tag][7]_i_1_n_0                                     |                                                        |                1 |              8 |         8.00 |
|  aclk        | u_core/u_tage/t2[157][tag][7]_i_1_n_0                                     |                                                        |                6 |              8 |         1.33 |
|  aclk        | u_core/u_tage/t2[158][tag][7]_i_1_n_0                                     |                                                        |                5 |              8 |         1.60 |
|  aclk        | u_core/u_tage/t2[150][tag][7]_i_1_n_0                                     |                                                        |                5 |              8 |         1.60 |
|  aclk        | u_core/u_tage/t2[152][tag][7]_i_1_n_0                                     |                                                        |                4 |              8 |         2.00 |
|  aclk        | u_core/u_tage/t2[166][tag][7]_i_1_n_0                                     |                                                        |                2 |              8 |         4.00 |
|  aclk        | u_core/u_tage/t2[167][tag][7]_i_1_n_0                                     |                                                        |                2 |              8 |         4.00 |
|  aclk        | u_core/u_tage/t2[168][tag][7]_i_1_n_0                                     |                                                        |                6 |              8 |         1.33 |
|  aclk        | u_core/u_tage/t2[15][tag][7]_i_1_n_0                                      |                                                        |                2 |              8 |         4.00 |
|  aclk        | u_core/u_tage/t2[161][tag][7]_i_1_n_0                                     |                                                        |                2 |              8 |         4.00 |
|  aclk        | u_core/u_tage/t2[159][tag][7]_i_1_n_0                                     |                                                        |                7 |              8 |         1.14 |
|  aclk        | u_core/u_tage/t2[160][tag][7]_i_1_n_0                                     |                                                        |                1 |              8 |         8.00 |
|  aclk        | u_core/u_tage/t2[162][tag][7]_i_1_n_0                                     |                                                        |                2 |              8 |         4.00 |
|  aclk        | u_core/u_tage/t2[164][tag][7]_i_1_n_0                                     |                                                        |                1 |              8 |         8.00 |
|  aclk        | u_core/u_tage/t2[163][tag][7]_i_1_n_0                                     |                                                        |                1 |              8 |         8.00 |
|  aclk        | u_core/u_tage/t2[165][tag][7]_i_1_n_0                                     |                                                        |                4 |              8 |         2.00 |
|  aclk        | u_core/u_tage/t2[173][tag][7]_i_1_n_0                                     |                                                        |                3 |              8 |         2.67 |
|  aclk        | u_core/u_tage/t2[177][tag][7]_i_1_n_0                                     |                                                        |                2 |              8 |         4.00 |
|  aclk        | u_core/u_tage/t2[16][tag][7]_i_1_n_0                                      |                                                        |                2 |              8 |         4.00 |
|  aclk        | u_core/u_tage/t2[172][tag][7]_i_1_n_0                                     |                                                        |                4 |              8 |         2.00 |
|  aclk        | u_core/u_tage/t2[174][tag][7]_i_1_n_0                                     |                                                        |                5 |              8 |         1.60 |
|  aclk        | u_core/u_tage/t2[171][tag][7]_i_1_n_0                                     |                                                        |                3 |              8 |         2.67 |
|  aclk        | u_core/u_tage/t2[175][tag][7]_i_1_n_0                                     |                                                        |                6 |              8 |         1.33 |
|  aclk        | u_core/u_tage/t2[169][tag][7]_i_1_n_0                                     |                                                        |                4 |              8 |         2.00 |
|  aclk        | u_core/u_tage/t2[170][tag][7]_i_1_n_0                                     |                                                        |                2 |              8 |         4.00 |
|  aclk        | u_core/u_tage/t2[176][tag][7]_i_1_n_0                                     |                                                        |                1 |              8 |         8.00 |
|  aclk        | u_core/u_tage/t2[179][tag][7]_i_1_n_0                                     |                                                        |                2 |              8 |         4.00 |
|  aclk        | u_core/u_tage/t2[17][tag][7]_i_1_n_0                                      |                                                        |                1 |              8 |         8.00 |
|  aclk        | u_core/u_tage/t2[178][tag][7]_i_1_n_0                                     |                                                        |                1 |              8 |         8.00 |
|  aclk        | u_core/u_tage/t2[180][tag][7]_i_1_n_0                                     |                                                        |                3 |              8 |         2.67 |
|  aclk        | u_core/u_tage/t2[186][tag][7]_i_1_n_0                                     |                                                        |                1 |              8 |         8.00 |
|  aclk        | u_core/u_tage/t2[187][tag][7]_i_1_n_0                                     |                                                        |                7 |              8 |         1.14 |
|  aclk        | u_core/u_tage/t2[183][tag][7]_i_1_n_0                                     |                                                        |                5 |              8 |         1.60 |
|  aclk        | u_core/u_tage/t2[182][tag][7]_i_1_n_0                                     |                                                        |                5 |              8 |         1.60 |
|  aclk        | u_core/u_tage/t2[184][tag][7]_i_1_n_0                                     |                                                        |                1 |              8 |         8.00 |
|  aclk        | u_core/u_tage/t2[181][tag][7]_i_1_n_0                                     |                                                        |                3 |              8 |         2.67 |
|  aclk        | u_core/u_tage/t2[185][tag][7]_i_1_n_0                                     |                                                        |                2 |              8 |         4.00 |
|  aclk        | u_core/u_tage/t2[191][tag][7]_i_1_n_0                                     |                                                        |                7 |              8 |         1.14 |
|  aclk        | u_core/u_tage/t2[192][tag][7]_i_1_n_0                                     |                                                        |                2 |              8 |         4.00 |
|  aclk        | u_core/u_tage/t2[194][tag][7]_i_1_n_0                                     |                                                        |                2 |              8 |         4.00 |
|  aclk        | u_core/u_tage/t2[195][tag][7]_i_1_n_0                                     |                                                        |                1 |              8 |         8.00 |
|  aclk        | u_core/u_tage/t2[193][tag][7]_i_1_n_0                                     |                                                        |                2 |              8 |         4.00 |
|  aclk        | u_core/u_tage/t2[189][tag][7]_i_1_n_0                                     |                                                        |                4 |              8 |         2.00 |
|  aclk        | u_core/u_tage/t2[190][tag][7]_i_1_n_0                                     |                                                        |                4 |              8 |         2.00 |
|  aclk        | u_core/u_tage/t2[188][tag][7]_i_1_n_0                                     |                                                        |                3 |              8 |         2.67 |
|  aclk        | u_core/u_tage/t2[18][tag][7]_i_1_n_0                                      |                                                        |                2 |              8 |         4.00 |
|  aclk        | u_core/u_tage/t2[199][tag][7]_i_1_n_0                                     |                                                        |                2 |              8 |         4.00 |
|  aclk        | u_core/u_tage/t2[202][tag][7]_i_1_n_0                                     |                                                        |                4 |              8 |         2.00 |
|  aclk        | u_core/u_tage/t2[203][tag][7]_i_1_n_0                                     |                                                        |                4 |              8 |         2.00 |
|  aclk        | u_core/u_tage/t2[197][tag][7]_i_1_n_0                                     |                                                        |                2 |              8 |         4.00 |
|  aclk        | u_core/u_tage/t2[198][tag][7]_i_1_n_0                                     |                                                        |                3 |              8 |         2.67 |
|  aclk        | u_core/u_tage/t2[1][tag][7]_i_1_n_0                                       |                                                        |                3 |              8 |         2.67 |
|  aclk        | u_core/u_tage/t2[196][tag][7]_i_1_n_0                                     |                                                        |                2 |              8 |         4.00 |
|  aclk        | u_core/u_tage/t2[19][tag][7]_i_1_n_0                                      |                                                        |                1 |              8 |         8.00 |
|  aclk        | u_core/u_tage/t2[200][tag][7]_i_1_n_0                                     |                                                        |                2 |              8 |         4.00 |
|  aclk        | u_core/u_tage/t2[201][tag][7]_i_1_n_0                                     |                                                        |                2 |              8 |         4.00 |
|  aclk        | u_core/u_tage/t2[20][tag][7]_i_1_n_0                                      |                                                        |                2 |              8 |         4.00 |
|  aclk        | u_core/u_tage/t2[208][tag][7]_i_1_n_0                                     |                                                        |                1 |              8 |         8.00 |
|  aclk        | u_core/u_tage/t2[207][tag][7]_i_1_n_0                                     |                                                        |                3 |              8 |         2.67 |
|  aclk        | u_core/u_tage/t2[206][tag][7]_i_1_n_0                                     |                                                        |                7 |              8 |         1.14 |
|  aclk        | u_core/u_tage/t2[204][tag][7]_i_1_n_0                                     |                                                        |                5 |              8 |         1.60 |
|  aclk        | u_core/u_tage/t2[213][tag][7]_i_1_n_0                                     |                                                        |                2 |              8 |         4.00 |
|  aclk        | u_core/u_tage/t2[205][tag][7]_i_1_n_0                                     |                                                        |                6 |              8 |         1.33 |
|  aclk        | u_core/u_tage/t2[209][tag][7]_i_1_n_0                                     |                                                        |                2 |              8 |         4.00 |
|  aclk        | u_core/u_tage/t2[211][tag][7]_i_1_n_0                                     |                                                        |                1 |              8 |         8.00 |
|  aclk        | u_core/u_tage/t2[210][tag][7]_i_1_n_0                                     |                                                        |                5 |              8 |         1.60 |
|  aclk        | u_core/u_tage/t2[212][tag][7]_i_1_n_0                                     |                                                        |                2 |              8 |         4.00 |
|  aclk        | u_core/u_tage/t2[218][tag][7]_i_1_n_0                                     |                                                        |                5 |              8 |         1.60 |
|  aclk        | u_core/u_tage/t2[219][tag][7]_i_1_n_0                                     |                                                        |                1 |              8 |         8.00 |
|  aclk        | u_core/u_tage/t2[21][tag][7]_i_1_n_0                                      |                                                        |                4 |              8 |         2.00 |
|  aclk        | u_core/u_tage/t2[221][tag][7]_i_1_n_0                                     |                                                        |                8 |              8 |         1.00 |
|  aclk        | u_core/u_tage/t2[220][tag][7]_i_1_n_0                                     |                                                        |                3 |              8 |         2.67 |
|  aclk        | u_core/u_tage/t2[222][tag][7]_i_1_n_0                                     |                                                        |                4 |              8 |         2.00 |
|  aclk        | u_core/u_tage/t2[214][tag][7]_i_1_n_0                                     |                                                        |                2 |              8 |         4.00 |
|  aclk        | u_core/u_tage/t2[215][tag][7]_i_1_n_0                                     |                                                        |                1 |              8 |         8.00 |
|  aclk        | u_core/u_tage/t2[217][tag][7]_i_1_n_0                                     |                                                        |                2 |              8 |         4.00 |
|  aclk        | u_core/u_tage/t2[216][tag][7]_i_1_n_0                                     |                                                        |                2 |              8 |         4.00 |
|  aclk        | u_core/u_tage/t2[223][tag][7]_i_1_n_0                                     |                                                        |                4 |              8 |         2.00 |
|  aclk        | u_core/u_tage/t2[22][tag][7]_i_1_n_0                                      |                                                        |                2 |              8 |         4.00 |
|  aclk        | u_core/u_tage/t2[230][tag][7]_i_1_n_0                                     |                                                        |                1 |              8 |         8.00 |
|  aclk        | u_core/u_tage/t2[231][tag][7]_i_1_n_0                                     |                                                        |                1 |              8 |         8.00 |
|  aclk        | u_core/u_tage/t2[229][tag][7]_i_1_n_0                                     |                                                        |                1 |              8 |         8.00 |
|  aclk        | u_core/u_tage/t2[232][tag][7]_i_1_n_0                                     |                                                        |                1 |              8 |         8.00 |
|  aclk        | u_core/u_tage/t2[228][tag][7]_i_1_n_0                                     |                                                        |                2 |              8 |         4.00 |
|  aclk        | u_core/u_tage/t2[224][tag][7]_i_1_n_0                                     |                                                        |                1 |              8 |         8.00 |
|  aclk        | u_core/u_tage/t2[227][tag][7]_i_1_n_0                                     |                                                        |                1 |              8 |         8.00 |
|  aclk        | u_core/u_tage/t2[226][tag][7]_i_1_n_0                                     |                                                        |                1 |              8 |         8.00 |
|  aclk        | u_core/u_tage/t2[225][tag][7]_i_1_n_0                                     |                                                        |                2 |              8 |         4.00 |
|  aclk        | u_core/u_tage/t2[239][tag][7]_i_1_n_0                                     |                                                        |                6 |              8 |         1.33 |
|  aclk        | u_core/u_tage/t2[240][tag][7]_i_1_n_0                                     |                                                        |                2 |              8 |         4.00 |
|  aclk        | u_core/u_tage/t2[236][tag][7]_i_1_n_0                                     |                                                        |                5 |              8 |         1.60 |
|  aclk        | u_core/u_tage/t2[234][tag][7]_i_1_n_0                                     |                                                        |                4 |              8 |         2.00 |
|  aclk        | u_core/u_tage/t2[235][tag][7]_i_1_n_0                                     |                                                        |                6 |              8 |         1.33 |
|  aclk        | u_core/u_tage/t2[233][tag][7]_i_1_n_0                                     |                                                        |                3 |              8 |         2.67 |
|  aclk        | u_core/u_tage/t2[241][tag][7]_i_1_n_0                                     |                                                        |                1 |              8 |         8.00 |
|  aclk        | u_core/u_tage/t2[23][tag][7]_i_1_n_0                                      |                                                        |                1 |              8 |         8.00 |
|  aclk        | u_core/u_tage/t2[238][tag][7]_i_1_n_0                                     |                                                        |                8 |              8 |         1.00 |
|  aclk        | u_core/u_tage/t2[237][tag][7]_i_1_n_0                                     |                                                        |                6 |              8 |         1.33 |
|  aclk        | u_core/u_tage/t2[246][tag][7]_i_1_n_0                                     |                                                        |                4 |              8 |         2.00 |
|  aclk        | u_core/u_tage/t2[243][tag][7]_i_1_n_0                                     |                                                        |                1 |              8 |         8.00 |
|  aclk        | u_core/u_tage/t2[248][tag][7]_i_1_n_0                                     |                                                        |                1 |              8 |         8.00 |
|  aclk        | u_core/u_tage/t2[251][tag][7]_i_1_n_0                                     |                                                        |                3 |              8 |         2.67 |
|  aclk        | u_core/u_tage/t2[242][tag][7]_i_1_n_0                                     |                                                        |                2 |              8 |         4.00 |
|  aclk        | u_core/u_tage/t2[24][tag][7]_i_1_n_0                                      |                                                        |                4 |              8 |         2.00 |
|  aclk        | u_core/u_tage/t2[244][tag][7]_i_1_n_0                                     |                                                        |                1 |              8 |         8.00 |
|  aclk        | u_core/u_tage/t2[245][tag][7]_i_1_n_0                                     |                                                        |                2 |              8 |         4.00 |
|  aclk        | u_core/u_tage/t2[249][tag][7]_i_1_n_0                                     |                                                        |                4 |              8 |         2.00 |
|  aclk        | u_core/u_tage/t2[250][tag][7]_i_1_n_0                                     |                                                        |                2 |              8 |         4.00 |
|  aclk        | u_core/u_tage/t2[247][tag][7]_i_1_n_0                                     |                                                        |                3 |              8 |         2.67 |
|  aclk        | u_core/u_tage/t2[28][tag][7]_i_1_n_0                                      |                                                        |                5 |              8 |         1.60 |
|  aclk        | u_core/u_tage/t2[29][tag][7]_i_1_n_0                                      |                                                        |                4 |              8 |         2.00 |
|  aclk        | u_core/u_tage/t2[254][tag][7]_i_1_n_0                                     |                                                        |                7 |              8 |         1.14 |
|  aclk        | u_core/u_tage/t2[252][tag][7]_i_1_n_0                                     |                                                        |                6 |              8 |         1.33 |
|  aclk        | u_core/u_tage/t2[27][tag][7]_i_1_n_0                                      |                                                        |                4 |              8 |         2.00 |
|  aclk        | u_core/u_tage/t2[255][tag][7]_i_1_n_0                                     |                                                        |                7 |              8 |         1.14 |
|  aclk        | u_core/u_tage/t2[26][tag][7]_i_1_n_0                                      |                                                        |                2 |              8 |         4.00 |
|  aclk        | u_core/u_tage/t2[253][tag][7]_i_1_n_0                                     |                                                        |                2 |              8 |         4.00 |
|  aclk        | u_core/u_tage/t2[25][tag][7]_i_1_n_0                                      |                                                        |                2 |              8 |         4.00 |
|  aclk        | u_core/u_tage/t2[2][tag][7]_i_1_n_0                                       |                                                        |                5 |              8 |         1.60 |
|  aclk        | u_core/u_tage/t2[38][tag][7]_i_1_n_0                                      |                                                        |                2 |              8 |         4.00 |
|  aclk        | u_core/u_tage/t2[35][tag][7]_i_1_n_0                                      |                                                        |                7 |              8 |         1.14 |
|  aclk        | u_core/u_tage/t2[33][tag][7]_i_1_n_0                                      |                                                        |                2 |              8 |         4.00 |
|  aclk        | u_core/u_tage/t2[36][tag][7]_i_1_n_0                                      |                                                        |                2 |              8 |         4.00 |
|  aclk        | u_core/u_tage/t2[39][tag][7]_i_1_n_0                                      |                                                        |                7 |              8 |         1.14 |
|  aclk        | u_core/u_tage/t2[34][tag][7]_i_1_n_0                                      |                                                        |                2 |              8 |         4.00 |
|  aclk        | u_core/u_tage/t2[37][tag][7]_i_1_n_0                                      |                                                        |                3 |              8 |         2.67 |
|  aclk        | u_core/u_tage/t2[30][tag][7]_i_1_n_0                                      |                                                        |                6 |              8 |         1.33 |
|  aclk        | u_core/u_tage/t2[32][tag][7]_i_1_n_0                                      |                                                        |                2 |              8 |         4.00 |
|  aclk        | u_core/u_tage/t2[31][tag][7]_i_1_n_0                                      |                                                        |                4 |              8 |         2.00 |
|  aclk        | u_core/u_tage/t2[47][tag][7]_i_1_n_0                                      |                                                        |                6 |              8 |         1.33 |
|  aclk        | u_core/u_tage/t2[48][tag][7]_i_1_n_0                                      |                                                        |                4 |              8 |         2.00 |
|  aclk        | u_core/u_tage/t2[40][tag][7]_i_1_n_0                                      |                                                        |                3 |              8 |         2.67 |
|  aclk        | u_core/u_tage/t2[43][tag][7]_i_1_n_0                                      |                                                        |                3 |              8 |         2.67 |
|  aclk        | u_core/u_tage/t2[42][tag][7]_i_1_n_0                                      |                                                        |                4 |              8 |         2.00 |
|  aclk        | u_core/u_tage/t2[41][tag][7]_i_1_n_0                                      |                                                        |                3 |              8 |         2.67 |
|  aclk        | u_core/u_tage/t2[45][tag][7]_i_1_n_0                                      |                                                        |                4 |              8 |         2.00 |
|  aclk        | u_core/u_tage/t2[3][tag][7]_i_1_n_0                                       |                                                        |                2 |              8 |         4.00 |
|  aclk        | u_core/u_tage/t2[46][tag][7]_i_1_n_0                                      |                                                        |                8 |              8 |         1.00 |
|  aclk        | u_core/u_tage/t2[49][tag][7]_i_1_n_0                                      |                                                        |                3 |              8 |         2.67 |
|  aclk        | u_core/u_tage/t2[44][tag][7]_i_1_n_0                                      |                                                        |                4 |              8 |         2.00 |
|  aclk        | u_core/u_tage/t2[52][tag][7]_i_1_n_0                                      |                                                        |                3 |              8 |         2.67 |
|  aclk        | u_core/u_tage/t2[56][tag][7]_i_1_n_0                                      |                                                        |                2 |              8 |         4.00 |
|  aclk        | u_core/u_tage/t2[54][tag][7]_i_1_n_0                                      |                                                        |                3 |              8 |         2.67 |
|  aclk        | u_core/u_tage/t2[58][tag][7]_i_1_n_0                                      |                                                        |                6 |              8 |         1.33 |
|  aclk        | u_core/u_tage/t2[53][tag][7]_i_1_n_0                                      |                                                        |                2 |              8 |         4.00 |
|  aclk        | u_core/u_tage/t2[55][tag][7]_i_1_n_0                                      |                                                        |                3 |              8 |         2.67 |
|  aclk        | u_core/u_tage/t2[4][tag][7]_i_1_n_0                                       |                                                        |                4 |              8 |         2.00 |
|  aclk        | u_core/u_tage/t2[51][tag][7]_i_1_n_0                                      |                                                        |                2 |              8 |         4.00 |
|  aclk        | u_core/u_tage/t2[57][tag][7]_i_1_n_0                                      |                                                        |                4 |              8 |         2.00 |
|  aclk        | u_core/u_tage/t2[50][tag][7]_i_1_n_0                                      |                                                        |                2 |              8 |         4.00 |
|  aclk        | u_core/u_tage/t2[60][tag][7]_i_1_n_0                                      |                                                        |                4 |              8 |         2.00 |
|  aclk        | u_core/u_tage/t2[65][tag][7]_i_1_n_0                                      |                                                        |                1 |              8 |         8.00 |
|  aclk        | u_core/u_tage/t2[5][tag][7]_i_1_n_0                                       |                                                        |                1 |              8 |         8.00 |
|  aclk        | u_core/u_tage/t2[62][tag][7]_i_1_n_0                                      |                                                        |                6 |              8 |         1.33 |
|  aclk        | u_core/u_tage/t2[64][tag][7]_i_1_n_0                                      |                                                        |                3 |              8 |         2.67 |
|  aclk        | u_core/u_tage/t2[66][tag][7]_i_1_n_0                                      |                                                        |                2 |              8 |         4.00 |
|  aclk        | u_core/u_tage/t2[59][tag][7]_i_1_n_0                                      |                                                        |                3 |              8 |         2.67 |
|  aclk        | u_core/u_tage/t2[63][tag][7]_i_1_n_0                                      |                                                        |                4 |              8 |         2.00 |
|  aclk        | u_core/u_tage/t2[61][tag][7]_i_1_n_0                                      |                                                        |                8 |              8 |         1.00 |
|  aclk        | u_core/u_tage/t2[68][tag][7]_i_1_n_0                                      |                                                        |                2 |              8 |         4.00 |
|  aclk        | u_core/u_tage/t2[72][tag][7]_i_1_n_0                                      |                                                        |                2 |              8 |         4.00 |
|  aclk        | u_core/u_tage/t2[74][tag][7]_i_1_n_0                                      |                                                        |                5 |              8 |         1.60 |
|  aclk        | u_core/u_tage/t2[67][tag][7]_i_1_n_0                                      |                                                        |                2 |              8 |         4.00 |
|  aclk        | u_core/u_tage/t2[70][tag][7]_i_1_n_0                                      |                                                        |                1 |              8 |         8.00 |
|  aclk        | u_core/u_tage/t2[75][tag][7]_i_1_n_0                                      |                                                        |                3 |              8 |         2.67 |
|  aclk        | u_core/u_tage/t2[73][tag][7]_i_1_n_0                                      |                                                        |                2 |              8 |         4.00 |
|  aclk        | u_core/u_tage/t2[69][tag][7]_i_1_n_0                                      |                                                        |                3 |              8 |         2.67 |
|  aclk        | u_core/u_tage/t2[71][tag][7]_i_1_n_0                                      |                                                        |                2 |              8 |         4.00 |
|  aclk        | u_core/u_tage/t2[6][tag][7]_i_1_n_0                                       |                                                        |                5 |              8 |         1.60 |
|  aclk        | u_core/u_tage/t2[79][tag][7]_i_1_n_0                                      |                                                        |                6 |              8 |         1.33 |
|  aclk        | u_core/u_tage/t2[81][tag][7]_i_1_n_0                                      |                                                        |                2 |              8 |         4.00 |
|  aclk        | u_core/u_tage/t2[84][tag][7]_i_1_n_0                                      |                                                        |                2 |              8 |         4.00 |
|  aclk        | u_core/u_tage/t2[7][tag][7]_i_1_n_0                                       |                                                        |                7 |              8 |         1.14 |
|  aclk        | u_core/u_tage/t2[77][tag][7]_i_1_n_0                                      |                                                        |                7 |              8 |         1.14 |
|  aclk        | u_core/u_tage/t2[78][tag][7]_i_1_n_0                                      |                                                        |                5 |              8 |         1.60 |
|  aclk        | u_core/u_tage/t2[76][tag][7]_i_1_n_0                                      |                                                        |                6 |              8 |         1.33 |
|  aclk        | u_core/u_tage/t2[80][tag][7]_i_1_n_0                                      |                                                        |                2 |              8 |         4.00 |
|  aclk        | u_core/u_tage/t2[82][tag][7]_i_1_n_0                                      |                                                        |                3 |              8 |         2.67 |
|  aclk        | u_core/u_tage/t2[83][tag][7]_i_1_n_0                                      |                                                        |                2 |              8 |         4.00 |
|  aclk        | u_core/u_tage/t2[86][tag][7]_i_1_n_0                                      |                                                        |                2 |              8 |         4.00 |
|  aclk        | u_core/u_tage/t2[88][tag][7]_i_1_n_0                                      |                                                        |                1 |              8 |         8.00 |
|  aclk        | u_core/u_tage/t2[89][tag][7]_i_1_n_0                                      |                                                        |                6 |              8 |         1.33 |
|  aclk        | u_core/u_tage/t2[8][tag][7]_i_1_n_0                                       |                                                        |                6 |              8 |         1.33 |
|  aclk        | u_core/u_tage/t2[92][tag][7]_i_1_n_0                                      |                                                        |                2 |              8 |         4.00 |
|  aclk        | u_core/u_tage/t2[93][tag][7]_i_1_n_0                                      |                                                        |                7 |              8 |         1.14 |
|  aclk        | u_core/u_tage/t2[90][tag][7]_i_1_n_0                                      |                                                        |                3 |              8 |         2.67 |
|  aclk        | u_core/u_tage/t2[85][tag][7]_i_1_n_0                                      |                                                        |                3 |              8 |         2.67 |
|  aclk        | u_core/u_tage/t2[91][tag][7]_i_1_n_0                                      |                                                        |                4 |              8 |         2.00 |
|  aclk        | u_core/u_tage/t2[87][tag][7]_i_1_n_0                                      |                                                        |                1 |              8 |         8.00 |
|  aclk        | u_core/u_tage/t2[95][tag][7]_i_1_n_0                                      |                                                        |                6 |              8 |         1.33 |
|  aclk        | u_core/u_tage/t2[98][tag][7]_i_1_n_0                                      |                                                        |                6 |              8 |         1.33 |
|  aclk        | u_core/u_tage/t2[9][tag][7]_i_1_n_0                                       |                                                        |                5 |              8 |         1.60 |
|  aclk        | u_core/u_tage/t2[96][tag][7]_i_1_n_0                                      |                                                        |                3 |              8 |         2.67 |
|  aclk        | u_core/u_tage/t2[94][tag][7]_i_1_n_0                                      |                                                        |                5 |              8 |         1.60 |
|  aclk        | u_core/u_tage/t2[97][tag][7]_i_1_n_0                                      |                                                        |                3 |              8 |         2.67 |
|  aclk        | u_core/u_tage/t2[99][tag][7]_i_1_n_0                                      |                                                        |                7 |              8 |         1.14 |
|  aclk        | u_core/u_tage/t3[110][tag][7]_i_1_n_0                                     |                                                        |                2 |              8 |         4.00 |
|  aclk        | u_core/u_tage/t3[112][tag][7]_i_1_n_0                                     |                                                        |                1 |              8 |         8.00 |
|  aclk        | u_core/u_tage/t3[113][tag][7]_i_1_n_0                                     |                                                        |                1 |              8 |         8.00 |
|  aclk        | u_core/u_tage/t3[114][tag][7]_i_1_n_0                                     |                                                        |                1 |              8 |         8.00 |
|  aclk        | u_core/u_tage/t3[115][tag][7]_i_1_n_0                                     |                                                        |                3 |              8 |         2.67 |
|  aclk        | u_core/u_tage/t3[111][tag][7]_i_1_n_0                                     |                                                        |                2 |              8 |         4.00 |
|  aclk        | u_core/u_tage/t3[118][tag][7]_i_1_n_0                                     |                                                        |                2 |              8 |         4.00 |
|  aclk        | u_core/u_tage/t3[116][tag][7]_i_1_n_0                                     |                                                        |                3 |              8 |         2.67 |
|  aclk        | u_core/u_tage/t3[117][tag][7]_i_1_n_0                                     |                                                        |                5 |              8 |         1.60 |
|  aclk        | u_core/u_tage/t3[119][tag][7]_i_1_n_0                                     |                                                        |                2 |              8 |         4.00 |
|  aclk        | u_core/u_tage/t3[126][tag][7]_i_1_n_0                                     |                                                        |                2 |              8 |         4.00 |
|  aclk        | u_core/u_tage/t3[127][tag][7]_i_1_n_0                                     |                                                        |                7 |              8 |         1.14 |
|  aclk        | u_core/u_tage/t3[123][tag][7]_i_1_n_0                                     |                                                        |                4 |              8 |         2.00 |
|  aclk        | u_core/u_tage/t3[11][tag][7]_i_1_n_0                                      |                                                        |                2 |              8 |         4.00 |
|  aclk        | u_core/u_tage/t3[121][tag][7]_i_1_n_0                                     |                                                        |                2 |              8 |         4.00 |
|  aclk        | u_core/u_tage/t3[124][tag][7]_i_1_n_0                                     |                                                        |                4 |              8 |         2.00 |
|  aclk        | u_core/u_tage/t3[125][tag][7]_i_1_n_0                                     |                                                        |                7 |              8 |         1.14 |
|  aclk        | u_core/u_tage/t3[122][tag][7]_i_1_n_0                                     |                                                        |                1 |              8 |         8.00 |
|  aclk        | u_core/u_tage/t3[128][tag][7]_i_1_n_0                                     |                                                        |                4 |              8 |         2.00 |
|  aclk        | u_core/u_tage/t3[120][tag][7]_i_1_n_0                                     |                                                        |                1 |              8 |         8.00 |
|  aclk        | u_core/u_tage/t3[137][tag][7]_i_1_n_0                                     |                                                        |                5 |              8 |         1.60 |
|  aclk        | u_core/u_tage/t3[136][tag][7]_i_1_n_0                                     |                                                        |                4 |              8 |         2.00 |
|  aclk        | u_core/u_tage/t3[135][tag][7]_i_1_n_0                                     |                                                        |                3 |              8 |         2.67 |
|  aclk        | u_core/u_tage/t3[134][tag][7]_i_1_n_0                                     |                                                        |                4 |              8 |         2.00 |
|  aclk        | u_core/u_tage/t3[130][tag][7]_i_1_n_0                                     |                                                        |                3 |              8 |         2.67 |
|  aclk        | u_core/u_tage/t3[132][tag][7]_i_1_n_0                                     |                                                        |                6 |              8 |         1.33 |
|  aclk        | u_core/u_tage/t3[133][tag][7]_i_1_n_0                                     |                                                        |                5 |              8 |         1.60 |
|  aclk        | u_core/u_tage/t3[131][tag][7]_i_1_n_0                                     |                                                        |                4 |              8 |         2.00 |
|  aclk        | u_core/u_tage/t3[129][tag][7]_i_1_n_0                                     |                                                        |                2 |              8 |         4.00 |
|  aclk        | u_core/u_tage/t3[12][tag][7]_i_1_n_0                                      |                                                        |                3 |              8 |         2.67 |
|  aclk        | u_core/u_tage/t3[0][tag][7]_i_1_n_0                                       |                                                        |                3 |              8 |         2.67 |
|  aclk        | u_core/u_tage/t3[103][tag][7]_i_1_n_0                                     |                                                        |                2 |              8 |         4.00 |
|  aclk        | u_core/u_tage/t3[106][tag][7]_i_1_n_0                                     |                                                        |                3 |              8 |         2.67 |
|  aclk        | u_core/u_tage/t3[105][tag][7]_i_1_n_0                                     |                                                        |                1 |              8 |         8.00 |
|  aclk        | u_core/u_tage/t3[100][tag][7]_i_1_n_0                                     |                                                        |                3 |              8 |         2.67 |
|  aclk        | u_core/u_tage/t3[102][tag][7]_i_1_n_0                                     |                                                        |                1 |              8 |         8.00 |
|  aclk        | u_core/u_tage/t3[107][tag][7]_i_1_n_0                                     |                                                        |                1 |              8 |         8.00 |
|  aclk        | u_core/u_tage/t3[104][tag][7]_i_1_n_0                                     |                                                        |                3 |              8 |         2.67 |
|  aclk        | u_core/u_tage/t3[101][tag][7]_i_1_n_0                                     |                                                        |                2 |              8 |         4.00 |
|  aclk        | u_core/u_tage/t3[108][tag][7]_i_1_n_0                                     |                                                        |                1 |              8 |         8.00 |
|  aclk        | u_core/u_tage/t3[109][tag][7]_i_1_n_0                                     |                                                        |                2 |              8 |         4.00 |
|  aclk        | u_core/u_tage/t3[10][tag][7]_i_1_n_0                                      |                                                        |                2 |              8 |         4.00 |
|  aclk        | u_core/u_tage/t3[140][tag][7]_i_1_n_0                                     |                                                        |                8 |              8 |         1.00 |
|  aclk        | u_core/u_tage/t3[138][tag][7]_i_1_n_0                                     |                                                        |                3 |              8 |         2.67 |
|  aclk        | u_core/u_tage/t3[141][tag][7]_i_1_n_0                                     |                                                        |                6 |              8 |         1.33 |
|  aclk        | u_core/u_tage/t3[13][tag][7]_i_1_n_0                                      |                                                        |                2 |              8 |         4.00 |
|  aclk        | u_core/u_tage/t3[144][tag][7]_i_1_n_0                                     |                                                        |                1 |              8 |         8.00 |
|  aclk        | u_core/u_tage/t3[143][tag][7]_i_1_n_0                                     |                                                        |                3 |              8 |         2.67 |
|  aclk        | u_core/u_tage/t3[145][tag][7]_i_1_n_0                                     |                                                        |                3 |              8 |         2.67 |
|  aclk        | u_core/u_tage/t3[142][tag][7]_i_1_n_0                                     |                                                        |                5 |              8 |         1.60 |
|  aclk        | u_core/u_tage/t3[146][tag][7]_i_1_n_0                                     |                                                        |                2 |              8 |         4.00 |
|  aclk        | u_core/u_tage/t3[139][tag][7]_i_1_n_0                                     |                                                        |                4 |              8 |         2.00 |
|  aclk        | u_core/u_tage/t3[155][tag][7]_i_1_n_0                                     |                                                        |                2 |              8 |         4.00 |
|  aclk        | u_core/u_tage/t3[153][tag][7]_i_1_n_0                                     |                                                        |                1 |              8 |         8.00 |
|  aclk        | u_core/u_tage/t3[147][tag][7]_i_1_n_0                                     |                                                        |                1 |              8 |         8.00 |
|  aclk        | u_core/u_tage/t3[149][tag][7]_i_1_n_0                                     |                                                        |                3 |              8 |         2.67 |
|  aclk        | u_core/u_tage/t3[14][tag][7]_i_1_n_0                                      |                                                        |                3 |              8 |         2.67 |
|  aclk        | u_core/u_tage/t3[151][tag][7]_i_1_n_0                                     |                                                        |                1 |              8 |         8.00 |
|  aclk        | u_core/u_tage/t3[152][tag][7]_i_1_n_0                                     |                                                        |                1 |              8 |         8.00 |
|  aclk        | u_core/u_tage/t3[150][tag][7]_i_1_n_0                                     |                                                        |                1 |              8 |         8.00 |
|  aclk        | u_core/u_tage/t3[148][tag][7]_i_1_n_0                                     |                                                        |                2 |              8 |         4.00 |
|  aclk        | u_core/u_tage/t3[154][tag][7]_i_1_n_0                                     |                                                        |                1 |              8 |         8.00 |
|  aclk        | u_core/u_tage/t3[160][tag][7]_i_1_n_0                                     |                                                        |                2 |              8 |         4.00 |
|  aclk        | u_core/u_tage/t3[158][tag][7]_i_1_n_0                                     |                                                        |                5 |              8 |         1.60 |
|  aclk        | u_core/u_tage/t3[161][tag][7]_i_1_n_0                                     |                                                        |                1 |              8 |         8.00 |
|  aclk        | u_core/u_tage/t3[162][tag][7]_i_1_n_0                                     |                                                        |                2 |              8 |         4.00 |
|  aclk        | u_core/u_tage/t3[157][tag][7]_i_1_n_0                                     |                                                        |                6 |              8 |         1.33 |
|  aclk        | u_core/u_tage/t3[165][tag][7]_i_1_n_0                                     |                                                        |                2 |              8 |         4.00 |
|  aclk        | u_core/u_tage/t3[163][tag][7]_i_1_n_0                                     |                                                        |                2 |              8 |         4.00 |
|  aclk        | u_core/u_tage/t3[164][tag][7]_i_1_n_0                                     |                                                        |                3 |              8 |         2.67 |
|  aclk        | u_core/u_tage/t3[15][tag][7]_i_1_n_0                                      |                                                        |                3 |              8 |         2.67 |
|  aclk        | u_core/u_tage/t3[156][tag][7]_i_1_n_0                                     |                                                        |                3 |              8 |         2.67 |
|  aclk        | u_core/u_tage/t3[159][tag][7]_i_1_n_0                                     |                                                        |                6 |              8 |         1.33 |
|  aclk        | u_core/u_tage/t3[174][tag][7]_i_1_n_0                                     |                                                        |                6 |              8 |         1.33 |
|  aclk        | u_core/u_tage/t3[169][tag][7]_i_1_n_0                                     |                                                        |                1 |              8 |         8.00 |
|  aclk        |                                                                           | rst_sync_1_i_1_n_0                                     |                5 |              9 |         1.80 |
|  aclk        | u_core/u_tensor_engine/is_bf16_r0                                         | u_core/u_lsq/RSTM                                      |                2 |              9 |         4.50 |
|  aclk        |                                                                           | u_core/u_decoder/dispatch_valid_reg[2]_0               |               10 |             12 |         1.20 |
|  aclk        |                                                                           | u_core/u_decoder/dispatch_valid_reg[1]_1               |               10 |             13 |         1.30 |
|  aclk        |                                                                           | u_core/u_rs/i___14_n_0                                 |               10 |             13 |         1.30 |
|  aclk        |                                                                           | u_core/u_rs/i___15_n_0                                 |               10 |             13 |         1.30 |
|  aclk        |                                                                           | u_core/u_rs/i___13_n_0                                 |               11 |             14 |         1.27 |
|  aclk        |                                                                           | u_core/u_rs/i___12_n_0                                 |                9 |             14 |         1.56 |
|  aclk        | u_core/u_rs/rob_flush_reg_reg_rep__3_0                                    | u_core/u_lsq/RSTM                                      |                4 |             14 |         3.50 |
|  aclk        | u_core/u_l2_cache/state[0]                                                | u_core/u_lsq/RSTM                                      |                7 |             14 |         2.00 |
|  aclk        | u_core/u_agu/agu_valid_out_reg_0[0]                                       | u_core/u_lsq/RSTM                                      |                8 |             15 |         1.88 |
|  aclk        | u_core/u_lsq/fwd_match_q_reg_1[0]                                         | u_core/u_rs/rob_flush_reg_reg_rep__0                   |                6 |             15 |         2.50 |
|  aclk        | u_core/u_branch_exec/cdb_valid                                            | u_core/u_lsq/RSTM                                      |                9 |             16 |         1.78 |
|  aclk        | u_core/u_tage/ghr_snapshot[1][15]_i_1_n_0                                 | u_core/u_lsq/RSTM                                      |                3 |             16 |         5.33 |
|  aclk        | u_core/u_tage/ghr_snapshot[4][15]_i_1_n_0                                 | u_core/u_lsq/RSTM                                      |                6 |             16 |         2.67 |
|  aclk        | u_core/u_tage/ghr_snapshot[0][15]_i_1_n_0                                 | u_core/u_lsq/RSTM                                      |                5 |             16 |         3.20 |
|  aclk        | u_core/u_tage/ghr_snapshot[3][15]_i_1_n_0                                 | u_core/u_lsq/RSTM                                      |                5 |             16 |         3.20 |
|  aclk        | u_core/u_tage/ghr_snapshot[6][15]_i_1_n_0                                 | u_core/u_lsq/RSTM                                      |                6 |             16 |         2.67 |
|  aclk        | u_core/u_tage/ghr_snapshot[7][15]_i_1_n_0                                 | u_core/u_lsq/RSTM                                      |                7 |             16 |         2.29 |
|  aclk        | u_core/u_tage/ghr_snapshot[5][15]_i_1_n_0                                 | u_core/u_lsq/RSTM                                      |                5 |             16 |         3.20 |
|  aclk        | u_core/u_tage/ghr_snapshot[2][15]_i_1_n_0                                 | u_core/u_lsq/RSTM                                      |                4 |             16 |         4.00 |
|  aclk        | u_core/u_tensor_engine/wb_idx_r[5]_i_1_n_0                                | u_core/u_lsq/RSTM                                      |                5 |             17 |         3.40 |
|  aclk        | u_core/u_rs/p_318_out                                                     | u_core/u_lsq/RSTM                                      |                3 |             18 |         6.00 |
|  aclk        |                                                                           | u_core/u_decoder/SR[0]                                 |               19 |             21 |         1.11 |
|  aclk        | u_core/u_rs/pload_we_en_reg_reg_n_0_[3]                                   |                                                        |                3 |             24 |         8.00 |
|  aclk        | u_core/u_rs/rs_is_branch[3]_i_1_n_0                                       | u_core/u_rs/rob_flush_reg_reg_rep__0                   |               11 |             30 |         2.73 |
|  aclk        | u_core/u_rs/rs_is_branch[2]_i_1_n_0                                       | u_core/u_rs/rob_flush_reg_reg_rep__0                   |               15 |             30 |         2.00 |
|  aclk        | u_core/u_rs/rs_is_memory[5]_i_1_n_0                                       | u_core/u_rs/rob_flush_reg_reg_rep__0                   |               14 |             30 |         2.14 |
|  aclk        | u_core/u_rs/rs_is_branch[4]_i_1_n_0                                       | u_core/u_rs/rob_flush_reg_reg_rep__0                   |               16 |             30 |         1.88 |
|  aclk        | u_core/u_rs/n_rs_p_src2                                                   | u_core/u_rs/rob_flush_reg_reg_rep__0                   |               14 |             30 |         2.14 |
|  aclk        | u_core/u_rs/rs_is_branch[1]_i_1_n_0                                       | u_core/u_rs/rob_flush_reg_reg_rep__0                   |               15 |             30 |         2.00 |
|  aclk        | u_core/u_rs/rs_is_branch[0]_i_1_n_0                                       | u_core/u_rs/rob_flush_reg_reg_rep__0                   |               20 |             30 |         1.50 |
|  aclk        | u_core/u_rs/rs_is_csr[6]_i_1_n_0                                          | u_core/u_rs/rob_flush_reg_reg_rep__0                   |               12 |             30 |         2.50 |
|  aclk        | slv_reg_ctrl[0]                                                           | axi_awready_reg_i_2_n_0                                |               17 |             32 |         1.88 |
|  aclk        | axi_rvalid_reg03_out                                                      | axi_awready_reg_i_2_n_0                                |               17 |             32 |         1.88 |
|  aclk        | slv_reg_pc_low[0]                                                         | axi_awready_reg_i_2_n_0                                |               15 |             32 |         2.13 |
|  aclk        | slv_reg_pc_high[0]                                                        | axi_awready_reg_i_2_n_0                                |               15 |             32 |         2.13 |
|  aclk        | u_core/u_tensor_engine/tensor_cdb_data0                                   | u_core/u_lsq/RSTM                                      |               14 |             39 |         2.79 |
|  aclk        |                                                                           | u_core/u_l1d_cache/tag_to_write[51]_i_1_n_0            |                9 |             58 |         6.44 |
|  aclk        | u_core/u_l2_cache/req_queue[0][req_addr][63]_i_1_n_0                      |                                                        |               15 |             58 |         3.87 |
|  aclk        | u_core/u_l1i_cache/addr_q[0]                                              | u_core/u_lsq/RSTM                                      |               19 |             58 |         3.05 |
|  aclk        | u_core/u_l2_cache/req_queue[3][req_addr][63]_i_1_n_0                      |                                                        |               15 |             58 |         3.87 |
|  aclk        | u_core/u_l2_cache/dram_req_addr[63]_i_1_n_0                               |                                                        |               17 |             58 |         3.41 |
|  aclk        | u_core/u_l2_cache/req_queue[2][req_addr][63]_i_1_n_0                      |                                                        |               14 |             58 |         4.14 |
|  aclk        | u_core/u_l2_cache/req_queue[1][req_addr][63]_i_1_n_0                      |                                                        |               13 |             58 |         4.46 |
|  aclk        | u_core/u_l1i_cache/mem_req_addr[63]_i_1_n_0                               |                                                        |               30 |             58 |         1.93 |
|  aclk        | u_core/u_tensor_engine/addr_r[63]_i_1_n_0                                 | u_core/u_lsq/RSTM                                      |               24 |             62 |         2.58 |
|  aclk        | u_core/u_rs/issue_uop_reg[1][opcode][2]_2[0]                              | u_core/u_lsq/RSTM                                      |               34 |             64 |         1.88 |
|  aclk        | u_core/u_rs/issue_uop_reg[0][funct3][0]_3[0]                              | u_core/u_lsq/RSTM                                      |               42 |             64 |         1.52 |
|  aclk        | u_core/u_rs/issue_uop_reg[0][funct3][0]_2[0]                              | u_core/u_lsq/RSTM                                      |               47 |             64 |         1.36 |
|  aclk        | u_core/u_rs/issue_uop_reg[0][funct3][0]_1[0]                              | u_core/u_lsq/RSTM                                      |               41 |             64 |         1.56 |
|  aclk        | u_core/u_rs/issue_uop_reg[0][funct3][0]_4[0]                              | u_core/u_lsq/RSTM                                      |               51 |             64 |         1.25 |
|  aclk        | u_core/u_rob/flush_req                                                    | u_core/u_lsq/RSTM                                      |               24 |             64 |         2.67 |
|  aclk        | u_core/u_rob/flush_req_reg_6[0]                                           | u_core/u_lsq/RSTM                                      |               41 |             64 |         1.56 |
|  aclk        |                                                                           | u_core/u_lsq/l1d_req_addr[63]_i_1_n_0                  |               10 |             64 |         6.40 |
|  aclk        | u_core/u_rs/src2_val[0][63]_i_1_n_0                                       | u_core/u_rs/i___24_n_0                                 |               35 |             65 |         1.86 |
|  aclk        | u_core/u_rs/src1_val[6][63]_i_1_n_0                                       | u_core/u_rs/i___18_n_0                                 |               32 |             65 |         2.03 |
|  aclk        | u_core/u_rs/src1_val[5][63]_i_1_n_0                                       | u_core/u_rs/i___19_n_0                                 |               22 |             65 |         2.95 |
|  aclk        | u_core/u_rs/src1_val[2][63]_i_1_n_0                                       | u_core/u_rs/i___22_n_0                                 |               31 |             65 |         2.10 |
|  aclk        | u_core/u_rs/src1_val[1][63]_i_1_n_0                                       | u_core/u_rs/i___23_n_0                                 |               37 |             65 |         1.76 |
|  aclk        | u_core/u_rs/src1_val[0][63]_i_1_n_0                                       | u_core/u_rs/i___24_n_0                                 |               46 |             65 |         1.41 |
|  aclk        | u_core/u_rs/src2_val[5][63]_i_1_n_0                                       | u_core/u_rs/i___19_n_0                                 |               29 |             65 |         2.24 |
|  aclk        | u_core/u_rs/src2_val[1][63]_i_1_n_0                                       | u_core/u_rs/i___23_n_0                                 |               46 |             65 |         1.41 |
|  aclk        | u_core/u_rs/src2_val[2][63]_i_1_n_0                                       | u_core/u_rs/i___22_n_0                                 |               40 |             65 |         1.62 |
|  aclk        | u_core/u_rs/src1_val[7][63]_i_1_n_0                                       | u_core/u_rs/i___17_n_0                                 |               33 |             65 |         1.97 |
|  aclk        | u_core/u_rs/i___155_n_0                                                   | u_core/u_rs/i___21_n_0                                 |               22 |             65 |         2.95 |
|  aclk        | u_core/u_rs/i___37_n_0                                                    | u_core/u_rs/i___20_n_0                                 |               25 |             65 |         2.60 |
|  aclk        | u_core/u_rs/i___38_n_0                                                    | u_core/u_rs/i___20_n_0                                 |               22 |             65 |         2.95 |
|  aclk        | u_core/u_rs/src2_val[7][63]_i_1_n_0                                       | u_core/u_rs/i___17_n_0                                 |               43 |             65 |         1.51 |
|  aclk        | u_core/u_rs/src2_val[6][63]_i_1_n_0                                       | u_core/u_rs/i___18_n_0                                 |               39 |             65 |         1.67 |
|  aclk        | u_core/u_rs/src2_val[3][63]_i_1_n_0                                       | u_core/u_rs/i___21_n_0                                 |               32 |             65 |         2.03 |
|  aclk        | u_core/u_noc_router/E[0]                                                  | u_core/u_lsq/RSTM                                      |               31 |             71 |         2.29 |
|  aclk        | u_core/u_rs/issue_valid_reg[3]_0[0]                                       | u_core/u_lsq/RSTM                                      |               21 |             71 |         3.38 |
|  aclk        | u_core/u_prf/q_data[3][63]_i_1_n_0                                        | u_core/u_lsq/RSTM                                      |               29 |             71 |         2.45 |
|  aclk        | u_core/u_prf/q_valid[0]_i_1_n_0                                           | u_core/u_lsq/RSTM                                      |               39 |             72 |         1.85 |
|  aclk        | u_core/u_prf/q_valid[1]_i_1_n_0                                           | u_core/u_lsq/RSTM                                      |               44 |             72 |         1.64 |
|  aclk        |                                                                           | u_core/u_lsq/l1d_req_data[63]_i_1_n_0                  |               72 |             72 |         1.00 |
|  aclk        | u_core/u_prf/q_valid[2]_i_1_n_0                                           | u_core/u_lsq/RSTM                                      |               60 |             72 |         1.20 |
|  aclk        | u_core/u_l2_cache/tag_data_w1_reg_0_15_0_5_i_1_n_0                        |                                                        |               10 |             74 |         7.40 |
|  aclk        | u_core/u_l2_cache/tag_data_w2_reg_0_15_0_5_i_1_n_0                        |                                                        |               10 |             74 |         7.40 |
|  aclk        | u_core/u_l2_cache/tag_valid_w0[0]                                         |                                                        |               10 |             74 |         7.40 |
|  aclk        | u_core/u_l2_cache/tag_valid_w3[0]                                         |                                                        |               10 |             74 |         7.40 |
|  aclk        | u_core/u_l1d_cache/E[0]                                                   | u_core/u_rs/rob_flush_reg_reg_rep__0                   |               24 |             76 |         3.17 |
|  aclk        | u_core/u_rs/p_320_out                                                     | u_core/u_lsq/RSTM                                      |               28 |             78 |         2.79 |
|  aclk        | u_core/u_ifu/current_pc[63]_i_1_n_0                                       | u_core/u_lsq/RSTM                                      |               37 |             92 |         2.49 |
|  aclk        | u_core/u_rs/pload_we_en_reg_reg_n_0_[2]                                   |                                                        |               13 |            104 |         8.00 |
|  aclk        | u_core/u_decoder/dispatch_uop[3][is_csr]_i_1_n_0                          | u_core/u_lsq/RSTM                                      |              105 |            105 |         1.00 |
|  aclk        | u_core/u_noc_router/gen_port_fifo[4].u_fifo_storage/push_4                |                                                        |               14 |            108 |         7.71 |
|  aclk        | u_core/u_noc_router/gen_port_fifo[3].u_fifo_storage/push_3                |                                                        |               14 |            108 |         7.71 |
|  aclk        | u_core/u_noc_router/gen_port_fifo[2].u_fifo_storage/push_2                |                                                        |               14 |            108 |         7.71 |
|  aclk        | u_core/u_noc_router/gen_port_fifo[1].u_fifo_storage/push_1                |                                                        |               14 |            108 |         7.71 |
|  aclk        | u_core/u_tage/btb[10][pc][63]_i_1_n_0                                     |                                                        |               55 |            128 |         2.33 |
|  aclk        | u_core/u_tage/btb[11][pc][63]_i_1_n_0                                     |                                                        |               47 |            128 |         2.72 |
|  aclk        | u_core/u_tage/btb[12][pc][63]_i_1_n_0                                     |                                                        |               55 |            128 |         2.33 |
|  aclk        | u_core/u_tage/btb[13][pc][63]_i_1_n_0                                     |                                                        |               49 |            128 |         2.61 |
|  aclk        | u_core/u_tage/btb[14][pc][63]_i_1_n_0                                     |                                                        |               53 |            128 |         2.42 |
|  aclk        | u_core/u_tage/btb[29][pc][63]_i_1_n_0                                     |                                                        |               59 |            128 |         2.17 |
|  aclk        | u_core/u_tage/btb[27][pc][63]_i_1_n_0                                     |                                                        |               56 |            128 |         2.29 |
|  aclk        | u_core/u_tage/btb[30][pc][63]_i_1_n_0                                     |                                                        |               74 |            128 |         1.73 |
|  aclk        | u_core/u_tage/btb[19][pc][63]_i_1_n_0                                     |                                                        |               55 |            128 |         2.33 |
|  aclk        | u_core/u_tage/btb[31][pc][63]_i_1_n_0                                     |                                                        |               86 |            128 |         1.49 |
|  aclk        | u_core/u_tage/btb[4][pc][63]_i_1_n_0                                      |                                                        |               55 |            128 |         2.33 |
|  aclk        | u_core/u_tage/btb[7][pc][63]_i_1_n_0                                      |                                                        |               67 |            128 |         1.91 |
|  aclk        | u_core/u_tage/btb[26][pc][63]_i_1_n_0                                     |                                                        |               58 |            128 |         2.21 |
|  aclk        | u_core/u_tage/btb[1][pc][63]_i_1_n_0                                      |                                                        |               50 |            128 |         2.56 |
|  aclk        | u_core/u_tage/btb[8][pc][63]_i_1_n_0                                      |                                                        |               82 |            128 |         1.56 |
|  aclk        | u_core/u_tage/btb[2][pc][63]_i_1_n_0                                      |                                                        |               53 |            128 |         2.42 |
|  aclk        | u_core/u_tage/btb[6][pc][63]_i_1_n_0                                      |                                                        |               59 |            128 |         2.17 |
|  aclk        | u_core/u_tage/btb[3][pc][63]_i_1_n_0                                      |                                                        |               53 |            128 |         2.42 |
|  aclk        | u_core/u_tage/btb[9][pc][63]_i_1_n_0                                      |                                                        |               94 |            128 |         1.36 |
|  aclk        | u_core/u_tage/btb[20][pc][63]_i_1_n_0                                     |                                                        |               56 |            128 |         2.29 |
|  aclk        | u_core/u_tage/btb[23][pc][63]_i_1_n_0                                     |                                                        |               68 |            128 |         1.88 |
|  aclk        | u_core/u_tage/btb[16][pc][63]_i_1_n_0                                     |                                                        |               50 |            128 |         2.56 |
|  aclk        | u_core/u_tage/btb[15][pc][63]_i_1_n_0                                     |                                                        |               52 |            128 |         2.46 |
|  aclk        | u_core/u_tage/btb[17][pc][63]_i_1_n_0                                     |                                                        |               54 |            128 |         2.37 |
|  aclk        | u_core/u_tage/btb[25][pc][63]_i_1_n_0                                     |                                                        |               59 |            128 |         2.17 |
|  aclk        | u_core/u_tage/btb[28][pc][63]_i_1_n_0                                     |                                                        |               58 |            128 |         2.21 |
|  aclk        | u_core/u_tage/btb[24][pc][63]_i_1_n_0                                     |                                                        |               57 |            128 |         2.25 |
|  aclk        | u_core/u_tage/btb[18][pc][63]_i_1_n_0                                     |                                                        |               49 |            128 |         2.61 |
|  aclk        | u_core/u_tage/btb[0][pc][63]_i_1_n_0                                      |                                                        |               56 |            128 |         2.29 |
|  aclk        | u_core/u_tage/btb[21][pc][63]_i_1_n_0                                     |                                                        |               50 |            128 |         2.56 |
|  aclk        | u_core/u_tage/btb[22][pc][63]_i_1_n_0                                     |                                                        |               54 |            128 |         2.37 |
|  aclk        | u_core/u_tage/btb[5][pc][63]_i_1_n_0                                      |                                                        |               53 |            128 |         2.42 |
|  aclk        | u_core/u_l1d_cache/wmask_q[0]                                             | u_core/u_lsq/RSTM                                      |               33 |            133 |         4.03 |
|  aclk        | u_core/u_agu/agu_valid_out_reg_9[0]                                       | u_core/u_lsq/RSTM                                      |               39 |            136 |         3.49 |
|  aclk        | u_core/u_agu/agu_valid_out_reg_5[0]                                       | u_core/u_lsq/RSTM                                      |               34 |            136 |         4.00 |
|  aclk        | u_core/u_agu/agu_valid_out_reg_16[0]                                      | u_core/u_lsq/RSTM                                      |               32 |            136 |         4.25 |
|  aclk        | u_core/u_agu/agu_valid_out_reg_11[0]                                      | u_core/u_lsq/RSTM                                      |               36 |            136 |         3.78 |
|  aclk        | u_core/u_agu/agu_valid_out_reg_13[0]                                      | u_core/u_lsq/RSTM                                      |               34 |            136 |         4.00 |
|  aclk        | u_core/u_agu/agu_valid_out_reg_10[0]                                      | u_core/u_lsq/RSTM                                      |               43 |            136 |         3.16 |
|  aclk        | u_core/u_agu/agu_valid_out_reg_1[0]                                       | u_core/u_lsq/RSTM                                      |               30 |            136 |         4.53 |
|  aclk        | u_core/u_agu/agu_valid_out_reg_14[0]                                      | u_core/u_lsq/RSTM                                      |               31 |            136 |         4.39 |
|  aclk        | u_core/u_agu/agu_valid_out_reg_15[0]                                      | u_core/u_lsq/RSTM                                      |               29 |            136 |         4.69 |
|  aclk        | u_core/u_agu/agu_valid_out_reg_12[0]                                      | u_core/u_lsq/RSTM                                      |               40 |            136 |         3.40 |
|  aclk        | u_core/u_agu/agu_valid_out_reg_2[0]                                       | u_core/u_lsq/RSTM                                      |               35 |            136 |         3.89 |
|  aclk        | u_core/u_agu/agu_valid_out_reg_7[0]                                       | u_core/u_lsq/RSTM                                      |               35 |            136 |         3.89 |
|  aclk        | u_core/u_agu/agu_valid_out_reg_8[0]                                       | u_core/u_lsq/RSTM                                      |               40 |            136 |         3.40 |
|  aclk        | u_core/u_agu/agu_valid_out_reg_4[0]                                       | u_core/u_lsq/RSTM                                      |               39 |            136 |         3.49 |
|  aclk        | u_core/u_agu/agu_valid_out_reg_3[0]                                       | u_core/u_lsq/RSTM                                      |               31 |            136 |         4.39 |
|  aclk        | u_core/u_agu/agu_valid_out_reg_6[0]                                       | u_core/u_lsq/RSTM                                      |               38 |            136 |         3.58 |
|  aclk        | u_core/u_rs/issue_valid_reg[2]_1[0]                                       | u_core/u_lsq/RSTM                                      |               38 |            137 |         3.61 |
|  aclk        | u_core/u_rs/p_322_out                                                     | u_core/u_lsq/RSTM                                      |               63 |            142 |         2.25 |
|  aclk        | u_core/u_rs/p_324_out                                                     | u_core/u_lsq/RSTM                                      |               71 |            144 |         2.03 |
|  aclk        | u_core/u_decoder/dispatch_uop[2][is_csr]_i_1_n_0                          | u_core/u_lsq/RSTM                                      |              158 |            158 |         1.00 |
|  aclk        | u_core/u_decoder/dispatch_uop[1][is_csr]_i_1_n_0                          | u_core/u_lsq/RSTM                                      |              158 |            160 |         1.01 |
|  aclk        | u_core/u_decoder/dispatch_uop9_out                                        | u_core/u_lsq/RSTM                                      |              161 |            161 |         1.00 |
|  aclk        | u_core/u_lsq/p_0_in                                                       |                                                        |               23 |            184 |         8.00 |
|  aclk        | rst_sync_2_reg_rep_n_0                                                    |                                                        |               79 |            189 |         2.39 |
|  aclk        | rst_n_g                                                                   |                                                        |               90 |            190 |         2.11 |
|  aclk        | u_core/u_rs/pload_we_en_reg_reg_n_0_[1]                                   |                                                        |               24 |            192 |         8.00 |
|  aclk        | u_core/u_rs/we                                                            |                                                        |               24 |            192 |         8.00 |
|  aclk        | u_core/u_decoder/E[0]                                                     | u_core/u_lsq/RSTM                                      |              113 |            246 |         2.18 |
|  aclk        | u_core/u_alu/E[0]                                                         |                                                        |              166 |            274 |         1.65 |
|  aclk        | u_core/u_rob/E[0]                                                         | u_core/u_lsq/RSTM                                      |              199 |            304 |         1.53 |
|  aclk        | u_core/u_tensor_engine/weight_buf[4][127]_i_1_n_0                         | u_core/u_lsq/RSTM                                      |              105 |            512 |         4.88 |
|  aclk        | u_core/u_l2_cache/dram_req_data[1023]_i_1_n_0                             |                                                        |              427 |            512 |         1.20 |
|  aclk        | u_core/u_tensor_engine/act_buf[0][127]_i_1_n_0                            | u_core/u_lsq/RSTM                                      |               92 |            512 |         5.57 |
|  aclk        | u_core/u_tensor_engine/act_buf[4][127]_i_1_n_0                            | u_core/u_lsq/RSTM                                      |               98 |            512 |         5.22 |
|  aclk        | u_core/u_l1d_cache/fill_data_q[511]_i_1_n_0                               | u_core/u_lsq/RSTM                                      |              182 |            512 |         2.81 |
|  aclk        | u_core/u_tensor_engine/weight_buf[0][127]_i_1_n_0                         | u_core/u_lsq/RSTM                                      |              117 |            512 |         4.38 |
|  aclk        | u_core/u_l2_cache/l1i_resp_data[511]_i_1_n_0                              |                                                        |              199 |            512 |         2.57 |
|  aclk        | u_core/u_l2_cache/l1d_resp_data[511]_i_1_n_0                              |                                                        |              172 |            512 |         2.98 |
|  aclk        | u_core/u_l2_cache/fill_resp_data[511]_i_1_n_0                             | u_core/u_lsq/RSTM                                      |              101 |            512 |         5.07 |
|  aclk        | u_core/u_l1i_cache/cpu_resp_data[511]_i_1_n_0                             |                                                        |              148 |            512 |         3.46 |
|  aclk        | u_core/u_l2_cache/req_queue[0][req_addr][63]_i_1_n_0                      | u_core/u_l2_cache/req_queue[0][req_wdata][511]_i_1_n_0 |              112 |            513 |         4.58 |
|  aclk        | u_core/u_l2_cache/req_queue[1][req_addr][63]_i_1_n_0                      | u_core/u_l2_cache/req_queue[1][req_wdata][511]_i_1_n_0 |              118 |            513 |         4.35 |
|  aclk        | u_core/u_l2_cache/req_queue[3][req_addr][63]_i_1_n_0                      | u_core/u_l2_cache/req_queue[3][req_wdata][511]_i_1_n_0 |              115 |            513 |         4.46 |
|  aclk        | u_core/u_l2_cache/req_queue[2][req_addr][63]_i_1_n_0                      | u_core/u_l2_cache/req_queue[2][req_wdata][511]_i_1_n_0 |              114 |            513 |         4.50 |
|  aclk        | u_core/u_l2_cache/bram_windex[3]_i_1_n_0                                  | u_core/u_lsq/RSTM                                      |              153 |            518 |         3.39 |
|  aclk        | u_core/u_l1d_cache/writeback_tag[0]                                       | u_core/u_lsq/RSTM                                      |              172 |            564 |         3.28 |
|  aclk        | u_core/u_l2_cache/pending_data[0]                                         | u_core/u_lsq/RSTM                                      |              120 |            570 |         4.75 |
|  aclk        | u_core/u_l1i_cache/E[0]                                                   | u_core/u_lsq/RSTM                                      |              268 |            577 |         2.15 |
|  aclk        | u_core/u_prf/gen_read_port_bank[6].reg_file_bank_reg_0_63_0_2_i_1_n_0     |                                                        |              151 |            602 |         3.99 |
|  aclk        | u_core/gen_read_port_bank[6].reg_file_bank_reg_64_127_0_2_i_1_n_0         |                                                        |              152 |            602 |         3.96 |
|  aclk        | u_core/u_l1i_cache/tag_wdata[48]_i_1_n_0                                  |                                                        |              139 |            602 |         4.33 |
|  aclk        | u_core/u_l2_cache/req_head0                                               | u_core/u_lsq/RSTM                                      |              195 |            623 |         3.19 |
|  aclk        | u_core/u_l2_cache/data_array_w1_reg_0_15_0_5_i_1_n_0                      |                                                        |               86 |            684 |         7.95 |
|  aclk        | u_core/u_l2_cache/data_array_w0_reg_0_15_0_5_i_1_n_0                      |                                                        |               86 |            684 |         7.95 |
|  aclk        | u_core/u_l2_cache/data_array_w2_reg_0_15_0_5_i_1_n_0                      |                                                        |               86 |            684 |         7.95 |
|  aclk        | u_core/u_l2_cache/data_array_w3_reg_0_15_0_5_i_1_n_0                      |                                                        |               86 |            684 |         7.95 |
|  aclk        | u_core/u_decoder/gen_diq_bank[15].u_bank/bank_wr_en[0]                    |                                                        |              108 |            816 |         7.56 |
|  aclk        | u_core/u_decoder/gen_diq_bank[15].u_bank/out_packet_reg[valid_mask][15]   |                                                        |              120 |            912 |         7.60 |
|  aclk        | u_core/u_ifu/out_packet_reg[valid_mask][15]_0[0]                          |                                                        |              116 |            928 |         8.00 |
|  aclk        | u_core/u_decoder/gen_diq_bank[15].u_bank/out_packet_reg[valid_mask][15]_0 |                                                        |              132 |           1056 |         8.00 |
|  aclk        | u_core/u_dram_flow_gate/p_0_in                                            |                                                        |              181 |           1448 |         8.00 |
|  aclk        |                                                                           | u_core/u_rs/rob_flush_reg_reg_rep__0                   |              598 |           1541 |         2.58 |
|  aclk        |                                                                           | u_core/u_lsq/RSTM                                      |              771 |           1881 |         2.44 |
|  aclk        | u_core/u_tensor_engine/tensor_array_enable                                | u_core/u_lsq/RSTM                                      |              849 |           2306 |         2.72 |
|  aclk        |                                                                           |                                                        |             1525 |           6164 |         4.04 |
+--------------+---------------------------------------------------------------------------+--------------------------------------------------------+------------------+----------------+--------------+


